Batch ID,Machine ID,Fabric type,Operator,Shift,Production quantity,Production speed,Waste quantity,Machine age,Last maintenance date,Humidity,Temperature
B-00001,M-02,Cotton,Op-09,Morning,1061.8101782710437,290.14286128198324,17.243564560610007,11.247915185359671,2026-05-05,59.93292420985183,23.12037280884873
B-00002,M-02,Polyester,Op-08,Night,587.1254182522991,273.235229154987,6.354681375440395,9.415610164404923,2025-10-23,,34.161451555920905
B-00003,M-01,Polyester,Op-14,Evening,1954.8647782429914,266.48852816008434,43.338745575039795,3.972747549495866,2026-04-07,39.09124836035503,23.668090197068675
B-00004,M-10,Silk,Op-02,Night,1287.1346474483566,186.38900372842315,27.91252644233565,5.077207962772587,2026-01-04,60.59264473611897,22.789877213040835
B-00005,M-06,Wool,Op-07,Night,1049.5427649405376,191.2139968434072,32.083869022216035,11.99246345950219,2026-07-23,,23.993475643167194
B-00006,M-05,Denim,Op-12,Morning,1388.6218532930639,109.29008254399955,66.59194626507897,9.505627926620138,2026-02-19,38.526206184364575,21.30103185970559
B-00007,M-09,Polyester,Op-06,Evening,1948.448049611839,261.6794696232922,53.789051214466916,5.26459276842719,2026-02-14,34.883605700319194,33.684660530243136
B-00008,M-01,Polyester,Op-02,Evening,683.0573522671682,199.03538202225405,24.932202217424756,1.4814392956130575,2026-02-03,75.4660201039391,25.17559963200034
B-00009,M-07,Denim,Op-05,Evening,967.5666141341164,204.01360423556216,39.67537179749044,8.653943910805914,2026-06-17,39.24272277627635,39.39169255529117
B-00010,M-04,Polyester,Op-17,Evening,1909.2484123462837,278.9654700855298,34.05968288029616,9.370599703355191,2026-07-12,76.09371175115584,21.76985004103839
B-00011,M-07,Denim,Op-20,Evening,567.8409333658071,165.06606615265287,13.78157501409985,6.441482055652748,2025-11-30,43.567451588694794,36.57475018303859
B-00012,M-05,Silk,Op-04,Evening,921.4017645310712,208.5392166316497,244.9424186416352,2.972939149646677,2026-01-17,70.10984903770199,21.491012873595416
B-00013,M-09,Cotton,Op-10,Night,798.0735223012587,101.10442342472048,32.60195291205921,12.416459998367678,2025-12-11,65.34286719238085,34.58014336081975
B-00014,M-01,Wool,Op-11,Evening,611.0669776011356,171.6931457088545,14.198704013647108,2.622166833351816,2026-08-18,73.15517129377967,32.46596253655116
B-00015,M-10,Cotton,Op-03,Night,595.3375254290354,162.19646434313245,27.081016802070277,5.552566508374459,2025-12-22,66.4803089169032,32.75114942710427
B-00016,M-03,Silk,Op-17,Night,1208.322387742924,123.91884918766034,49.3463000275942,10.98542702112193,2026-01-23,68.03925243084487,31.225543951389923
B-00017,M-06,Denim,Op-17,Evening,0.0,204.5465658763988,0.0,6.985574257019695,2026-06-27,31.27095633720476,22.157828539866088
B-00018,M-01,Polyester,Op-03,Morning,1454.6156168956704,162.87119621526534,38.42413251915354,8.119989676305838,2026-03-11,75.37832369630465,24.9858445829775
B-00019,M-10,Wool,Op-16,Morning,1633.326707814573,145.75963309832449,77.07326730869102,2.077718737603102,2025-12-28,44.4875726456884,23.22442574508009
B-00020,M-01,Cotton,Op-02,Evening,1712.1805693466254,226.68075130208467,78.2506926618672,13.200448262628047,2025-08-20,70.18360384495573,23.731401177720716
B-00021,M-05,Denim,Op-08,Morning,1309.0133628734761,261.4880310328125,25.02494057418034,13.545278198928905,2026-01-13,45.90017374859319,22.201038490553536
B-00022,M-02,Polyester,Op-06,Evening,1140.6616829393845,566.632343141219,255.47750291367413,13.050228165588809,2025-12-22,30.347606526559535,30.214946051551316
B-00023,M-08,Silk,Op-14,Night,1006.4227571054419,288.5819407825038,24.702831850723403,5.524841048290574,2025-08-18,55.939531087168305,34.060379177903556
B-00024,M-10,Wool,Op-02,Night,1957.673124081441,292.48945898842226,41.881714460527974,4.524952141555098,2026-03-20,54.86242529461927,26.017566196335395
B-00025,M-02,Polyester,Op-03,Night,555.3304210317992,221.91286679597937,25.728811284825273,8.03750632520406,2026-07-24,32.57393756249947,25.57292928473223
B-00026,M-10,Cotton,Op-14,Night,859.3428360004586,128.9789744182446,31.69722305938412,7.852338643885882,2025-11-02,79.28252270553003,24.84110543023001
B-00027,M-03,Silk,Op-15,Evening,1642.4294229930763,147.52750879847994,378.3602292318419,11.195028880566035,2025-08-08,48.389156635962664,32.64611661187159
B-00028,M-09,Silk,Op-05,Evening,635.4346550816124,267.0604991178476,21.37330069261529,5.490920909604302,2026-07-23,39.32592551999271,20.81550283109528
B-00029,M-09,Cotton,Op-18,Evening,1516.3465427634237,103.31756578557123,25.739462699463143,8.169302816189933,2025-09-22,41.3247887598969,32.903455808188994
B-00030,M-05,Wool,Op-07,Night,1536.4066071536988,177.34706926010747,22.33772478237845,14.114219842314283,2026-03-05,36.87604720729966,26.82132702100517
B-00031,M-02,Denim,Op-09,Morning,1887.040427417844,275.4678706761962,60.77785934711377,4.6111827880121785,2026-08-26,62.999202301708955,36.34444400402432
B-00032,M-09,Cotton,Op-04,Morning,1294.4758675340097,148.37045818009034,45.726141000974465,2.3034387492825887,2025-09-08,74.86078789766634,38.00836114326661
B-00033,M-05,Silk,Op-02,Evening,1008.544686573051,169.84191492253217,41.54702038424908,11.163379504183352,2026-05-12,74.85551299762886,37.741728485302346
B-00034,M-03,Polyester,Op-06,Morning,1463.0474692314315,116.82799299900977,50.11985473244871,3.2628019973245928,2026-01-28,,37.97108377054158
B-00035,M-04,Silk,Op-06,Night,513.7955774249444,120.29430857320642,130.3932405061512,10.289024767512782,2026-07-03,30.253079192310935,23.216161028349973
B-00036,M-04,Polyester,Op-01,Night,1477.9418892539009,144.85386189211195,58.91025559621628,10.970509098865502,2026-05-21,41.862454374840006,26.507993963185356
B-00037,M-09,Silk,Op-01,Morning,1474.449348570822,269.8446820988356,36.43162653691536,10.206580492204807,2026-04-16,58.41543016677358,21.87349535656185
B-00038,M-06,Denim,Op-20,Night,897.8035515225881,738.4433910624946,269.8145837678839,14.622147766534239,2026-06-29,49.65488623333802,37.84093110354227
B-00039,M-09,Polyester,Op-12,Evening,1365.3558269395387,198.50353876377278,14.981556127589457,3.7334018291726228,2026-07-23,66.12260576307526,25.615447248817116
B-00040,M-09,Silk,Op-14,Evening,1468.2084438607517,135.4221358814098,36.420889609950095,14.1664201809408,2026-02-02,77.69642885012937,38.29728780440897
B-00041,M-03,Wool,Op-19,Evening,523.1849247933011,285.66371251754504,101.58542193692972,6.994578076442401,2026-02-01,78.33274095218349,39.272399541785056
B-00042,M-08,Denim,Op-15,Night,1077.6465929028877,270.2273343033714,51.1302260411944,5.4369080721878875,2026-05-10,38.474637334304624,31.136025249167005
B-00043,M-10,Silk,Op-03,Morning,1544.0446950124594,214.012234017873,24.092286173404574,2.3604709127907597,2025-09-17,60.750361334958484,39.801077002085265
B-00044,M-02,Denim,Op-14,Night,0.0,275.47461438559105,0.0,11.370760648558862,2025-11-06,64.8507870497634,34.049681679742186
B-00045,M-02,Denim,Op-08,Morning,940.3877663967401,261.8722310957027,28.63828311711893,12.34158752550853,2025-09-05,73.35361592900519,38.26481105112943
B-00046,M-09,Wool,Op-20,Evening,1252.2744420307995,259.65903579335503,57.10398213346895,10.099495030888711,2025-08-06,65.09834386288517,35.91585338872202
B-00047,M-03,Denim,Op-15,Evening,1006.9927352773037,175.11659052798882,28.82408022552895,2.315747157772166,2025-08-08,58.9140070498087,20.71884547593484
B-00048,M-02,Silk,Op-08,Evening,1313.966952061365,157.30825042565687,56.3744675787713,9.27166564796615,2026-03-09,31.52501249695247,20.746963774984287
B-00049,M-02,Denim,Op-14,Evening,1040.2859621168943,125.41210253037696,36.32222833840169,8.311405640767262,2025-11-23,68.49967765493054,24.316420549936865
B-00050,M-01,Wool,Op-13,Evening,628.021197490652,110.33634423372155,24.520241930590142,8.438964841954071,2026-08-24,57.031756080505325,32.74859802996413
B-00051,M-09,Wool,Op-08,Evening,1963.778119193802,203.26006966023908,54.11948002926383,5.521390621177444,2026-05-07,69.75930973843518,25.416645025241486
B-00052,M-08,Polyester,Op-20,Night,617.6845720133989,105.0701486830915,16.281002697899893,14.47707780549095,2026-08-14,71.79900602561028,33.919484121873964
B-00053,M-03,Cotton,Op-09,Evening,759.9414801062687,131.2874085342172,27.66786966606863,4.503400574304335,2026-03-13,57.46133323530603,34.29191845400125
B-00054,M-05,Cotton,Op-16,Morning,919.9008454189143,290.9730561326388,24.63862654079527,11.33055683374076,2025-08-09,57.717702625570034,32.234414924687044
B-00055,M-01,Polyester,Op-07,Morning,871.5964842517362,171.1945357302523,10.319794484615398,11.609845546501168,2025-10-13,30.719674431487793,22.321452810138325
B-00056,M-06,Polyester,Op-20,Night,561.0932034784552,271.0921168022014,16.644625084791258,10.851210031320331,2025-08-10,53.70869145436626,21.95668321302003
B-00057,M-10,Denim,Op-13,Night,1210.2076561708486,134.64037398200304,42.84588450832923,7.073923089331623,2026-05-18,49.92523671986867,32.317001961044326
B-00058,M-10,Cotton,Op-19,Morning,567.9560146580668,548.880328124429,121.60719183820537,9.76203881999931,2026-03-03,55.15681292900439,37.12979682376644
B-00059,M-08,Cotton,Op-14,Evening,1463.6289173094733,105.30226210832436,37.36175832612473,9.200858137828487,2025-10-06,77.01151207124788,31.50948355751758
B-00060,M-10,Wool,Op-16,Evening,1464.9323276635298,191.65057809830333,70.97248847626679,8.638635050423089,2026-01-16,77.07324043882626,27.722052756015486
B-00061,M-08,Polyester,Op-15,Night,1858.0259629340956,139.15822695785928,25.599358553376188,1.9710582122523164,2025-10-19,35.038900068871335,20.364436513030995
B-00062,M-05,Silk,Op-09,Night,1524.5101601245353,114.2377296920458,64.91172067356719,5.4656588241126585,2025-09-02,72.24376554847274,20.465438714716516
B-00063,M-09,Polyester,Op-16,Night,922.7821621600999,123.63296552433125,36.36023950730625,10.75432031509811,2025-08-28,61.4471423389942,37.549440270541055
B-00064,M-10,Silk,Op-16,Night,1705.221395577273,156.4069145142613,84.61343637852686,3.4841536129161197,2025-11-29,67.53073758204292,36.136694785345284
B-00065,M-04,Cotton,Op-07,Evening,1118.9265153671397,174.40361715855664,49.60929672032814,11.869781450387956,2026-06-27,47.040177012650894,38.61514651207129
B-00066,M-10,Wool,Op-20,Evening,1143.4910410625275,250.17421355829947,34.544972865413754,11.563600237185552,2026-07-07,35.15619344179663,38.05105813359133
B-00067,M-01,Cotton,Op-18,Evening,1739.6861991616124,527.3860030358401,459.03834553635,13.537325198946807,2025-09-04,49.46008393670816,20.216753029605968
B-00068,M-08,Denim,Op-11,Morning,1925.0929505762074,290.1214293875112,41.82924909092022,9.028130433726005,2026-08-01,61.59186060848997,28.968910439566393
B-00069,M-01,Polyester,Op-05,Night,992.996818054874,234.50369121540768,13.55266298513012,11.53324341212752,2026-03-25,69.57895218629243,35.79236285589108
B-00070,M-09,Denim,Op-15,Evening,1241.6304570538723,111.51175200332885,29.844575267422837,8.693404352532298,2026-03-28,52.07652506866885,37.754083655166
B-00071,M-04,Polyester,Op-09,Night,85.048456572956,128.59833641056719,35.25705890655897,11.661148844044611,2026-07-17,60.91090316581305,22.022453522455805
B-00072,M-05,Cotton,Op-08,Evening,1732.7900889355344,241.24844543129925,43.269209907924186,2.1388829289865967,2025-08-31,34.241885704259595,39.73279157002351
B-00073,M-10,Polyester,Op-14,Morning,1055.9632206003364,262.5599134515005,26.452283554762307,14.261480083374021,2025-11-22,79.30005319114355,35.067563705178834
B-00074,M-10,Wool,Op-10,Evening,625.2510750480031,255.42938318548735,9.033564564662129,8.817659496301271,2026-06-25,51.21110046234881,38.12708770189472
B-00075,M-10,Cotton,Op-14,Night,1238.9376564362888,102.27072895348381,306.49031200113893,7.561248987917768,2026-03-15,32.815163784091865,22.376358325361437
B-00076,M-01,Silk,Op-19,Morning,1619.067318898135,216.67375301943193,72.44349165598004,14.470415678643587,2025-08-02,48.7435289761852,25.714241725637216
B-00077,M-08,Cotton,Op-16,Evening,835.3937577791789,292.64450788812223,38.132153356642576,1.1701626456574288,2026-01-30,78.49394133538195,20.863198239011524
B-00078,M-07,Wool,Op-02,Evening,1291.5516636294496,298.5929592238601,39.93983227145188,2.033151906295584,2026-07-13,57.69271422006604,39.38605071238198
B-00079,M-09,Denim,Op-14,Morning,1444.0979572028937,239.14973779692343,66.49539725471138,7.363574906748825,2026-05-23,61.377904004203174,31.686286238462003
B-00080,M-03,Silk,Op-15,Night,568.1695705121869,156.19263791844605,19.7753145752621,14.305760777071821,2025-12-22,74.51318919454582,29.11313505571426
B-00081,M-09,Denim,Op-03,Morning,916.071774471699,137.62423194475227,12.00913801761407,7.491777669159751,2026-06-30,47.667611401302636,31.67312223701744
B-00082,M-05,Denim,Op-16,Evening,1961.5922114992497,297.24214889592054,83.46928101155366,10.774263996276431,2026-04-25,56.80481831720602,26.190552325726557
B-00083,M-02,Silk,Op-14,Evening,1527.096758830819,132.52338786897826,369.57616745429027,13.752980582913795,2025-12-11,71.12686214615846,38.99599826583848
B-00084,M-03,Denim,Op-18,Evening,1127.3645544359283,286.5456966708026,28.25010377883616,13.124894453005718,2026-03-04,32.26093350530947,20.52733948994504
B-00085,M-04,Wool,Op-13,Morning,1715.8299961727494,297.45522586298887,83.7266286613325,3.1058364754493946,2025-07-26,59.70653576760675,27.61781713262043
B-00086,M-03,Denim,Op-02,Morning,1763.178384703563,267.66574094222756,21.607786131909343,7.561704237129584,2025-12-13,50.74097511688326,25.468141438614126
B-00087,M-01,Polyester,Op-14,Night,1797.0835643825799,262.5802018260155,73.24822144534335,14.996047426005829,2026-06-09,79.83184185369527,31.10863411205255
B-00088,M-06,Wool,Op-13,Evening,1917.148594823642,269.9294781354823,92.3337894002009,4.462873424404767,2025-10-11,52.52720676550467,22.5831883030299
B-00089,M-05,Polyester,Op-03,Evening,1409.2619516763202,145.72856110069256,20.49391527719972,10.403809581681994,2026-07-08,60.90641202289479,27.163254360656808
B-00090,M-06,Cotton,Op-10,Evening,1507.3597933891992,204.06154018075864,48.35048507249978,11.81245748429895,2026-02-17,56.008175055599665,37.043630006370805
B-00091,M-10,Denim,Op-20,Night,1341.4069573030793,275.33072053166904,53.93192431220466,6.648760126973558,2026-04-26,36.70076142253204,20.57565352626678
B-00092,M-08,Silk,Op-18,Morning,1430.464327030197,240.81595361984472,34.364763125239506,3.9814982611247505,2026-07-21,36.818573779338486,20.29089331335764
B-00093,M-05,Polyester,Op-13,Evening,1384.8765302819497,178.44880901994645,42.321244516780716,7.124648908332206,2026-07-04,75.20793472468742,26.965109340466007
B-00094,M-07,Silk,Op-01,Night,1675.4795191117146,179.30855646425402,26.611539395159962,9.709213803190229,2025-09-10,73.11818543733726,38.990412473152844
B-00095,M-04,Wool,Op-12,Morning,1889.8814377422416,198.42325861590763,56.13840604674591,4.615421436185417,2025-10-06,52.95678781191307,39.60065150570954
B-00096,M-02,Cotton,Op-10,Evening,993.1274154312623,226.68017086334515,15.01790747834703,4.362038662894703,2026-08-10,33.7931664054332,22.577594438212984
B-00097,M-03,Wool,Op-12,Night,727.8540402684415,127.76543452988203,33.387783099324494,9.972246427245004,2025-12-14,39.09400421995724,26.913345666477262
B-00098,M-06,Cotton,Op-15,Morning,1210.9424603943085,233.51154770420544,20.29225024088207,3.4124781968228177,2026-06-16,39.61445094043354,20.81737232532958
B-00099,M-09,Silk,Op-03,Evening,917.8855085479379,135.40209685534936,16.754484287458897,2.241835472598779,2026-08-20,36.03179355503004,29.215575360654515
B-00100,M-06,Cotton,Op-08,Evening,1046.404791572113,200.68345417097137,36.74556696345241,10.665527600811114,2026-08-15,31.965606992054948,35.98820797818085
B-00101,M-08,Silk,Op-14,Morning,622.6385479233079,274.7157248213555,168.6915813161358,13.892213607445385,2026-06-17,,21.221559197097275
B-00102,M-07,Denim,Op-12,Night,1622.3895355754876,136.90420387127546,56.34589822176952,3.9308905267139442,2025-08-12,48.5236051395691,29.690459703820427
B-00103,M-08,Wool,Op-14,Evening,1053.3704593546586,192.50694322662957,40.59055983209325,11.464593133872592,2026-08-11,31.834160144529896,25.048738886880415
B-00104,M-06,Wool,Op-12,Morning,1842.810256530799,202.33548842313323,57.68860502245656,8.449588793714419,2026-02-05,35.358600566988805,28.948247336469095
B-00105,M-10,Cotton,Op-02,Evening,863.7057554520945,153.8486461898762,15.94221197939256,6.281978283464717,2026-04-25,31.00355988888632,26.441583311663564
B-00106,M-04,Silk,Op-05,Night,991.2460282668719,123.95242636385024,41.2029745183476,13.46738193035853,2026-08-26,59.67962267770243,33.58204638288979
B-00107,M-01,Polyester,Op-01,Evening,1247.663298393586,117.38405761748474,211.02608396843272,8.519491585459669,2026-04-28,59.342055901043956,34.908789483686604
B-00108,M-02,Denim,Op-15,Evening,925.6638586980866,172.61645927972702,45.78389906146937,10.042841378642418,2025-12-08,58.53891523344559,27.121934517956923
B-00109,M-09,Silk,Op-15,Night,1408.6622290353307,147.4453583471989,23.140453547163855,2.4249546166856524,2026-08-12,37.642956959216605,24.919154567690164
B-00110,M-02,Cotton,Op-11,Night,779.8505360769586,157.01903373876942,24.16012489416293,3.4272303341265675,2026-06-13,74.83827123132126,21.604674913232845
B-00111,M-09,Silk,Op-15,Night,1115.5952404844923,296.4757233817213,49.77817761495439,2.568544630352733,2025-10-22,49.892779952287086,39.389408665507375
B-00112,M-04,Denim,Op-15,Morning,1725.60810642392,151.58056540898798,55.68626352587403,3.3924262234609213,2026-01-28,63.43216099622155,38.587519782551716
B-00113,M-06,Polyester,Op-16,Morning,1357.4190342048498,155.99581873205682,36.67401112693839,11.772901064687117,2026-07-12,39.35218742787617,26.473584728084873
B-00114,M-10,Wool,Op-18,Evening,1261.4155680266826,148.48194648301603,41.94147332965176,2.6077155463488495,2025-09-18,60.53100212208163,25.772611064805115
B-00115,M-05,Wool,Op-10,Evening,731.5440729113035,196.2280203709635,11.248651138192807,8.456252055722203,2026-07-05,32.591176841121346,26.732085563878414
B-00116,M-06,Cotton,Op-09,Night,595.0624557091517,297.99204647798905,22.172091895453246,5.512953829646122,2026-05-04,70.49372229273175,25.092813095275275
B-00117,M-01,Wool,Op-09,Morning,1640.34178983453,219.12774812156886,77.3932379054988,7.602066639702217,2026-05-27,50.592045707363425,26.977365330859904
B-00118,M-07,Cotton,Op-05,Night,1745.9291116815937,293.00538213330253,30.116094565533636,2.7401611287976264,2025-10-07,66.54337376018222,38.76680913642076
B-00119,M-05,Silk,Op-19,Night,599.7444010501663,248.22412985801182,25.07572871554909,9.042623584518767,2026-07-15,72.0914388379136,22.79544753252579
B-00120,M-07,Denim,Op-20,Evening,802.4409800716169,132.7311885731409,24.81357508444852,3.299721171033901,2026-01-27,70.72873601156911,33.303944413924
B-00121,M-08,Wool,Op-10,Morning,7313.398928348032,275.44010816262164,130.1377874164142,6.494231503916895,2026-05-07,70.82997197357886,28.78269817140437
B-00122,M-05,Silk,Op-11,Morning,1621.4140702643767,200.54407801849584,51.46711098035095,4.250977732055443,2026-08-24,74.97872866372842,27.67782442746423
B-00123,M-06,Cotton,Op-13,Night,1859.7081664468203,224.84759918279843,43.5101499271352,2.6365725699170968,2026-08-06,76.99160618067376,32.55416106142836
B-00124,M-07,Silk,Op-04,Evening,708.9081089950809,258.8050378540592,29.45079940066987,9.68101858299919,2026-08-17,56.67305459881608,37.87785166101915
B-00125,M-07,Cotton,Op-08,Evening,727.5123195991267,162.34441355910965,23.85919385824514,4.47884795740252,2025-10-30,67.19731462863385,20.670648694715588
B-00126,M-02,Wool,Op-04,Night,1643.6880286110359,275.35312735234993,72.08902023468652,5.789144482022705,2025-12-09,71.06286523360063,22.212634739104146
B-00127,M-02,Polyester,Op-09,Morning,691.2329934979737,179.45745811207345,26.882122131457304,12.162135120913751,2026-05-31,37.49587136743869,24.58502790465283
B-00128,M-10,Wool,Op-15,Night,1580.0548048191115,228.22952657705946,37.649292669894486,10.7152782225394,2025-11-11,57.13622216737981,25.035981178139053
B-00129,M-08,Denim,Op-10,Evening,772.3965752021385,281.6901122667257,36.9911020425098,9.167485126725687,2025-10-29,50.042570838181994,29.240116072882653
B-00130,M-02,Cotton,Op-20,Night,730.0271046741203,217.24596640335943,32.767234733284205,8.082441504382523,2025-12-11,60.572711771732386,20.36220367641681
B-00131,M-10,Polyester,Op-11,Night,1898.1774237254185,213.02663671784177,30.563620937115537,10.753111534276492,2025-12-27,76.12496905886479,34.14477268626797
B-00132,M-02,Wool,Op-06,Morning,1364.4325402502197,221.3430092765712,64.15935729214264,6.937829398233404,2026-04-23,66.82221178123615,38.687340295380295
B-00133,M-07,Denim,Op-11,Night,1176.2590571061983,122.64760916815105,55.08853475471826,14.787776785472683,2025-10-25,71.94490432229671,22.493253624065336
B-00134,M-05,Wool,Op-05,Evening,1804.8445430931924,203.76761142521443,42.2476019287117,9.277856100429009,2026-07-17,49.95013519350651,21.095232776440625
B-00135,M-10,Cotton,Op-10,Night,1704.280172897017,100.92640460092058,79.75046928817945,5.6689884036760185,2026-02-16,49.90843467954717,30.74791205875846
B-00136,M-09,Cotton,Op-14,Night,1019.5189915489419,169.39064037924555,19.35474521872138,11.325017473536477,2026-02-23,,29.044358817796144
B-00137,M-03,Polyester,Op-03,Evening,1178.65927419904,128.17140407595997,54.91825697226615,3.4694178110871263,2026-07-07,54.91838863697399,28.378508990090957
B-00138,M-10,Polyester,Op-20,Evening,1043.5908486749497,216.1176700556087,17.86777671716026,9.851700030873426,2026-06-10,30.65472282941668,33.27074744033421
B-00139,M-07,Silk,Op-08,Evening,1941.6054762041827,129.7325455506226,58.41863804930409,6.804737732178332,2025-10-19,34.26748340393219,39.93748503691894
B-00140,M-08,Polyester,Op-12,Night,1393.0775259800657,113.4152954776855,25.361792173525245,11.499446585588489,2025-11-08,40.49527965477929,37.96108578881427
B-00141,M-04,Wool,Op-05,Evening,786.0315809954998,107.30993356961898,32.243883756213044,7.60893723153999,2026-08-01,58.242056663130825,21.31417278856705
B-00142,M-05,Cotton,Op-06,Evening,1179.9332521220413,204.878053865516,19.126257650870457,7.170678457135194,2026-01-09,50.0381530437663,31.19280662616436
B-00143,M-06,Cotton,Op-14,Morning,772.8921957429067,272.35712420270346,27.63861079868634,14.245616469870859,2026-02-06,48.66546581398765,25.414893462871078
B-00144,M-06,Polyester,Op-05,Morning,1113.1012566471445,105.07727113206897,12.33743589870061,3.186136363126665,2026-04-03,65.79861144236988,33.17847883820303
B-00145,M-02,Cotton,Op-09,Morning,832.9582428994241,146.21495931761427,34.981450306571745,10.406498410382198,2026-06-12,30.98552688771821,22.082171639691477
B-00146,M-01,Polyester,Op-14,Night,767.8169930815004,756.7089404318857,281.0547826179717,4.334558934654171,2025-10-13,34.97206963796726,24.86344381998908
B-00147,M-04,Polyester,Op-10,Evening,1095.7752944276822,233.61702731412925,11.527640406800943,3.8697801358214936,2026-08-27,44.65738651305067,37.9267163704224
B-00148,M-02,Wool,Op-18,Night,628.2627962817021,141.57725102920546,16.873242625897117,1.371450854233476,2025-12-11,39.071771754489866,31.66083121939384
B-00149,M-01,Silk,Op-03,Evening,1839.0075666154623,263.4887123476882,61.81235029893746,5.785442923770264,2026-04-26,42.971171671564626,27.59384816334534
B-00150,M-09,Silk,Op-06,Night,902.0954612343144,224.82978156982682,19.6464036192103,6.731763130677366,2026-01-02,57.60235904259901,28.722530582706334
B-00151,M-01,Silk,Op-07,Morning,1922.6799604432351,252.72115883195215,88.02430521319793,2.961584460730336,2026-05-17,73.42339879489563,29.748623964990273
B-00152,M-01,Polyester,Op-10,Evening,1699.7828839209728,185.0427008938467,53.824251536270516,1.3145703164816436,2025-07-24,,25.37354718769892
B-00153,M-08,Denim,Op-11,Morning,1450.217329739221,151.57753708664046,44.99677379535722,2.950985037019538,2025-12-16,71.74651183996495,39.68804361407104
B-00154,M-07,Wool,Op-06,Night,757.5189287724552,154.4614653038738,25.044075005773703,1.2574694716645343,2026-03-30,75.71494032802495,22.355021657802823
B-00155,M-08,Silk,Op-15,Morning,911.0828310308091,210.83560050315867,9.511552738456015,10.119885436926099,2025-08-20,71.48709018536007,24.128425435212066
B-00156,M-02,Denim,Op-12,Night,705.3284451032109,280.00372836962106,25.816055794804928,13.234461085875214,2025-08-09,59.870655108515415,32.010337208673064
B-00157,M-02,Polyester,Op-12,Evening,763.0569179351744,282.88238918499195,133.49108892030995,6.862787348489023,2026-02-12,49.156926412474874,30.37835410565675
B-00158,M-02,Wool,Op-05,Night,1607.0504246395556,116.5597335850253,34.62831993712089,9.444129532529434,2026-02-21,42.26745548406605,27.785912280839533
B-00159,M-07,Wool,Op-04,Evening,1033.5090746974238,243.8091810368491,37.7714976276667,5.15970401872445,2025-07-27,58.32023201484486,29.521008043981993
B-00160,M-02,Polyester,Op-03,Evening,1905.244608987137,246.51441944205007,64.40320686562664,4.0091653002705945,2026-05-31,31.559156753064233,25.2452808859965
B-00161,M-06,Cotton,Op-18,Night,577.1387202263755,199.27324944024727,8.232266377943448,9.355799884836449,2026-04-01,46.712194540848046,35.41824407491644
B-00162,M-09,Polyester,Op-04,Morning,612.7066726037132,245.63775124072066,12.165953522386038,7.9368784268867785,2026-06-17,64.4201198213868,28.696546772074925
B-00163,M-03,Wool,Op-03,Morning,1728.6534765112997,259.8831757937959,42.246486040121354,10.725750591961974,2026-03-22,43.607256861498136,31.804613337381742
B-00164,M-03,Silk,Op-03,Evening,637.3731099899512,283.46271509244855,11.093681124516285,2.9154608328654597,2026-01-01,77.51186769104012,28.920115459159113
B-00165,M-03,Denim,Op-17,Morning,1312.851421067537,274.58916717528166,49.48276507063598,11.251148409733856,2026-06-25,70.32805739307248,33.175667334214346
B-00166,M-09,Silk,Op-03,Evening,1773.793477347979,149.93360177183717,84.72058673210198,7.851949491003967,2026-05-19,41.06047209098011,39.75336015993294
B-00167,M-03,Wool,Op-19,Morning,559.1402170527589,241.11503450313768,26.06685518743313,13.953476443819321,2026-06-01,39.02876725636668,31.358904611052587
B-00168,M-01,Cotton,Op-02,Night,550.9189678786983,239.484053449368,26.317762462179587,5.162886103215711,2025-07-29,76.21980976882652,39.42116490330736
B-00169,M-09,Silk,Op-10,Evening,1211.3213249861956,272.40853019786266,13.906338734588983,12.823691579490985,2026-04-24,45.95502366216278,36.57830948301355
B-00170,M-08,Denim,Op-07,Evening,1394.4048177230795,146.0017674575406,32.90097965329674,2.6879364008819033,2025-10-21,33.84766008146046,33.9257755175628
B-00171,M-06,Wool,Op-18,Morning,1587.1501572931422,113.07126815978847,36.10782497958012,5.414064729628545,2026-03-17,56.97456461876686,35.81446329677927
B-00172,M-10,Denim,Op-08,Morning,1438.8370646555136,277.1955496472374,64.46559103390241,9.622084634552264,2026-03-13,41.64797373768169,20.48801563113076
B-00173,M-05,Denim,Op-01,Morning,531.9041162755807,274.9403345368399,26.55125160933551,8.405119876380969,2026-02-07,76.95338492564481,35.97566471547331
B-00174,M-08,Silk,Op-18,Morning,1026.0677231775653,253.43765778622537,46.11875272559655,6.62703279052939,2026-07-03,53.99378101519544,32.5501092643674
B-00175,M-10,Wool,Op-07,Evening,1976.1252037989427,253.65468277290364,38.63539347174608,6.848734950342672,2025-11-17,51.06785011385351,34.75164603177783
B-00176,M-10,Cotton,Op-05,Morning,665.7111696970919,170.9244315281553,7.777987957335079,5.021345883157144,2026-02-07,44.81540602279951,24.672155020998197
B-00177,M-07,Wool,Op-02,Morning,526.8109021001208,297.5444779472063,9.86725012312333,6.988823872302072,2026-08-08,49.216332357984086,33.5929456538614
B-00178,M-06,Wool,Op-11,Morning,1924.941775925338,257.2690028831104,91.99158322977992,2.2517540323716334,2026-02-07,50.87903878924642,37.58236615124329
B-00179,M-10,Silk,Op-16,Morning,1201.1022668748046,222.68227784214156,57.30371350749228,3.338475245289053,2026-02-20,79.55843130684883,24.63343402766887
B-00180,M-01,Wool,Op-16,Evening,1474.4699734885526,221.54735897577183,27.748711528577246,8.17763915423112,2025-09-26,41.53349058588793,23.530560640110167
B-00181,M-10,Denim,Op-05,Night,94.18929424817128,255.91689471335067,55.15258425752584,5.901753628334221,2026-04-25,,21.156853531267927
B-00182,M-04,Denim,Op-17,Night,1992.361733969653,134.77904984389747,32.188269931940724,6.547388264637222,2025-12-29,67.91192378520456,33.92041236107585
B-00183,M-08,Wool,Op-13,Evening,1723.7496874859266,144.88811436733215,57.2344336538722,4.133446607516723,2026-05-31,56.84872114467068,31.858798696834064
B-00184,M-05,Wool,Op-16,Morning,637.2302560966323,275.49217252607605,30.731104519209367,4.718400596241885,2026-04-23,36.47574606414021,37.774961597379544
B-00185,M-08,Silk,Op-16,Evening,1793.191425898176,261.9032149449756,47.22930624133927,10.173387728946304,2025-11-14,57.542868530456964,21.739735198228203
B-00186,M-07,Silk,Op-05,Evening,1059.032775518471,151.95075675206525,19.91757685452282,11.12788159164019,2026-08-06,54.79378675393854,21.62092431815296
B-00187,M-04,Wool,Op-09,Night,1524.888145489394,115.22617189806004,51.383105779811224,12.916896796682762,2025-09-05,54.75732635069872,29.61173154653296
B-00188,M-04,Polyester,Op-02,Morning,1737.0214488877239,169.56184158043862,78.41817976627074,10.49222613582689,2026-01-28,58.28659819978955,25.340565403388425
B-00189,M-03,Denim,Op-16,Evening,1696.1390324103922,231.6903669316851,73.74902939951835,12.908144207319387,2025-09-28,73.36471004799012,34.1672595343007
B-00190,M-10,Polyester,Op-18,Night,1546.2071925039254,236.02815435206008,434.1386888762397,9.66055929501258,2025-08-22,67.63583197788206,23.172102105861473
B-00191,M-01,Denim,Op-16,Morning,90.8983512059531,265.16335011295257,51.48726543407722,2.804178144628233,2025-08-09,46.75594271295709,34.87016512583216
B-00192,M-06,Silk,Op-15,Night,1261.2016006412543,101.27717434336671,44.48578526962128,5.018533864448779,2025-11-22,60.84634591878711,39.62372356054847
B-00193,M-06,Polyester,Op-15,Night,889.7053715962397,226.80114061992225,205.69097311648406,8.559795316021976,2026-04-18,68.99226975755718,22.139612776539167
B-00194,M-10,Denim,Op-14,Night,1944.488005788492,168.3744332077372,92.34206214246781,9.856706503875273,2026-03-13,76.60140527550087,22.050194559813583
B-00195,M-05,Denim,Op-08,Evening,1531.82858345122,113.56741182103438,50.989699888070824,5.213489937255428,2025-08-07,65.40860443226407,21.347012029375435
B-00196,M-04,Cotton,Op-04,Evening,1018.824585429435,224.1831035534954,49.672909024022545,1.64038847337518,2026-03-23,73.57684030761882,39.46977938354794
B-00197,M-05,Silk,Op-20,Morning,1624.477747614387,126.0172480261264,37.272681472505674,11.615684743006316,2026-05-07,31.229345822940076,20.442471030579945
B-00198,M-08,Wool,Op-07,Morning,1232.9647856069987,254.08148356155863,61.506423678487515,10.566135272491072,2025-09-13,52.29513531883742,25.472533325633318
B-00199,M-10,Cotton,Op-02,Night,1139.2719533539594,190.2774048659351,21.453384653661526,3.2907334966833686,2025-12-12,69.74047743749647,33.87364451562977
B-00200,M-10,Denim,Op-03,Night,623.571568423764,236.0998604149426,10.003531944261766,10.163156999935893,2026-01-11,43.662976349910466,39.0172712450082
B-00201,M-05,Cotton,Op-13,Evening,1148.5022015639029,288.7231840335198,24.082492559628573,6.8761824369657125,2026-08-26,61.92629738320428,27.951887959255885
B-00202,M-02,Denim,Op-02,Evening,1975.9664719397424,181.8668012630086,22.220460875972922,13.517388851507881,2026-01-30,41.49773029455431,24.262094080501665
B-00203,M-07,Denim,Op-13,Evening,1477.5002380638275,173.70526874475223,25.73956212536931,13.101015497754918,2026-07-17,53.66049533457786,39.363868558294435
B-00204,M-09,Denim,Op-17,Morning,1802.9347519334162,255.31937055834834,63.19072272878216,11.792905825016728,2025-08-20,72.23916140584438,35.22047981885998
B-00205,M-07,Wool,Op-13,Morning,696.8673165235814,106.50523589825039,20.390960723022832,13.891869869419615,2026-04-23,60.8325157260369,35.93074581952352
B-00206,M-07,Wool,Op-01,Morning,675.9622834435918,125.03715844051008,20.051597728186287,10.597914021205598,2026-05-14,51.51529474497313,24.010494534006735
B-00207,M-01,Denim,Op-15,Morning,596.3134056127011,216.39428038287974,16.821289152226626,4.765907662091367,2025-11-24,69.87795503185941,26.207239178471475
B-00208,M-10,Silk,Op-19,Night,517.4308098621509,114.48937755891177,11.210916270943034,6.494909789693588,2025-07-28,53.996941735856176,32.00041096238607
B-00209,M-05,Silk,Op-02,Night,1542.4728291898139,272.0244794378409,21.898806258781104,11.917913844506897,2025-10-29,31.980941267417858,29.610138945156578
B-00210,M-07,Wool,Op-11,Night,863.0675237937912,297.3325186534293,32.88166334511305,2.994937600621185,2026-01-26,54.944407672567806,32.36311468636238
B-00211,M-03,Denim,Op-02,Night,1339.4730252303711,101.95416948383674,32.18094290326381,5.570458315415887,2026-01-28,55.885582169235576,21.757329982896668
B-00212,M-08,Silk,Op-03,Night,549.8046631870499,115.71569943100415,20.66088883730186,6.556925866822345,2025-08-22,36.63578770215302,31.35081696523116
B-00213,M-10,Wool,Op-07,Evening,51.5793072412821,140.03004884896202,30.289558714923665,3.3447561516269766,2026-05-13,35.228392016720015,32.72860499087273
B-00214,M-02,Denim,Op-08,Night,577.9569254772086,208.25926706021409,24.31414117316221,10.92684727231283,2025-10-22,73.54845618730428,34.281738642648556
B-00215,M-06,Silk,Op-09,Evening,1009.1752888142091,262.9650227493024,43.08362141010644,2.1216078493854518,2025-12-08,74.74083280302638,30.951847523074726
B-00216,M-04,Silk,Op-11,Evening,1178.47742677745,228.71553903930499,14.629717013448747,8.369637253105585,2026-08-04,66.5794760877666,21.63259964061179
B-00217,M-07,Silk,Op-05,Morning,870.6548510152197,131.90893602263768,20.4393467258373,13.204969932290824,2026-03-12,40.960699367902215,39.51730511638263
B-00218,M-08,Denim,Op-15,Morning,773.1768735330489,257.9397014284958,29.974576029888812,10.221908857012266,2025-08-17,54.90978582265695,31.107271018752627
B-00219,M-01,Wool,Op-02,Morning,842.6821119969482,299.2667832113484,212.3847425953381,14.647104270054964,2025-09-19,,33.006513726938735
B-00220,M-04,Wool,Op-15,Evening,0.0,106.13050044116122,0.0,4.607560439156991,2026-07-28,53.131147836965816,37.36545010816761
B-00221,M-09,Denim,Op-01,Morning,1614.0597817999715,185.09866688961506,18.730143127575907,5.843089895657481,2025-11-29,48.55193814923014,39.752991274721154
B-00222,M-03,Cotton,Op-04,Night,1800.5472441836728,215.73508171447867,80.91106461519328,7.140615868654266,2026-06-12,66.26288302075682,29.733378828494057
B-00223,M-07,Denim,Op-19,Morning,1851.0527960168877,184.34418537469108,34.108401319127964,4.875589161290722,2025-09-05,59.617516429668115,38.24726691233382
B-00224,M-02,Denim,Op-13,Evening,1434.4498753452242,226.3120440185041,66.5029621915956,11.263582313813934,2025-11-18,36.57838425636299,34.31649929364177
B-00225,M-06,Wool,Op-04,Night,769.524663305363,147.50866498477552,22.84804470248802,14.599531316582954,2026-08-06,39.04884763547449,37.08770186739159
B-00226,M-05,Wool,Op-19,Night,5817.619362925114,274.1499802545023,139.10815366517608,7.234273570037317,2026-08-11,55.740867696484514,27.18466738799531
B-00227,M-07,Cotton,Op-10,Morning,1954.1184835029312,151.6266865402255,29.770890411566068,10.194313303578092,2025-11-12,46.259503211234744,35.46946251373201
B-00228,M-03,Cotton,Op-17,Night,1954.731567617817,190.75790827672785,60.18805748689046,4.304706486850495,2026-03-03,33.67483736650063,23.395158101750816
B-00229,M-07,Silk,Op-01,Night,1005.5047646469295,265.77667317652185,38.48176201135778,7.032425331265284,2026-04-10,42.435713629381496,32.3428997320806
B-00230,M-10,Denim,Op-03,Night,750.5628618514248,133.52384325766354,21.755240955547382,1.5133999770696016,2026-03-29,66.82010075328202,33.2760905524361
B-00231,M-07,Silk,Op-12,Morning,1766.2556734537957,261.13403059001064,32.20528493685941,9.19496110155453,2026-07-12,,37.36542561026518
B-00232,M-08,Wool,Op-18,Night,667.8794290965918,153.94992230339793,7.729863950178829,1.799215985250408,2026-01-31,56.5584764000516,38.73211384589923
B-00233,M-01,Silk,Op-14,Evening,683.1648710150403,190.43980565668704,7.967693385785906,14.074250245390669,2025-07-25,45.807805248837525,30.144696173767848
B-00234,M-07,Polyester,Op-05,Evening,722.5148014431333,297.3260245917694,25.69609261319589,14.511661750104638,2026-03-26,30.246999046720482,39.03623570846478
B-00235,M-06,Silk,Op-08,Night,1801.8774417800332,508.9920769618034,471.34589143636873,8.218344400109503,2025-10-11,54.44232901284601,33.337285150922085
B-00236,M-10,Denim,Op-11,Evening,1557.02114410497,140.37069042458967,57.46044022690221,10.428054066548842,2026-03-09,78.49560230536352,21.878014315788366
B-00237,M-04,Denim,Op-11,Morning,1165.6253289568567,273.6284508755011,55.69890370203788,3.4800970522634027,2026-02-05,64.63129761130823,36.76230579296221
B-00238,M-07,Silk,Op-13,Evening,1524.8720424344688,199.43495280168545,17.102175535684438,9.649861362816994,2026-06-30,73.44524922393592,31.412194932776593
B-00239,M-08,Polyester,Op-15,Evening,1896.4230432604668,237.90535020631222,48.84157182471003,10.471187400881451,2025-09-07,40.78375761988586,33.17770940465314
B-00240,M-05,Polyester,Op-14,Evening,1476.849465562238,121.31860606159815,72.49406152476112,10.209834264442504,2026-07-21,79.97068628853333,20.96424077721112
B-00241,M-07,Wool,Op-02,Evening,1110.361941084306,274.1506900674518,50.122429167616396,11.95339677681583,2025-09-02,58.35081304933339,34.76898418502653
B-00242,M-06,Polyester,Op-20,Morning,1106.2104824765495,165.40663231264773,46.36409768197696,10.346307397890186,2025-11-12,70.39229709706294,35.245702695532316
B-00243,M-01,Cotton,Op-09,Morning,1153.3749722193995,263.5668432350043,26.508516623955398,2.682926775188518,2025-12-09,57.22445489804248,20.115173209962432
B-00244,M-10,Wool,Op-05,Evening,1049.6923023070967,179.23453832185106,20.470852848551413,10.73654089365807,2026-08-15,49.42790506351729,28.973872452450614
B-00245,M-06,Silk,Op-11,Evening,1059.87768744401,145.4539254526303,36.86213668734249,2.024742932758211,2026-05-14,60.17242966906889,33.36425597110033
B-00246,M-01,Cotton,Op-01,Evening,1195.2410657008586,175.95715603584597,13.178348659458814,13.086671094005553,2025-09-30,55.9540892568109,29.58363755259462
B-00247,M-06,Wool,Op-14,Evening,1011.8717414392345,176.0391237571714,34.723596809379636,6.583518932556607,2026-05-01,59.00861846136661,30.67205093453757
B-00248,M-04,Denim,Op-19,Evening,1647.3248923131923,262.59714774321867,17.674648414889077,11.053723067170921,2026-02-09,,39.110473919098695
B-00249,M-09,Polyester,Op-12,Evening,793.6669785253191,101.51257499562843,37.366938031536364,10.064645998164442,2026-05-19,74.90152744749935,24.869645931525987
B-00250,M-10,Denim,Op-19,Morning,590.4010854343413,286.8872053611029,11.968057426195115,5.922717621354882,2026-03-02,35.07104142246082,29.717435183726515
B-00251,M-10,Cotton,Op-05,Evening,927.3093529428843,161.4579929852573,31.91182255667805,12.242362569657288,2026-06-28,56.95806383376272,26.22615398312007
B-00252,M-10,Denim,Op-14,Morning,1574.2260113347904,154.52480014670675,58.631597813196194,6.789687421354921,2025-12-21,36.09430466684738,23.622986990693605
B-00253,M-03,Polyester,Op-11,Evening,9814.6343761879,205.03267673341202,148.35456467199248,10.926647664114057,2025-10-14,35.34384615473719,31.346244392578072
B-00254,M-09,Denim,Op-14,Night,1708.9888246627372,210.04530843125235,58.215803343230924,1.6077754599674683,2025-12-19,61.657568779701116,39.028066844133136
B-00255,M-05,Cotton,Op-09,Morning,1728.7832891401854,276.8412926696816,45.710998889909554,4.193116807285055,2025-11-25,40.60224199541133,32.21961977701984
B-00256,M-10,Cotton,Op-09,Night,1759.7919543000805,280.0046246796022,36.941977557029276,5.9478993102380535,2026-02-21,41.8435279487241,35.61051030487724
B-00257,M-04,Silk,Op-02,Evening,1733.9214777705176,184.74765072975256,48.67240202270569,10.345698590080586,2026-04-15,34.77676569173341,32.47718649353146
B-00258,M-10,Silk,Op-20,Night,1379.9126947632112,133.6028415489727,19.082236157067687,11.31623242921855,2026-01-20,73.13985387716143,24.334796001815512
B-00259,M-05,Wool,Op-18,Morning,535.4578790695045,228.3943000886532,13.727126610019816,9.49931650524293,2026-03-15,57.3348706357035,24.63894192231951
B-00260,M-02,Polyester,Op-14,Morning,1391.7145027792594,199.35337177183388,36.4249967604561,14.828997283008423,2026-04-08,36.821987627836656,33.902891080951875
B-00261,M-07,Denim,Op-05,Night,1142.299422388422,243.51955313163523,16.179969918147993,10.694106118541175,2025-10-08,79.56279968510941,22.567885789082503
B-00262,M-09,Silk,Op-12,Evening,1586.5082256931116,215.67738340128182,283.63609719016927,4.838249331837282,2025-12-21,33.97096844944933,21.71316499192861
B-00263,M-06,Cotton,Op-18,Evening,985.0573431732812,145.3312804453976,12.514663522024081,5.969948281647122,2026-05-08,33.47119213730467,30.38119581816541
B-00264,M-03,Wool,Op-16,Evening,1700.5347617335424,599.9005739174594,567.8041203150423,8.560166804463147,2025-09-12,74.0039543780729,33.01754738094388
B-00265,M-03,Denim,Op-15,Morning,1991.2090418317514,232.36783796987572,24.702329473662573,8.808967843180348,2026-01-20,66.5325255119623,29.30411224567436
B-00266,M-05,Cotton,Op-12,Evening,1343.4452238168647,291.525056901076,42.22865797793708,3.4542411930072348,2026-07-16,64.50024454103328,24.018673773181128
B-00267,M-04,Denim,Op-03,Night,0.0,190.07418725163703,0.0,11.586286604533445,2026-07-10,,26.951430484779642
B-00268,M-06,Cotton,Op-14,Night,1693.1749411845938,285.43556389589054,84.1496772275934,4.28498914597635,2026-06-21,49.96579579046541,23.04832026660835
B-00269,M-05,Polyester,Op-13,Morning,87.7635210248404,207.99142605611192,37.34712541117147,12.788466121269899,2025-10-03,56.047898863602114,32.471713760055195
B-00270,M-04,Polyester,Op-14,Night,1739.1014453787925,256.4056175340772,35.69419247895894,10.92242576840167,2025-09-10,31.808019026238107,26.06256711890657
B-00271,M-06,Denim,Op-11,Morning,1040.2046112072785,117.52854935276771,26.919726297062013,14.11740952243488,2026-04-23,57.69011203561881,26.11048621316047
B-00272,M-01,Silk,Op-07,Night,1170.8038107572534,220.11886667212346,58.17293349271197,8.21951198775097,2025-10-21,75.96959866072086,29.939269658116604
B-00273,M-08,Denim,Op-04,Morning,93.89871602225347,141.70210287146716,53.86136813602473,14.028333005014828,2025-12-15,35.818319894273806,36.34899416982383
B-00274,M-07,Wool,Op-14,Evening,1708.8881001764316,708.4853266707385,460.0667608662341,5.265507947372571,2025-11-21,34.04596415256261,28.05960357530323
B-00275,M-05,Polyester,Op-02,Morning,1963.4153012898723,228.1944154690664,92.10437650206882,12.514727890881053,2026-02-05,36.62623363709242,37.24028964545245
B-00276,M-09,Wool,Op-20,Morning,1230.5928782284038,221.2505875501955,31.929604093867272,11.707337212641937,2026-04-07,38.741931363020626,30.051321529268847
B-00277,M-10,Cotton,Op-10,Night,719.5609882433737,173.50688445830627,34.916412341923056,1.95441233139691,2026-01-16,31.290595347474348,22.703325783096457
B-00278,M-10,Cotton,Op-10,Night,5528.32342130872,564.8114547528799,1790.7212047862326,7.054970296621848,2025-08-13,45.59080665426298,30.122837256804882
B-00279,M-06,Wool,Op-17,Night,1475.30163859723,130.40497062572962,18.185382098622807,1.8588947795493542,2026-04-17,69.038079303422,29.196008475386403
B-00280,M-01,Silk,Op-14,Evening,1992.2994757546508,111.55611219927333,31.25912846402375,10.730493204019744,2025-12-02,79.18394626317068,24.783602084318513
B-00281,M-08,Wool,Op-06,Evening,682.0774091336433,160.6550295135191,20.71938710428665,2.4146413541490537,2026-06-08,64.60806708470659,21.245835962601255
B-00282,M-01,Cotton,Op-08,Morning,1995.0452807794652,262.79405390120377,62.00931622187631,9.613072135234152,2025-12-29,45.312681039330585,32.47791672583277
B-00283,M-07,Polyester,Op-11,Morning,1139.1250758355573,126.1420753480399,28.148206696648685,13.412459013366535,2026-01-26,52.48923244106612,23.8924502364153
B-00284,M-01,Polyester,Op-08,Night,1121.1946287933906,265.50757911337485,29.875531388335627,11.270601327859628,2026-08-04,68.46524468206698,20.220625288572943
B-00285,M-09,Denim,Op-01,Evening,1222.0162274529853,103.83845536461133,38.38646896873216,4.6373849224304795,2026-05-17,68.01449115610674,22.74219411457998
B-00286,M-04,Wool,Op-08,Morning,0.0,102.42415492877865,0.0,4.3768204063935805,2026-08-24,78.7936877455027,36.030742237659794
B-00287,M-06,Cotton,Op-13,Night,664.6042980162553,209.5918977947386,19.62552930548324,7.361282683839452,2025-08-20,72.2178541369808,21.961651615684893
B-00288,M-03,Silk,Op-03,Morning,725.0729970409764,164.935185378012,18.691693872983628,11.322999083429195,2026-05-01,53.80090646843833,27.517765702915387
B-00289,M-02,Wool,Op-05,Night,1189.17015260898,257.00330876741134,26.894600180113358,13.489185645163282,2026-02-07,77.76673432519641,35.7380677251059
B-00290,M-06,Denim,Op-11,Evening,1532.2020591298133,187.5206248110784,70.58928383909407,4.565388708644717,2026-01-08,72.04357897129613,20.7685269792465
B-00291,M-03,Denim,Op-15,Evening,1192.2161969371014,227.44029536165607,41.199824513155114,10.230954910880957,2026-01-31,74.75588703532682,32.733393643344144
B-00292,M-02,Polyester,Op-10,Night,599.9780608410349,203.6816043890408,22.32465036439561,3.1023660114385834,2025-09-05,66.87168843607428,30.244438416253487
B-00293,M-07,Wool,Op-02,Night,562.5093509035764,116.95840320916065,5.897538730828107,11.028527432877551,2026-03-27,33.60421679993367,21.42513455530517
B-00294,M-04,Cotton,Op-15,Morning,1934.7520974492202,247.50167189180138,79.29802274446166,5.945519719028898,2026-06-17,44.82677906438276,26.994064594916992
B-00295,M-02,Wool,Op-19,Evening,1492.0559166056216,137.03911357349358,54.32890235330281,3.437530694677181,2026-07-20,,21.967912994267948
B-00296,M-06,Cotton,Op-02,Evening,1646.558993332604,153.0092856650008,35.92428014886989,1.2932294544327794,2026-08-02,34.10858337382137,39.357200696900605
B-00297,M-03,Silk,Op-07,Morning,1653.8347217572004,224.93271377085276,57.22353925251717,6.347154955140542,2026-04-09,40.28436310977776,22.42772836318813
B-00298,M-07,Wool,Op-16,Morning,1661.950670956682,228.78085070822613,69.71645017848458,8.424229865488217,2026-07-14,32.097561171581816,39.36977555188768
B-00299,M-09,Cotton,Op-13,Night,939.2330550514471,295.9940658717701,39.8899712731691,9.426342254908509,2026-02-25,59.12113291036232,34.96146358859065
B-00300,M-01,Silk,Op-20,Morning,1484.717910997254,125.61914927324,36.94970095693646,5.7357450839229775,2026-08-12,76.40418201630249,24.49231223687704
B-00301,M-04,Polyester,Op-04,Morning,1148.115324416294,187.88099793889043,17.061056926913132,9.581154154923357,2025-09-25,77.15379188723537,24.8138542366501
B-00302,M-10,Denim,Op-12,Morning,796.205734789906,277.3849800418539,35.395166583120194,10.041351377172884,2026-05-29,44.29533946195801,36.318938779372345
B-00303,M-06,Wool,Op-19,Morning,1769.7715080354171,283.7853067279109,77.3035170288295,4.531374282427063,2025-11-12,67.75209643731392,29.2107899454828
B-00304,M-01,Cotton,Op-02,Morning,9686.940332485596,255.28948929994493,104.31737357970117,10.186265727535002,2025-10-23,38.87143847348534,30.900538377938766
B-00305,M-03,Silk,Op-02,Morning,747.2222235941557,126.34575469091239,22.59159719748385,11.163718739794136,2026-06-13,70.88926649284726,24.270227326213437
B-00306,M-06,Denim,Op-19,Morning,1761.0545420168,246.56030895325011,38.57050748677095,8.591320876885876,2026-03-08,59.51738452293864,30.1672109383256
B-00307,M-06,Polyester,Op-18,Night,1347.5329892885243,237.77706041001812,22.10340224291073,13.226520822051308,2025-10-17,61.814567698962406,35.22243074086316
B-00308,M-03,Polyester,Op-01,Night,1192.3362116296848,101.86632396541866,16.653507697834954,4.4535041033027225,2025-11-07,66.32308575565024,39.83619902698727
B-00309,M-10,Polyester,Op-19,Morning,1102.2414737919325,260.0141937398319,38.181003159085996,3.8564988848045836,2025-12-16,57.75424746511431,34.661425920593494
B-00310,M-02,Silk,Op-15,Morning,782.0371019231243,171.0769137371479,31.625291361737094,11.97308498279556,2026-04-14,57.71132570660083,20.104592270858255
B-00311,M-08,Denim,Op-06,Evening,552.9670324103586,249.14675654624642,12.760966551607167,3.834727842313324,2025-12-18,77.90367400596901,27.35881502604169
B-00312,M-04,Polyester,Op-15,Morning,723.332075498667,161.12084309804297,20.213099106151304,13.273110665594809,2026-08-10,79.81671688136237,27.366190610136968
B-00313,M-02,Wool,Op-03,Evening,1583.1064073041055,277.2391560930149,59.880565863285085,9.302620678614979,2025-10-27,49.576284908891466,28.252436816972477
B-00314,M-07,Polyester,Op-02,Morning,504.827395406418,223.91786749196814,16.925898689892442,5.976902146179004,2026-03-11,69.7098665638542,21.85981279646264
B-00315,M-05,Silk,Op-08,Morning,1221.4593348291855,681.0462999789364,409.5474822933939,1.9079503227615568,2026-08-02,58.999189371406565,31.229691759190473
B-00316,M-10,Denim,Op-07,Morning,1707.4834995211547,153.96414402564287,21.073824817840553,12.550691742520868,2026-08-14,54.91278411317268,21.541165582686624
B-00317,M-08,Denim,Op-09,Morning,1001.3574780440912,256.9793954222935,27.64543711765075,10.90753308637282,2025-10-03,69.43074823362032,30.345381128832187
B-00318,M-08,Silk,Op-08,Evening,721.1787900594259,165.63855072186232,24.468883650827514,7.0762711264342535,2025-11-12,34.43002148398086,24.412239054224223
B-00319,M-10,Polyester,Op-18,Morning,1603.4946713587847,299.6695022785899,56.83922728753686,14.063586638809808,2026-02-10,62.12825997675958,28.42496106588144
B-00320,M-08,Silk,Op-03,Evening,1678.477427120348,123.66723818467747,42.55497209538684,6.738668455748035,2025-08-27,,36.79604571271234
B-00321,M-08,Polyester,Op-06,Morning,1357.8084068407798,217.55387217243964,15.000888511463604,3.5826675438709508,2026-05-21,48.11177208261442,26.690225774838645
B-00322,M-10,Silk,Op-11,Night,536.2876458370329,266.33940873515473,25.541862772396858,4.8229913396193735,2026-07-24,55.90393831194077,25.97451147177546
B-00323,M-01,Wool,Op-19,Night,888.9451382986606,185.93136254778702,37.4296861042203,13.218223506784426,2026-01-25,72.09667833959043,23.722028356925545
B-00324,M-02,Wool,Op-04,Evening,1187.2803301068388,196.59377441707105,35.45034573521326,2.868719613823213,2025-11-26,34.03007568785623,34.5587861394753
B-00325,M-03,Silk,Op-13,Morning,1155.2760539227693,245.90164573047934,17.807613741471787,11.717180585875536,2025-10-15,37.94540838346768,32.20450298955282
B-00326,M-08,Silk,Op-12,Morning,1627.0626290435684,231.3910312534279,34.63606803573297,14.392604695168412,2026-03-08,33.44790081782106,21.141094423025088
B-00327,M-04,Polyester,Op-10,Night,892.5585256038589,149.39575981439998,36.03788099403499,13.687564127294515,2026-01-13,42.477309992475305,25.43899452257262
B-00328,M-07,Denim,Op-17,Evening,1174.60976367581,255.34211139103624,14.689820216927156,1.9151262059013934,2026-07-30,54.378559683669216,20.672272003665654
B-00329,M-10,Cotton,Op-06,Morning,1859.6561800166164,127.84907422351904,85.53178749186075,8.45388955185304,2026-05-17,50.554780130035326,26.94686652517685
B-00330,M-08,Wool,Op-13,Night,532.7350951632343,232.75793723511782,6.44093520341109,14.487522078989706,2026-06-25,58.0084091730921,38.73644924066184
B-00331,M-09,Silk,Op-12,Morning,1128.1899786112422,152.03155819241022,40.80322897191458,11.231493509730218,2026-04-17,79.06485452486234,25.130601248884957
B-00332,M-04,Polyester,Op-08,Night,0.0,213.06605091432198,0.0,7.495054813636707,2026-05-14,78.60026648157685,32.170545453929336
B-00333,M-03,Polyester,Op-20,Morning,671.1436773319001,130.2493657469869,21.77788181053485,4.1544370193172915,2026-05-05,42.5483330670149,37.01232115682276
B-00334,M-07,Silk,Op-15,Evening,1285.0863670615497,122.95377437384349,49.236033013721986,13.04195570689209,2026-05-08,66.14071516042418,21.353367238000033
B-00335,M-06,Wool,Op-20,Night,1315.307326013969,116.34506914935565,62.90842129803196,7.416208981401191,2026-04-05,54.23481435650235,23.315490803265515
B-00336,M-05,Silk,Op-07,Morning,1774.9630572209928,233.80446746582166,56.474487309339615,7.472137854008501,2025-12-06,50.58827707922542,33.01946934301908
B-00337,M-03,Cotton,Op-16,Evening,593.4096588228284,202.50052975406635,24.597499709680562,12.289650641259753,2026-04-17,52.9619938798479,21.03913155108537
B-00338,M-06,Polyester,Op-18,Night,802.0456732039615,151.72416697760775,24.68330398557776,3.3058889480521425,2025-12-27,46.51075324357488,35.1350301137727
B-00339,M-03,Silk,Op-04,Evening,807.3219112260688,275.5660156304082,22.645035502844415,13.314145969321409,2026-06-23,73.52892125230034,24.775924227630785
B-00340,M-02,Polyester,Op-12,Morning,1977.4844842113125,254.40249526199807,91.69359883501916,1.3803438971578375,2025-08-11,33.2602295630246,29.278627536246656
B-00341,M-02,Denim,Op-02,Night,1308.0526969290713,199.56250160685806,32.9849036407325,2.476631799392828,2025-11-02,62.8390052362147,36.44206321200451
B-00342,M-09,Silk,Op-14,Morning,1663.4177763879911,292.89533078016234,69.38810315222638,3.8527304277876473,2026-06-11,56.166481559737065,25.74275916169151
B-00343,M-06,Polyester,Op-03,Evening,57.8977411417674,226.91648351006074,31.217293857611264,12.170798234622517,2026-03-10,49.79852363312274,38.301801368140865
B-00344,M-03,Wool,Op-06,Evening,1689.8920256573815,163.35233541350533,83.38072400874412,13.000509597982541,2025-08-02,75.30716273828833,25.538089747556178
B-00345,M-01,Cotton,Op-18,Morning,711.0672920731377,140.403133680498,153.625030921306,3.579147749332366,2025-08-18,74.69948550039352,33.085851046499236
B-00346,M-04,Polyester,Op-12,Evening,1422.947037604703,116.69281699787666,69.27626846291503,13.353829157702743,2026-06-22,70.18017677207675,30.104135471532764
B-00347,M-08,Wool,Op-20,Night,1126.6414689126495,296.82206380729957,51.01107009277386,10.35087998325078,2026-03-08,61.73356366269707,23.3190979059157
B-00348,M-03,Denim,Op-01,Morning,1141.2345318809228,132.44668115649586,44.250393098061735,1.1765052796606266,2026-05-05,57.987784181919125,30.547992442453527
B-00349,M-01,Denim,Op-09,Night,1835.3870795267032,745.7190541584969,565.5905900231802,11.240950864765074,2025-10-12,,23.748238881951643
B-00350,M-07,Denim,Op-13,Morning,1565.3641979349673,648.26373417509,572.375184933318,7.596350585059405,2025-11-20,71.08184488552358,29.185303943464277
B-00351,M-02,Wool,Op-09,Night,1002.8120710563092,134.75231862714875,19.650066942786435,10.968196284630931,2025-10-21,71.2989106354041,22.012749570470667
B-00352,M-02,Denim,Op-07,Night,712.9579846414908,169.58828231643332,24.83741904944492,7.304913704675777,2026-05-17,67.44131684816531,33.02295169763348
B-00353,M-09,Denim,Op-07,Night,1028.5624199144816,268.289510616952,258.6079874181996,7.598020343574304,2025-12-24,78.95524690075773,32.682842765914735
B-00354,M-03,Cotton,Op-17,Morning,987.6560231475485,237.26543933721948,18.851570544686144,1.9749760742736804,2025-08-22,38.744071858797966,37.114745178115726
B-00355,M-01,Cotton,Op-06,Morning,1755.56168786441,155.85521769088209,38.995285954833655,10.000346740821907,2026-04-01,64.70752867549155,30.25309506290106
B-00356,M-01,Polyester,Op-06,Evening,818.9665645566442,106.63787091248524,36.729159320179306,5.255249617370133,2026-02-25,62.65813952656415,38.766096368969656
B-00357,M-02,Denim,Op-13,Evening,1649.0971648029538,257.6894686506597,60.7350818042552,10.309788648663934,2026-04-10,43.01434287830015,38.143900614116596
B-00358,M-03,Cotton,Op-06,Morning,1340.6609464706598,122.19789384269622,42.72140627524509,7.258777613289956,2026-01-26,53.01791356009632,37.2912721904534
B-00359,M-10,Cotton,Op-05,Evening,1070.6008234556143,295.36006570213186,42.391686673407264,2.5500883065684192,2025-12-21,51.127421415597226,20.840493503428107
B-00360,M-09,Wool,Op-19,Morning,1877.114828298726,156.0074659100979,75.38207105154157,13.016783475187692,2025-09-19,44.610911523094885,38.2154032328783
B-00361,M-08,Silk,Op-13,Morning,6407.60599207465,103.6013111200909,187.2753839566128,14.479344999036364,2025-11-15,66.33354960351616,26.095021907722668
B-00362,M-08,Polyester,Op-03,Evening,668.8705856179056,240.73719549215915,7.020573656532388,8.569778673028745,2026-03-16,34.82672350977204,24.837876565176778
B-00363,M-04,Cotton,Op-15,Evening,1203.151948196759,160.25305215200007,47.79849327958797,9.377004780168622,2025-11-07,44.86189038543086,25.998382230139693
B-00364,M-02,Denim,Op-14,Morning,572.2142539675301,280.57899903839746,26.145670871129084,12.93169424147654,2025-11-15,63.39023416132033,31.864431402147687
B-00365,M-09,Polyester,Op-15,Evening,777.9952692930717,115.79383243816572,25.91679111719561,4.3531423787335335,2026-02-22,69.72891393500952,20.693405334529665
B-00366,M-06,Denim,Op-04,Morning,1993.1562742869648,271.1392187675079,333.33535477482684,8.300239646610253,2025-08-04,33.18204546433212,36.627470287714196
B-00367,M-06,Cotton,Op-02,Morning,640.7859272350343,281.92536388731844,21.063206343335967,10.368803681133098,2025-12-18,71.46433996583778,37.579578005645345
B-00368,M-07,Polyester,Op-15,Morning,1276.1695276325618,186.08548206419803,43.48794890150768,5.4372522290756695,2025-08-26,51.729798042935585,35.477593114603124
B-00369,M-08,Denim,Op-19,Night,1838.7849349322692,188.67600287583753,341.30610294428703,9.499254102062556,2026-06-20,61.56537765459944,31.83394324612651
B-00370,M-09,Polyester,Op-19,Morning,1268.545666318686,120.84496056166954,60.917138561569566,6.383158587027376,2025-08-18,54.38335343106322,33.04448519090945
B-00371,M-07,Wool,Op-08,Evening,1400.976599822534,248.71878323531195,28.265632076276944,8.087724832932839,2026-02-05,61.70520156881656,21.41864432267547
B-00372,M-09,Silk,Op-18,Evening,1042.779639807708,194.4986710013027,50.95157677724552,1.6390824370333723,2025-08-28,37.001204877665884,25.536286155826115
B-00373,M-03,Polyester,Op-17,Night,997.0205106545761,196.4082116224165,18.22523895680127,3.745367978337501,2025-09-06,60.53900355378841,25.613664310319486
B-00374,M-07,Wool,Op-10,Evening,1274.8589426689687,101.10115983208416,256.02877076956344,1.1072964570891546,2026-08-21,40.95344045509289,20.734427250016424
B-00375,M-03,Silk,Op-09,Morning,1703.8785193697192,214.40972867386017,44.097401218926564,8.17734816338983,2026-07-27,44.67444116040608,38.63507438865633
B-00376,M-09,Polyester,Op-18,Evening,630.6391501936572,223.41330322356026,28.359149503841085,2.5937375086724197,2026-04-28,47.261157140084606,30.148238774356177
B-00377,M-07,Silk,Op-18,Morning,1240.3198705101781,240.45175320633285,31.979220584769262,14.899435745986985,2026-08-21,36.57445599489908,25.49463051039039
B-00378,M-06,Wool,Op-18,Night,1132.742267808247,182.20421505310915,25.345004839278023,13.706554035791768,2025-10-23,65.70163222334281,32.158104281814076
B-00379,M-03,Wool,Op-04,Evening,1735.685576331942,291.0121022969978,20.90705352369087,12.496775955703171,2026-08-07,30.078255259573645,32.728027403668136
B-00380,M-03,Cotton,Op-05,Evening,886.4108305005827,111.90494006955434,22.473666028938478,9.453136341291428,2025-10-26,64.32949567463034,22.289752761318102
B-00381,M-06,Cotton,Op-11,Night,1184.354763433313,173.8106043521833,15.207478263542566,2.6943500067927024,2026-05-07,50.94738950937377,35.02356095616836
B-00382,M-06,Polyester,Op-07,Night,620.2700211228552,170.95425836719684,15.182225025699994,14.18415996266495,2026-03-11,63.428632336145704,33.5733991334513
B-00383,M-01,Cotton,Op-12,Evening,1390.4911868128077,102.02623680554868,62.49971963395603,9.90534464973359,2026-04-26,75.66434737881184,32.25146936689639
B-00384,M-02,Denim,Op-09,Night,1585.9595831991408,124.11168328073805,24.876545176335277,13.634346302001784,2025-08-22,33.322192217788746,30.679349450955275
B-00385,M-01,Silk,Op-07,Evening,517.5599160963561,184.4068520255278,6.081102784737611,5.130569907158187,2025-12-07,54.300024689880146,31.54399773469102
B-00386,M-04,Polyester,Op-14,Morning,684.5049426856185,211.7284792900851,29.997864067780792,5.804342944417215,2026-05-14,66.45867437747239,33.04583297183879
B-00387,M-03,Cotton,Op-15,Night,1538.739240003838,185.98621547802964,34.24085641255452,10.421532713522053,2026-03-11,,25.50762348510837
B-00388,M-05,Denim,Op-13,Evening,1683.47773988119,629.2955661539888,444.05658610231336,12.177324767256934,2025-10-09,71.12111868341393,37.15124675322568
B-00389,M-02,Wool,Op-02,Night,1373.2981198911707,174.2344846875255,34.30789222069342,9.415038335203262,2026-07-21,65.27929313219123,33.76810036984274
B-00390,M-08,Denim,Op-13,Night,750.2903025481293,186.1058676924415,12.1384890445091,2.9963180171467223,2026-08-12,74.50485175919042,26.91754921475715
B-00391,M-03,Silk,Op-12,Morning,538.1716398586263,229.16447725729685,14.19974256255602,9.916632444366405,2025-11-17,47.03020832906458,21.43423777695302
B-00392,M-02,Silk,Op-07,Night,966.8262425950904,235.42412794700186,47.87862645423174,9.480909492337664,2025-08-13,48.229686409877004,24.357851085099803
B-00393,M-04,Wool,Op-09,Morning,1181.0024317941723,237.65484715604742,35.687773254543785,2.967741546097051,2026-06-30,54.27948498296989,20.55073439738931
B-00394,M-08,Wool,Op-03,Evening,1946.0261106765536,176.84134259716006,31.91676929543482,1.5459441760487622,2025-09-18,31.547789545967177,27.759735198937392
B-00395,M-04,Cotton,Op-10,Night,535.0281444922789,251.24272279003537,7.835785940096783,7.419322124346469,2026-07-23,44.46223859863272,38.00166366032961
B-00396,M-10,Wool,Op-12,Evening,1933.8782434329787,162.79334347547058,95.45724833770505,13.437651412321538,2026-01-20,60.14714382397308,36.53414719482975
B-00397,M-06,Polyester,Op-11,Evening,932.6081567281186,292.2270970815186,29.522927596361686,6.4527465286338845,2026-01-03,49.275595236846115,26.807742085090112
B-00398,M-05,Polyester,Op-18,Morning,731.2175647677307,210.74229707160225,20.194513711615773,8.583867373740055,2026-04-15,68.0950906302435,36.672999238751714
B-00399,M-10,Wool,Op-13,Night,953.4998740272406,151.8669794634189,19.84224435638658,3.724733713868207,2026-05-11,32.882379109951245,26.848959576694266
B-00400,M-06,Denim,Op-08,Night,1949.626078799611,211.54176525000878,54.12503173089886,5.861878546427105,2025-08-17,59.0233800496848,22.78393402691391
B-00401,M-04,Wool,Op-06,Night,1439.3514821315957,197.77956635849029,50.28552641517427,6.624903209160539,2026-06-17,79.6924194449849,37.60629524297854
B-00402,M-08,Silk,Op-02,Morning,1354.066041773424,224.1320959649168,39.29749004416719,3.8183695095140653,2025-08-03,49.75688716321593,20.789190657817986
B-00403,M-06,Denim,Op-16,Evening,1314.5368759364947,145.5499472206419,51.11672526796011,14.496403860317193,2026-08-04,,38.18909221874484
B-00404,M-05,Wool,Op-18,Night,1300.0799431480439,273.993831929537,54.3022935520725,2.8291328135284806,2026-05-30,69.52548971374425,22.496416279336966
B-00405,M-04,Wool,Op-13,Evening,913.6513523770354,275.4181162036378,44.98773131269594,14.21658931355557,2026-03-04,37.43979847025578,29.25351210130787
B-00406,M-02,Wool,Op-09,Morning,1225.11115395972,272.709504502909,22.20994656486671,9.242241309838478,2026-06-12,48.766495395980094,25.715671110517405
B-00407,M-02,Denim,Op-16,Evening,1642.6972870665459,177.3081013646056,73.30222202523572,8.157856470810517,2026-05-12,54.61627400005909,31.545580584662623
B-00408,M-03,Wool,Op-02,Night,1971.109015375144,181.5168417147634,95.0900159096369,12.585264909488243,2026-06-13,68.22638973273588,31.470579029111466
B-00409,M-01,Silk,Op-03,Morning,800.7117732926042,121.85284206192428,36.61143140941711,12.95546753737591,2026-01-10,51.957490831687416,36.93937708414121
B-00410,M-10,Polyester,Op-20,Night,593.6863904286072,276.6929525972121,27.93609374210324,7.276466775171911,2025-12-09,55.52162445021161,32.531850221864204
B-00411,M-07,Polyester,Op-04,Morning,528.674141644646,195.36869366356342,8.12963648231549,10.62810859402785,2026-05-16,66.13534788491143,33.85064863074216
B-00412,M-10,Wool,Op-02,Night,0.0,171.7431050834027,0.0,12.26212090751307,2025-12-13,43.93799362072765,24.21409927734406
B-00413,M-07,Wool,Op-14,Evening,513.2949276702034,299.56417113639566,5.426867653289731,10.475498184003538,2026-08-05,71.42346497245586,25.892387926923863
B-00414,M-10,Cotton,Op-14,Morning,1606.804277842295,266.8289194001352,65.4883794032612,11.366665847349267,2026-04-19,37.14251436504193,35.06855844513938
B-00415,M-04,Cotton,Op-01,Night,1487.8107735050824,253.22318655911724,240.5007435277497,12.84290015548825,2025-12-03,60.68020571187292,21.77209427939358
B-00416,M-03,Denim,Op-19,Evening,1111.3145465486464,181.42129782512552,47.04128730212842,1.9241378179633821,2026-04-16,47.44102669847396,22.219961975826298
B-00417,M-07,Wool,Op-18,Evening,1921.532038946706,114.46329505158772,25.123037998390327,14.37161290208382,2026-05-28,56.12882996683726,25.991313559077476
B-00418,M-03,Cotton,Op-08,Evening,1250.9364021056267,258.90310889814975,32.66811820829444,10.899210681733773,2025-09-03,32.51130057319869,21.45803670735807
B-00419,M-01,Polyester,Op-13,Night,942.9357410719149,146.47686461120958,24.70878978970237,4.93406298472199,2026-08-25,70.17413716484424,38.58456107263708
B-00420,M-06,Cotton,Op-20,Morning,1859.1665031987457,164.2991402495764,91.39522089587378,7.670117808813083,2025-08-22,41.30144989079999,32.80952084351688
B-00421,M-03,Denim,Op-15,Morning,1405.239644065068,171.56281682270978,42.330536917798895,10.069444243867398,2026-05-16,36.14603392326938,37.77318160530797
B-00422,M-04,Wool,Op-06,Night,1174.0246130594633,217.17295769070384,23.101596025365247,9.746974079051634,2026-08-09,33.58879031132565,33.65234442446805
B-00423,M-07,Denim,Op-19,Morning,1570.9289487598846,264.50695887683935,48.39528717176968,12.255419105735283,2025-12-05,,31.050019348157782
B-00424,M-10,Silk,Op-12,Evening,714.3139420091176,255.0692300806271,10.966958041168693,4.799731326254001,2026-05-04,54.83477114089733,25.685481858550332
B-00425,M-02,Wool,Op-03,Night,1444.336545337605,110.86640696458076,43.97306526086742,11.4810332777668,2026-03-30,45.87933976305583,20.002693860089707
B-00426,M-05,Denim,Op-13,Night,570.2778627914047,155.2339115641799,5.789915321104656,10.897670824380027,2025-12-23,33.13448108109329,36.78676984712005
B-00427,M-01,Denim,Op-04,Evening,870.2358038028533,248.1808112304143,18.11459479481784,5.427782096210295,2026-07-24,35.094619403300676,27.20467837600856
B-00428,M-06,Wool,Op-18,Morning,1764.0678532408324,162.66958351702863,81.84873646642558,12.0450546048641,2025-09-03,74.59360724053673,28.67634839153059
B-00429,M-03,Denim,Op-11,Evening,1065.9770809447891,292.81568329802167,27.188760492301697,2.250053343358021,2026-05-08,64.35096332516213,29.876280809138574
B-00430,M-04,Polyester,Op-08,Evening,1449.0678181229014,240.77141832686624,53.11618447253697,1.0610857751043272,2026-05-14,38.347654437359935,34.260921012686374
B-00431,M-02,Denim,Op-20,Morning,1949.071257693016,252.2075580501566,27.705262238058307,14.310817908238732,2025-08-01,65.12702507674035,25.961044172788863
B-00432,M-10,Silk,Op-16,Morning,1672.7357950174035,228.8298442951832,50.20891428206095,1.6746041735061472,2025-08-01,48.00252329504892,39.13599630968572
B-00433,M-08,Wool,Op-02,Night,1149.093704029557,191.5399210318588,13.897370003166168,3.924358136072292,2026-03-03,48.43535854323976,27.396265119743532
B-00434,M-01,Cotton,Op-07,Evening,1651.3514427768773,183.3008863807758,59.934379275610624,12.510518415429926,2025-11-03,72.51740005599477,24.23988109397316
B-00435,M-10,Silk,Op-12,Morning,1208.4227062444725,276.031347584297,26.358187489858548,4.020369508470358,2025-12-15,63.89066001550221,32.15504244505445
B-00436,M-10,Polyester,Op-19,Night,704.9013554767589,230.32795209545532,18.190146049412018,11.34036441385263,2026-05-02,45.7813671881675,32.89665208044627
B-00437,M-03,Denim,Op-01,Morning,1569.8103249239266,139.8430549788106,19.34583709606803,13.463010036906441,2026-01-24,44.370479823278984,27.355719755123058
B-00438,M-05,Silk,Op-18,Night,667.2683184819145,203.17238054246562,16.790981120972102,4.746297474191601,2026-08-03,71.77401128710972,20.293867773099077
B-00439,M-08,Silk,Op-09,Evening,76.5468839206047,103.8655261835202,39.729848615537925,2.741157586007143,2026-02-24,50.682133745931765,29.857291688948933
B-00440,M-10,Polyester,Op-19,Night,514.8857316917534,192.81903189070078,11.571827343787433,14.488989372426236,2025-09-29,55.951614006477435,33.55084534917906
B-00441,M-08,Cotton,Op-13,Night,1660.9870672291438,254.584296375223,17.735864760344537,8.298144667157946,2026-04-03,78.80069116396068,22.511004295253066
B-00442,M-10,Wool,Op-13,Morning,1655.2373176356439,261.4311074729765,35.9721875022708,2.6829012076880674,2026-07-18,43.2791416479303,20.35104726733258
B-00443,M-05,Denim,Op-12,Night,1659.7128108780073,203.59210554251578,36.50043916110036,5.873338304356033,2025-10-31,48.586964745316514,20.027072514309364
B-00444,M-05,Cotton,Op-07,Morning,1469.6881124568959,294.8388887632714,60.7391770333727,12.858851577774594,2026-02-05,31.179748232276456,37.97121209349679
B-00445,M-02,Cotton,Op-09,Night,1670.5641853564707,191.5991518007143,31.956914816940287,6.5720741013630395,2026-06-09,45.14578644165963,21.313897179087316
B-00446,M-03,Polyester,Op-17,Morning,869.9054524670369,196.81541394204032,10.711822603431925,11.464221692353716,2026-08-13,,29.476196567958933
B-00447,M-05,Wool,Op-15,Morning,1936.6847014823059,288.5448638188225,93.94999641509277,11.992653604077717,2025-09-04,79.56639507821103,30.889646656005258
B-00448,M-09,Silk,Op-12,Evening,613.4075609251262,173.13614965227427,21.405804959632214,4.155337752094722,2025-11-24,39.7916542067135,22.816058977853523
B-00449,M-09,Polyester,Op-12,Evening,1671.9827836209577,215.65967988407215,42.680082949665916,3.057477934234935,2025-12-30,70.55618849667354,32.71909414327457
B-00450,M-05,Wool,Op-08,Morning,1511.1954433040944,151.98099584856658,43.521719602907204,5.8326909189189475,2025-11-20,75.87429215659951,25.81009011342841
B-00451,M-07,Denim,Op-08,Evening,1835.211706094022,241.5442700535055,64.66711926327453,1.8708451663058385,2026-07-18,37.36515221394852,20.156831815438338
B-00452,M-05,Wool,Op-09,Evening,1171.5101381156273,126.8549701804551,35.173587732541385,14.411077694794786,2026-05-23,56.482986197280994,24.837865882257784
B-00453,M-10,Denim,Op-07,Evening,1519.4304991026615,115.24784359471289,48.413744179676065,4.845853410670488,2026-08-18,70.34827454419968,29.193297408053226
B-00454,M-08,Cotton,Op-08,Morning,1149.2240033142039,108.77998852860102,21.108278352791785,3.320496917482183,2026-06-11,,28.910832774837818
B-00455,M-01,Silk,Op-03,Morning,574.9685429895181,268.72993281036474,11.314854952102236,14.73669540829762,2026-07-30,69.65714369983698,37.07569843409334
B-00456,M-07,Cotton,Op-04,Night,1940.9404632697997,139.38514089068568,95.58306740542915,14.320017345065652,2026-04-22,79.74096469829755,34.234456114920974
B-00457,M-02,Wool,Op-07,Evening,1354.3096693506554,151.90835663521807,47.25691673056215,7.117942399318692,2026-02-09,59.678046768939296,21.4616312405403
B-00458,M-09,Cotton,Op-09,Evening,1971.7667551434417,138.02152995674552,95.44420615928306,12.096331628037365,2025-10-05,75.39493968898097,38.874031856404414
B-00459,M-07,Silk,Op-01,Morning,1282.189458082208,295.46158159830077,49.66336099977349,11.602342899882144,2026-04-08,38.083571811848095,29.5380021293594
B-00460,M-10,Polyester,Op-12,Morning,871.010473728625,228.12303670977747,35.59390958821556,10.33240670665267,2026-04-22,38.13498719042829,31.301706249055126
B-00461,M-01,Silk,Op-05,Night,1248.3434968039128,102.42062335522148,23.902121795568195,1.1265385671100905,2025-11-26,47.85146719850061,38.52388136863564
B-00462,M-08,Polyester,Op-01,Night,1451.5455333075306,144.4151741386641,20.0545111276656,5.503379855233681,2026-02-15,72.4021044800742,34.577228845398935
B-00463,M-08,Polyester,Op-19,Morning,1143.0530314796504,105.8339527290529,24.63896252155392,7.732462052442126,2025-11-22,63.121700585053404,22.37005247196303
B-00464,M-02,Wool,Op-05,Evening,1096.7549382532354,283.9062049312099,27.275157602306095,14.905570215921497,2026-03-29,32.24556494978079,35.220158469907844
B-00465,M-01,Wool,Op-12,Night,1088.68727934422,250.85299466940455,26.438603326046934,13.857970050035721,2026-04-27,77.54642972512741,31.542451720766415
B-00466,M-09,Polyester,Op-20,Evening,1681.323628788169,150.20027665246005,32.980771191195366,8.897036403669249,2026-03-15,47.92892307624366,33.132621474157524
B-00467,M-03,Cotton,Op-07,Morning,787.3894186022387,283.64781733508744,122.36253824931968,2.425251561293517,2025-12-22,55.29789538674658,24.41705565926018
B-00468,M-10,Silk,Op-02,Evening,762.832658158741,273.3540709012001,20.950869100432723,4.954702415678373,2026-05-06,77.52295852876479,31.63244585978387
B-00469,M-02,Denim,Op-02,Evening,1370.133252004182,203.33967704525355,62.70246589317357,11.622867552602552,2025-11-15,44.12480329864261,27.061007832006048
B-00470,M-09,Cotton,Op-03,Evening,1919.6847697256082,278.5116454972949,57.40163475711221,6.87227191540239,2026-07-19,69.01827515034408,29.526714666021974
B-00471,M-09,Polyester,Op-19,Night,807.020163585926,218.22606065170328,14.754775772820556,3.6059025685468713,2026-05-28,46.57823495335969,37.10060403239871
B-00472,M-07,Cotton,Op-06,Morning,606.7374277601492,113.80151852256326,25.746989656263263,14.17098328704351,2025-11-19,55.346021898091735,28.188241436340366
B-00473,M-06,Wool,Op-11,Evening,1753.7388918657741,166.43820662312092,28.171716058347155,10.710652804633133,2026-01-28,68.55614079259433,33.09301373731909
B-00474,M-09,Silk,Op-12,Evening,1813.8246252755855,500.00349042660986,513.8803966050186,4.954613969180052,2026-01-10,51.261409271884695,20.751421807978147
B-00475,M-05,Cotton,Op-10,Morning,1283.7652716283828,110.92688400019446,236.9349270688752,14.62309428161266,2026-05-10,41.3062665624836,26.083974392725615
B-00476,M-09,Wool,Op-19,Morning,502.21073312946714,245.86895881759926,18.34168398309592,14.535836997189994,2026-07-10,,24.485869665700903
B-00477,M-05,Cotton,Op-19,Evening,1612.8444904380726,269.6850758181049,62.10234053864356,6.916808758190528,2025-11-09,45.146545282021464,26.505902680460622
B-00478,M-10,Cotton,Op-20,Night,1725.1691997584542,136.32279355132053,72.91900455046871,6.193174114208713,2026-03-27,,38.038803934983
B-00479,M-07,Denim,Op-04,Morning,7722.484795519325,250.84965193641614,170.93208284726097,6.504732814390912,2025-08-10,59.53189169973189,33.220285084946404
B-00480,M-01,Silk,Op-18,Night,750.9819560015906,256.1263434851114,15.480025230405973,9.172818927197563,2026-06-12,77.61108928487974,20.848445964137834
B-00481,M-10,Wool,Op-17,Morning,1402.330818949736,159.31198244118613,42.84706625397954,11.001938296997391,2026-05-06,67.95026412609656,22.05031928132949
B-00482,M-09,Denim,Op-09,Morning,1263.335833386584,173.85615404310823,48.73073576052616,14.060948075975409,2026-02-04,71.37531599366106,33.94418763819274
B-00483,M-10,Polyester,Op-18,Night,1192.5742157196787,284.1989042193152,24.99977058562916,10.724335981545995,2025-08-16,66.44905308279081,37.2338180757469
B-00484,M-02,Denim,Op-14,Evening,1710.6063558000544,139.0481205912984,75.71398431490204,5.83478733142843,2026-03-02,46.78052271349213,39.57050936778281
B-00485,M-08,Wool,Op-05,Evening,1551.7547923853897,245.41135232307803,39.136355118978784,8.869019121635995,2026-08-05,77.35453335542596,29.92517505764723
B-00486,M-01,Polyester,Op-20,Morning,744.5530053973865,257.24113045221156,8.195843337156452,11.28221504905828,2026-04-02,,27.687100770482697
B-00487,M-09,Polyester,Op-07,Night,1758.4959915770162,102.28359669081473,34.11295154827359,10.851796914806712,2025-12-03,78.51285548630285,28.75322656296407
B-00488,M-07,Wool,Op-17,Morning,1557.3065150650725,263.425628403117,47.01792411128324,8.650024425089862,2026-04-19,78.35176376280731,21.03337443315922
B-00489,M-01,Cotton,Op-13,Night,1577.6809209838252,272.5280942298358,40.80221633869633,3.5095785667090604,2026-04-11,70.00017408818407,31.054141514370905
B-00490,M-07,Polyester,Op-13,Night,697.5725428686403,273.0591517817825,31.290705577563788,3.201824914516015,2025-08-29,45.489392960454964,25.800910639248738
B-00491,M-08,Wool,Op-01,Morning,1509.0544913133472,771.8261181443781,305.47994438223355,4.5065505830949855,2026-04-23,61.243704980349946,31.434919662874975
B-00492,M-06,Silk,Op-08,Night,1511.0298785881891,110.3671598239458,36.44353257061322,8.684021311082983,2026-04-08,44.38163645218391,26.135531990442825
B-00493,M-09,Silk,Op-08,Morning,1431.9386735744151,166.80999313375384,59.21122790564756,11.257786708263925,2026-03-06,50.22636927869348,21.367064006199172
B-00494,M-04,Denim,Op-08,Night,928.637486889059,186.55337591985253,23.17585892460679,10.596214365106622,2026-06-10,46.6228078574356,21.13171312293431
B-00495,M-10,Wool,Op-07,Morning,1916.672874041455,228.34687945971163,51.23909552512594,10.400708081340897,2026-03-22,61.61410768188199,23.979842779188736
B-00496,M-10,Polyester,Op-11,Morning,1626.4096975449775,120.27457951063184,80.04334607298296,4.889938865255972,2025-11-15,43.81595542329268,28.64037855189012
B-00497,M-06,Denim,Op-14,Evening,601.2538200257329,203.740198876119,15.719203977702195,3.5111055481709466,2026-01-13,78.53382727048721,22.266070094549285
B-00498,M-03,Polyester,Op-01,Night,1606.8274772519094,240.91088560548906,33.05412922166942,6.918200916515051,2025-10-16,47.32620839763591,27.952247571057413
B-00499,M-08,Polyester,Op-17,Night,807.9994080601997,196.607939511778,39.383097708510725,4.7594725849465025,2025-12-30,44.37308324486251,33.13512126949114
B-00500,M-01,Denim,Op-01,Evening,1405.4558008390627,115.39589341299326,19.230401194606,2.0581705939569375,2026-01-28,77.5711610422783,25.945815806146673
B-00501,M-08,Wool,Op-16,Night,1398.5668807255724,224.72975565805322,67.9712102116628,10.079067481661633,2026-03-14,43.37010139287706,20.3022136842895
B-00502,M-06,Denim,Op-20,Night,876.3395685366538,235.2052576105095,18.26629064758672,10.892818178301933,2025-11-08,60.50037085397429,26.258147884272965
B-00503,M-01,Polyester,Op-17,Night,1396.5024240540547,273.2191267223383,363.76134837371984,14.254272204927538,2026-02-06,35.29529022018788,23.0965722519544
B-00504,M-08,Denim,Op-10,Evening,1824.4907372446596,140.52652682706864,48.031666547528054,9.226202195531625,2026-01-03,65.05697972087368,33.602237708939455
B-00505,M-08,Cotton,Op-17,Morning,523.0923375369628,216.5852113608526,13.580216057985053,4.543421548514523,2026-05-27,52.51271230714452,39.151620301676346
B-00506,M-03,Denim,Op-19,Night,1759.70240999664,137.70812114985023,18.182648995495303,10.414446972350405,2026-05-16,78.85034772194717,22.037862017458735
B-00507,M-02,Cotton,Op-04,Night,1150.3741889489215,118.52509661027344,23.408349710137575,11.477380895467238,2026-01-09,75.72743319242795,28.680419454175176
B-00508,M-03,Denim,Op-18,Evening,1151.6049785099146,244.6895635700002,40.8906481796039,1.1267582621251937,2026-08-05,59.47269947423486,32.26583369774758
B-00509,M-03,Cotton,Op-14,Evening,863.0331199713158,242.81054467562535,34.132033022376724,2.2794808086448697,2026-03-22,39.96351682334004,37.54940093308964
B-00510,M-01,Wool,Op-09,Morning,520.6183310170179,149.67525207396005,6.508276739542852,4.001690761904304,2026-01-05,43.54031640184863,24.95119540559773
B-00511,M-08,Denim,Op-14,Evening,1188.4107748952306,246.54669495723303,327.7325257343914,9.49424414604411,2026-07-18,63.64358342990399,21.622983570724784
B-00512,M-04,Cotton,Op-06,Morning,1707.635477743494,264.5967610083535,446.4309408134918,14.05794711385866,2026-07-30,57.21269830568488,24.00564035735252
B-00513,M-02,Cotton,Op-04,Evening,1606.876090031038,204.28980483337602,53.634240057667014,1.9584220706700928,2026-05-28,48.555646921506394,38.415332169267145
B-00514,M-08,Wool,Op-12,Morning,1307.49791488357,153.7707028764387,54.25525497623766,6.158284878832105,2026-07-11,74.76730445765847,33.329260950536714
B-00515,M-02,Silk,Op-16,Morning,1181.5181346014826,226.0494438912316,32.73020339162167,4.477370522404906,2026-06-26,65.27304151417431,28.552026674066745
B-00516,M-02,Wool,Op-17,Morning,1473.9834868653224,287.2561242937853,40.91303268627973,1.896088852520693,2025-12-23,71.23716186735038,25.84766220824386
B-00517,M-05,Wool,Op-19,Night,532.8699931625134,160.2092155668626,25.089877310052483,8.036837396821827,2026-02-27,32.80880386737195,29.8219145876633
B-00518,M-10,Polyester,Op-10,Morning,658.0898271617078,252.88814561510088,10.779307691195967,6.735394747263896,2026-08-27,62.7586857262169,25.20473195970459
B-00519,M-07,Denim,Op-02,Evening,8425.67154937242,114.09838912862892,111.04318634111027,3.5990538686174025,2026-03-01,63.21096924944841,37.633812236870156
B-00520,M-05,Silk,Op-17,Night,933.7811694439247,161.96137506449378,22.667947824575837,4.499397249566697,2026-03-15,55.75028298548615,30.71107629759345
B-00521,M-03,Polyester,Op-11,Evening,1030.683738104654,265.7111195812163,49.58887511890224,12.050099876475599,2025-09-17,45.38979158403728,38.27576887746518
B-00522,M-09,Silk,Op-15,Evening,990.1138130450613,170.88498975861097,13.963296391646665,8.078878147907425,2025-08-12,77.05604062668368,37.52638866284623
B-00523,M-10,Silk,Op-12,Morning,1089.0961149071243,210.67423794995437,300.24883059095487,8.04385461572156,2026-06-12,39.693153396844636,37.17633542336309
B-00524,M-07,Polyester,Op-20,Morning,1788.1464190242084,249.67117073314796,66.06452982823505,7.148948417496043,2025-08-08,60.527337750771224,23.207308122394863
B-00525,M-06,Denim,Op-10,Morning,768.8798836089211,238.78991810203135,7.750067343904091,4.2143742505555615,2025-12-02,35.877565007510995,23.30568980285915
B-00526,M-01,Denim,Op-17,Morning,1578.1094267802953,246.48020981167582,16.988598358172812,8.209066898785633,2026-05-22,38.06814005276918,21.671086750213796
B-00527,M-02,Wool,Op-05,Morning,748.6222654478311,278.1711069966293,10.64078166436291,4.381515783823545,2025-08-22,,27.085426544344315
B-00528,M-10,Cotton,Op-11,Evening,833.5419571222554,203.84491415604103,21.373111692485857,9.508537563339136,2026-08-04,42.26761570831055,21.154643184502344
B-00529,M-04,Silk,Op-07,Morning,851.3050563895013,143.9107846459604,22.671108481905904,14.438079237988374,2026-04-03,60.815024296286204,31.137568863441917
B-00530,M-01,Wool,Op-18,Night,1143.4165001452166,208.18100076761618,34.307651907750135,10.750017298505501,2026-07-06,65.10730480909147,23.433878154108992
B-00531,M-04,Polyester,Op-03,Evening,1117.937142551153,274.10539325387685,38.26197508194858,9.83986489705727,2025-10-18,56.62520332079909,22.307892843578347
B-00532,M-07,Cotton,Op-03,Evening,675.8058585203502,167.4413151131504,17.350892989866708,2.9997875074006464,2026-02-08,64.60368235121845,24.12504227672305
B-00533,M-05,Silk,Op-07,Night,1843.512166428168,140.86327667979407,76.89349076052663,8.109270895422908,2025-08-04,50.9635830583011,20.362480820914595
B-00534,M-08,Cotton,Op-15,Evening,603.5688594718996,194.85100419539071,12.150381541060383,8.8494961291453,2025-09-11,61.42132283072935,33.77263258615751
B-00535,M-05,Silk,Op-13,Morning,514.9681649876741,244.6887324709824,22.521126814349284,8.4991923908661,2025-09-03,71.80588516036244,36.42776725801389
B-00536,M-02,Silk,Op-16,Evening,1227.64198996931,166.72567916737313,54.26050016955343,12.08181483627918,2026-06-01,52.564705651462745,23.66884392806869
B-00537,M-02,Silk,Op-18,Night,1823.8398151585209,193.26195122803404,84.02605325312555,2.0597961823370246,2026-07-22,49.39130449584656,36.070753189252066
B-00538,M-08,Denim,Op-03,Evening,805.2091137463938,113.39472240505431,39.23190772024692,13.282906343859741,2026-05-13,49.47024694894377,30.835219285351265
B-00539,M-04,Polyester,Op-03,Night,599.8470918713343,229.66360149041913,16.399153247731004,2.0374759160481393,2025-08-28,48.77344642332502,36.07629090386894
B-00540,M-03,Silk,Op-13,Morning,1995.7735308544256,211.81185698932043,49.69741719381854,5.496270136903349,2025-10-25,41.00556629523766,27.010410685723237
B-00541,M-02,Polyester,Op-05,Night,603.0705165859415,173.91483988535464,91.21716098039673,7.499339276349149,2025-08-06,66.13688761194024,33.13458969443216
B-00542,M-10,Denim,Op-07,Morning,826.501099370804,232.3368576799713,33.81412947085787,7.7758511545164595,2025-09-13,30.2656737834173,36.089892848636445
B-00543,M-06,Cotton,Op-19,Morning,1322.628744490344,113.29266515525443,52.99757467397954,11.731210693456186,2025-10-18,59.1856793865682,35.63919954315918
B-00544,M-01,Cotton,Op-18,Evening,1704.5031079367557,203.60161328092497,67.65194565763983,2.96454325470921,2026-07-02,63.557873668984435,32.40947570103941
B-00545,M-07,Denim,Op-13,Evening,754.821509076103,138.99503998005784,30.456000837965462,13.465733241070598,2025-11-21,67.49888992260354,38.16456977400646
B-00546,M-07,Polyester,Op-10,Night,7369.606100580513,230.82654740557473,171.6397111958099,13.447790935160139,2026-06-24,58.940337725597026,32.64782648656775
B-00547,M-03,Cotton,Op-05,Night,906.4140474745482,140.45083610490698,24.46777135702692,5.393575315141818,2026-01-27,42.075031399641674,24.298252740727918
B-00548,M-07,Wool,Op-15,Evening,9109.154732926796,201.41192934774364,165.95107686407704,3.6308853314145226,2026-02-27,33.8485834690437,33.92312290275851
B-00549,M-05,Denim,Op-18,Night,1694.3621758120528,154.38920788368975,415.89160321526595,10.693024914454814,2026-02-21,,25.281239693874376
B-00550,M-02,Polyester,Op-17,Evening,986.7677002630131,153.90237245845452,33.364718389763304,3.672972191003009,2026-01-01,64.7320479446864,24.374312259958547
B-00551,M-02,Wool,Op-19,Evening,896.952540388036,232.3937889587737,15.704648950817123,12.40915619956755,2025-10-18,68.90126215723265,35.217026618615634
B-00552,M-06,Denim,Op-12,Evening,632.5774204767781,239.78976569747712,12.893862232725057,6.156860993120919,2026-04-01,51.61731132016736,20.62298185586782
B-00553,M-08,Wool,Op-06,Night,550.514605811696,275.83715452024956,20.18951520856465,4.407553565059427,2026-08-01,57.8668584786504,20.77958641322261
B-00554,M-02,Silk,Op-09,Morning,9127.078320619741,279.58383739153317,184.48713477552292,13.433654645076501,2025-10-16,46.26453091808739,38.019217913809356
B-00555,M-03,Denim,Op-12,Morning,873.5131041636348,215.34047977155126,20.148077629944638,1.94158279554315,2026-04-16,34.745896841083486,39.97785224066581
B-00556,M-03,Wool,Op-05,Evening,1622.2758680732695,261.33301060536326,18.841165587584438,13.012325794101208,2025-08-07,79.88141487010782,24.829929705137356
B-00557,M-06,Cotton,Op-09,Morning,1116.787276991879,126.0161339657894,36.460008467463865,1.3139624482687717,2026-08-01,48.021341357074306,35.674765021504726
B-00558,M-07,Denim,Op-16,Evening,969.166983815531,230.86840109854393,33.87211800749317,4.24825452432335,2026-06-14,30.71907230360425,35.287067728728545
B-00559,M-09,Cotton,Op-04,Night,1643.4539367514399,107.78760333753313,57.49551602047761,12.719674789629131,2025-10-05,60.976310001815165,31.267907014252803
B-00560,M-02,Silk,Op-19,Evening,1796.649870302546,217.3873013117814,49.752383031001536,9.13330531843451,2026-01-03,79.53395785328829,35.13460334137136
B-00561,M-03,Silk,Op-18,Morning,1561.0955000493916,177.84609433835772,73.57019086417762,4.204256474768986,2025-09-17,,31.937037537755188
B-00562,M-05,Silk,Op-07,Morning,1893.7092800231942,168.38105562109806,93.25517627728999,8.38748452710373,2026-08-15,40.58179492849306,39.91262218997767
B-00563,M-02,Cotton,Op-03,Night,1474.263394561171,260.8828119354947,41.56033088069433,11.0114022579718,2026-06-22,59.657910951973406,21.066959939777952
B-00564,M-03,Silk,Op-10,Evening,1512.1794532511158,235.50632277673694,45.387125484802255,6.2237166579133705,2025-09-23,77.08459933290152,23.34714064473562
B-00565,M-06,Silk,Op-06,Morning,1536.3259648262342,239.42716117836184,54.44372509562063,10.080945394763418,2026-04-08,43.76441067259301,23.12413137373244
B-00566,M-08,Cotton,Op-16,Morning,1398.9531742091567,135.8712020578482,60.847025110999745,10.871948037987886,2025-10-19,52.75859958668282,33.35521183206306
B-00567,M-02,Denim,Op-09,Morning,754.5926428653847,103.82897359936733,32.84454953695186,11.907436209541014,2026-08-10,60.4848712576308,33.992791392442435
B-00568,M-01,Cotton,Op-13,Evening,1704.2164022367508,292.1840293857649,27.51907586604609,8.503091103929656,2026-06-11,54.42478163299527,28.0377439978146
B-00569,M-07,Denim,Op-03,Night,1358.9108493230337,155.40250486519577,45.8137866215142,13.898305170981656,2026-05-04,,31.663816085541953
B-00570,M-06,Silk,Op-10,Evening,1032.386991315515,110.3978703955415,35.383906017917724,1.4444127152218407,2026-07-30,51.16675720765987,21.691307561944758
B-00571,M-08,Silk,Op-07,Morning,1821.4595084594862,276.58296330374446,81.09114645455588,10.226635741851254,2025-11-17,,24.224636629458622
B-00572,M-06,Denim,Op-03,Night,1829.1401529698123,139.33071699059172,91.25491692077694,11.323965200789482,2026-01-15,44.32597744635615,36.0528062470586
B-00573,M-02,Wool,Op-10,Evening,53.11970342991386,279.47317315818634,24.809866113250006,9.716827470381213,2025-11-27,78.66913095824106,29.300190350528553
B-00574,M-01,Denim,Op-04,Morning,600.524806626815,295.06862669581415,8.049518248082228,12.437634701805713,2025-09-27,72.62737106229852,38.75930462867788
B-00575,M-02,Cotton,Op-05,Evening,1078.3963887700002,114.20697780880042,31.019304781287005,3.9511034217004006,2025-09-27,,24.587315540753448
B-00576,M-01,Silk,Op-04,Evening,902.8432511804639,120.19562136355222,36.44931713353422,3.344875247317508,2025-10-19,37.363778177604544,39.46153595824597
B-00577,M-04,Cotton,Op-07,Evening,1951.642197904343,187.9480973015817,42.887990998016356,4.897158743277192,2026-03-08,69.91465986045932,26.525078360822935
B-00578,M-03,Silk,Op-07,Morning,848.7589883117469,125.93579564484708,10.6116887705601,4.590482854234724,2025-10-28,47.76598742369438,33.47988416291461
B-00579,M-03,Denim,Op-08,Night,815.7604094980145,261.8047280583353,13.21288150537943,3.056906930172791,2026-08-07,47.13225732612608,37.2931784371628
B-00580,M-02,Cotton,Op-01,Morning,624.1052534272849,196.90759901600217,9.664856212502318,5.2338731578995095,2026-07-13,58.1704182241927,36.076097809669506
B-00581,M-03,Polyester,Op-05,Night,1371.0486268314276,201.10175207797278,40.464269170754825,3.017103004184794,2026-04-11,61.199924276449124,25.472808357215435
B-00582,M-08,Wool,Op-03,Night,623.4084864155928,191.91681144272462,136.37977899880758,5.290488552599484,2026-03-26,71.11906055926772,21.139574539947365
B-00583,M-06,Wool,Op-17,Morning,1587.509114448678,214.8575150180422,35.8062996184479,10.340972720718534,2026-01-02,68.8524642825878,37.24405947316377
B-00584,M-08,Denim,Op-06,Morning,1307.0340580458544,268.02161568784,23.273911980257296,14.85231583351079,2025-09-18,74.47596555218816,27.429345252487536
B-00585,M-08,Cotton,Op-04,Night,1234.088806109883,248.32829036720844,30.181062390403792,7.8959669905461665,2026-08-01,54.15904316568343,36.76460842163601
B-00586,M-08,Wool,Op-19,Evening,1789.6920122174683,181.3609601903447,26.91711303383042,5.595263479496752,2026-01-25,52.69949555998495,35.24893917349737
B-00587,M-07,Polyester,Op-13,Morning,794.628823808026,290.2889651326184,23.5090766535452,3.4568827833390032,2026-07-21,58.38636589655273,31.586289333238756
B-00588,M-07,Silk,Op-05,Evening,1467.117872865228,145.96534515952368,22.958842110736494,8.737271748874475,2025-08-24,48.608662762344856,33.23334519258378
B-00589,M-05,Polyester,Op-04,Evening,1356.3161252592145,137.05407107666474,58.360164388786664,4.901002883610509,2026-01-05,40.93549001617916,23.656755597376343
B-00590,M-10,Polyester,Op-19,Night,928.5613514913355,285.4247563728899,23.19725443776334,14.578971354832673,2026-05-02,58.56302349685487,22.860022453314528
B-00591,M-05,Cotton,Op-14,Night,1696.598395022321,173.4781457394141,70.98068118956644,2.2182410562390427,2026-04-23,57.8392455464094,36.9024170299207
B-00592,M-01,Denim,Op-02,Morning,762.6847101955299,234.55292288249333,15.243594816575454,4.0870596880990595,2025-12-30,40.91037672760861,37.481435466103704
B-00593,M-02,Denim,Op-16,Morning,894.8710197770167,100.13067815225992,154.64023145457094,13.189366477757247,2026-07-16,69.62974066045673,32.54657870181356
B-00594,M-02,Cotton,Op-16,Night,1187.4853918813633,170.24387746975617,13.777638666187078,2.312871367598231,2026-03-24,54.3065242607462,38.414793006852705
B-00595,M-03,Denim,Op-06,Evening,937.1913702406908,141.5081872411407,26.852385132626853,4.334053151319749,2025-10-11,75.42172759396877,29.361381084685803
B-00596,M-01,Silk,Op-14,Evening,1640.8634636829236,130.89844080098516,82.01414324108775,7.821714957400711,2025-09-04,51.499260706052986,31.93821381093312
B-00597,M-01,Wool,Op-12,Morning,1654.1733411230707,179.57314060348546,30.06945530588673,12.585742731836657,2026-07-02,38.53541816562401,20.609273726179204
B-00598,M-09,Polyester,Op-05,Evening,1010.6173341713895,202.11615149191198,30.370087567981873,9.611807967576798,2026-04-27,75.53028586072108,30.197080191009153
B-00599,M-04,Silk,Op-12,Evening,575.3645147344732,106.98231053124476,9.451618398763431,8.716239466829208,2025-12-13,51.90893066241723,36.78360789960597
B-00600,M-02,Denim,Op-18,Night,537.4574931755744,189.80775358602517,7.773634692274313,4.324699794531605,2025-11-28,32.480718666941875,34.49196573695258
B-00601,M-02,Polyester,Op-15,Morning,1412.4792500116575,156.20995003337782,36.27775415773894,3.4289447049703083,2026-07-17,48.987576145965875,36.02891552445907
B-00602,M-03,Denim,Op-05,Morning,1626.1544738165835,125.09725935983013,470.56309688001204,11.818799875311107,2025-12-04,41.84666624533243,33.54786259777745
B-00603,M-07,Denim,Op-01,Evening,1080.9837769629712,113.23303776688809,44.33088749845455,1.2681767977175407,2026-05-23,71.34292804863765,30.494712753228644
B-00604,M-06,Silk,Op-16,Night,851.638400017272,169.01674910264674,40.30651551326526,1.4214542109584651,2025-09-21,78.07461622870561,33.357358134016266
B-00605,M-03,Silk,Op-08,Evening,898.2446111436085,222.29272224513215,43.01375330875786,10.49899955609693,2026-02-18,45.87748501287942,36.962184700312605
B-00606,M-03,Wool,Op-10,Morning,1827.2826765440066,247.8133951878745,19.024534015851156,4.884505516149357,2026-05-30,44.080802105281585,39.26720640892076
B-00607,M-06,Wool,Op-05,Evening,1574.0749598632167,241.24923251105244,37.14639751283137,9.717653573297165,2026-04-16,79.50544230434329,26.237588715274505
B-00608,M-08,Wool,Op-06,Night,618.4091044198333,188.5596273087475,109.99021907095567,4.654679367287873,2026-03-26,47.16933510888221,36.691435805112555
B-00609,M-03,Cotton,Op-18,Night,1058.7633973301988,285.7261124230788,35.79521646909023,1.8653184496491169,2026-03-11,34.618026405568926,23.255819784124586
B-00610,M-03,Wool,Op-15,Evening,725.7084065089962,293.6152762901467,20.928276638029363,7.254003381619285,2025-09-09,55.07589801750832,24.93317231610813
B-00611,M-10,Polyester,Op-15,Evening,1492.8704489555173,250.23542739080855,63.74006528906055,11.554153157938782,2026-07-11,58.89455563470442,38.08719549987714
B-00612,M-04,Cotton,Op-03,Night,1635.5721720479382,111.12110433609212,43.257448521770726,1.0962914710750904,2026-01-11,40.62236385977365,33.27047187826905
B-00613,M-09,Cotton,Op-12,Evening,63.58165906371848,276.9173776459228,27.856521509633787,13.537879873845743,2026-06-13,75.45876320267928,26.277561530300545
B-00614,M-08,Wool,Op-03,Morning,776.9486860210538,168.42152417271882,30.60947371846544,7.019406676917504,2025-08-20,71.54745855275343,22.39782186945424
B-00615,M-07,Denim,Op-05,Night,1297.182371283958,157.5890685351985,35.48281125749959,7.899474183459544,2025-10-25,44.99710348885113,31.921639104766122
B-00616,M-10,Denim,Op-03,Morning,746.6082936183182,123.31661491113934,29.35664130720426,8.653739549009822,2026-01-30,75.12065166430517,26.87915373115371
B-00617,M-04,Polyester,Op-13,Evening,1487.9920324096504,286.3109828618962,68.35159649616462,12.493734242187973,2025-11-17,58.33026294527315,33.14060996468214
B-00618,M-04,Cotton,Op-01,Morning,1099.278176880402,165.35894117155547,15.585764657766235,1.1513551708927487,2026-04-15,71.32755370957321,36.01961400806729
B-00619,M-03,Denim,Op-08,Morning,1365.2860716990504,192.79633963337747,17.324616301780452,2.6619273371275605,2026-06-27,79.02841135303618,24.29391774926711
B-00620,M-07,Silk,Op-16,Night,5862.61938473181,247.77333542660654,156.79742973160805,1.4542082446606175,2026-06-27,62.93588193635111,30.645837519029087
B-00621,M-08,Polyester,Op-12,Morning,944.5364202699326,287.6631457302632,46.08293575366556,12.462363212776712,2026-07-31,79.17836032568314,25.19341677900828
B-00622,M-02,Wool,Op-07,Night,1146.8508046873367,169.50375906275093,32.47555747712648,1.7048933775709454,2026-05-26,32.63826289298013,33.84022511893309
B-00623,M-05,Silk,Op-12,Morning,9103.480803833896,222.79406126504654,147.73503981224013,4.540013655501556,2025-11-27,58.88158771722113,27.184174939653808
B-00624,M-06,Polyester,Op-04,Morning,1026.2286640025234,172.5119593118189,13.738670797596637,12.28000335935505,2026-06-09,46.4089741398806,24.18118747413692
B-00625,M-09,Wool,Op-04,Evening,91.18118053744868,196.42641978396836,43.48633060608396,12.7727219456407,2026-01-04,41.0619348223032,27.619825473367996
B-00626,M-03,Denim,Op-20,Night,1188.6860349300214,160.6571781698566,44.40296039145288,14.055768297870369,2025-08-02,35.932188287079015,38.6749884600294
B-00627,M-03,Polyester,Op-10,Morning,1297.358229030097,106.53181215689918,47.037518318939384,7.658346685508116,2026-05-12,50.38740525013661,23.22437623950245
B-00628,M-07,Cotton,Op-07,Morning,1956.7263610524287,212.43776221290503,28.67453222066417,11.006545870215241,2026-08-11,33.42252262830084,28.353339916339895
B-00629,M-01,Cotton,Op-04,Night,1419.1937533047656,287.69643164283093,45.45185866409359,10.264888254602939,2026-05-14,33.84015241572108,27.093324099701658
B-00630,M-05,Wool,Op-12,Evening,1104.8116341998784,266.72880209503444,22.332060196720413,12.405394065939849,2026-06-06,60.59155100516107,27.469158902654105
B-00631,M-01,Wool,Op-07,Night,69.76296577155789,170.9795366973108,30.441472886958636,6.784415240908073,2026-05-21,63.79114625520368,33.163196485951474
B-00632,M-09,Denim,Op-12,Night,735.2190579752086,265.46042994744914,33.21220389256268,1.5868130340276054,2025-10-30,50.959143795106066,23.364073115330363
B-00633,M-09,Polyester,Op-14,Morning,1335.5607699125526,146.27612727536962,25.132369105291833,8.033982020329269,2025-08-03,66.5743179851558,39.162360178388674
B-00634,M-09,Cotton,Op-03,Evening,1829.2726581940176,286.86082283349805,47.796014052990756,13.829887623448927,2025-12-18,61.7707178430955,32.596413088694156
B-00635,M-09,Denim,Op-10,Evening,1628.596823455682,206.25880367018638,69.99523601857499,10.484132997196122,2026-05-23,51.42289519243977,34.62992928086278
B-00636,M-08,Cotton,Op-13,Evening,719.6543849042241,266.5859431148456,18.107669743527307,8.5641514450643,2025-12-03,72.23329545451122,28.626034126820294
B-00637,M-03,Cotton,Op-12,Morning,1872.5910987758336,150.23385350968027,41.83130931463378,12.818972554006002,2026-03-07,54.2010286254702,30.281908851025193
B-00638,M-10,Wool,Op-09,Night,1359.5633009285234,165.04223925524227,66.80104356009494,1.5497717993831324,2026-02-04,43.5999302672178,20.127580868131815
B-00639,M-08,Cotton,Op-04,Evening,1948.6208147296213,179.031059494461,82.26531801481501,11.197191960755044,2025-12-20,47.29030492052125,33.42186314171952
B-00640,M-01,Polyester,Op-13,Night,1920.134367038361,180.04245516993439,21.180587358872405,11.966171761384668,2025-09-14,43.29642253160594,39.80664607587296
B-00641,M-08,Denim,Op-07,Evening,1405.2932097516814,231.90119633026544,24.23755736830183,10.632637799037804,2025-09-23,36.01937893945445,38.77059566946261
B-00642,M-01,Denim,Op-04,Evening,1434.1301048597616,144.53521582461698,23.532675365783827,5.301029838297793,2026-01-09,57.32292708640622,28.343868371291528
B-00643,M-05,Polyester,Op-16,Evening,756.4046036312725,183.62895763255995,19.457870251647652,11.60196169585701,2026-06-20,74.89823234238943,21.682553245187655
B-00644,M-09,Wool,Op-16,Evening,650.368345584315,103.31849612651958,12.586262073247857,10.264061557015392,2025-11-13,60.12247209832939,23.260382276297726
B-00645,M-06,Silk,Op-11,Morning,535.5616304667776,266.98944113888075,23.959089126983706,14.64566834467972,2026-08-13,36.77297683973454,24.629504275305962
B-00646,M-06,Denim,Op-04,Evening,1889.6956969342773,183.92547656136207,48.59504483422137,1.7087146117670378,2026-03-04,31.96959168464097,31.47899732138021
B-00647,M-02,Cotton,Op-10,Morning,542.9786413664817,216.65047846251136,6.30415584478804,1.1582355122463146,2026-03-08,69.36859790746365,26.128656454067432
B-00648,M-07,Silk,Op-01,Night,1382.5283314747298,179.53688288661095,53.05805650697673,14.633205787000094,2025-12-30,57.20993312518511,25.504783620740167
B-00649,M-02,Polyester,Op-11,Evening,907.238003814067,280.84865828151305,24.53611529024311,6.24610758710327,2025-12-13,57.49342813881026,21.011462076484577
B-00650,M-02,Wool,Op-07,Evening,1748.5453094914924,261.1297610726684,74.64926789863233,4.140459823949367,2026-04-14,,24.521581420211255
B-00651,M-10,Cotton,Op-19,Evening,1895.5976302539882,119.07218425460071,25.289161515924288,7.300820951967154,2026-04-10,46.87271394821145,37.41376910914879
B-00652,M-05,Wool,Op-10,Evening,816.6889138370561,250.49366751729886,19.090958564536646,1.7181138857370182,2025-09-22,54.62676903571446,28.842140693594402
B-00653,M-03,Cotton,Op-17,Morning,1091.8584729783856,205.98811738604658,44.11811081052437,3.2591430174373635,2025-11-05,58.59979391417964,36.10864658599972
B-00654,M-10,Denim,Op-19,Night,730.8498570406605,129.84989394829478,27.178763120550016,4.7544411484287865,2025-10-11,48.05373631705186,28.169111628169652
B-00655,M-07,Denim,Op-11,Morning,585.0206482487531,106.93454084521328,20.86194118164803,6.486747881214726,2025-10-07,64.85818460689902,23.868706859129652
B-00656,M-07,Polyester,Op-04,Morning,889.7422069104491,277.2172217627033,17.08282807817939,13.53965921973263,2026-05-21,,25.94574408562653
B-00657,M-01,Polyester,Op-06,Evening,1116.9559580993468,148.10631703602974,41.24213021983624,10.41337380608385,2026-06-19,,36.521293690965706
B-00658,M-08,Cotton,Op-02,Morning,1736.5256708740242,179.39843244149483,63.992417513507405,3.1884375899240522,2026-03-20,66.89754736987962,27.209490102831076
B-00659,M-02,Denim,Op-05,Morning,905.9659129726485,116.24592696133453,44.47495138322288,14.896145136828688,2026-07-01,37.81007539652997,39.76841987926962
B-00660,M-09,Silk,Op-16,Morning,1690.7271558620594,231.88459241639953,48.536124608007626,9.089298703515185,2026-04-28,73.30507726889174,25.78879043238976
B-00661,M-04,Denim,Op-07,Morning,1429.084954049753,182.23809517389822,62.912579951872424,6.984810357263751,2026-07-04,46.51423337510422,31.28463633369072
B-00662,M-06,Cotton,Op-11,Night,802.2925670094693,286.8866077506883,33.03894388658533,10.647227152475216,2026-01-23,71.1636606340015,31.123813852600232
B-00663,M-06,Silk,Op-01,Night,524.3005960092008,263.6760849559071,26.046472343937808,1.5619440271951313,2025-10-21,,37.79826752725725
B-00664,M-05,Wool,Op-13,Evening,941.1011932651668,142.06371125715873,13.282423380567035,11.71508709401257,2025-10-04,42.651317046012664,37.31124766344407
B-00665,M-07,Cotton,Op-13,Evening,688.9327945690374,295.8303110201231,25.531401547201202,10.433744575780064,2026-03-26,72.34436122144764,26.48658754703036
B-00666,M-06,Denim,Op-02,Evening,1391.3627409628957,220.6300240245894,29.26996966351636,10.555454433528102,2026-07-17,58.76795865645493,28.58124738605332
B-00667,M-02,Polyester,Op-09,Night,1652.8719963698031,145.25448600063726,65.92170983706008,10.6929602861618,2026-07-25,41.66664113246633,32.50660339908908
B-00668,M-01,Polyester,Op-15,Night,828.0708333598088,111.98866017226166,36.416780073511674,2.833632401918437,2026-06-19,,32.119939345420505
B-00669,M-03,Wool,Op-14,Evening,567.4952318531366,246.83025180832925,13.210642160479498,5.77846104330073,2026-01-08,53.92641849597612,38.57719099691131
B-00670,M-04,Cotton,Op-14,Evening,1198.0054009092291,102.73648295213621,42.2356960333575,2.142382080067737,2026-05-26,42.9295795567392,20.557044816421488
B-00671,M-09,Wool,Op-08,Morning,1139.5975352024338,209.62904054560443,55.39823953496034,3.4450606025486135,2026-01-03,44.796601471830805,33.2764894970545
B-00672,M-02,Silk,Op-06,Night,575.6251604033138,278.0768641710532,17.275168087045213,9.076336818356918,2026-06-28,,31.278391335112474
B-00673,M-04,Polyester,Op-07,Evening,604.0911288562751,117.97537034723213,15.865620756393275,9.412768079227206,2026-04-02,47.047928571777916,38.34536133155361
B-00674,M-04,Denim,Op-06,Evening,714.9221880539617,242.9437667004072,27.105067556905503,5.106947900174138,2026-06-14,,30.509406147117865
B-00675,M-08,Cotton,Op-01,Evening,1850.3961668031056,258.4382389603352,40.399632710254195,10.469054950218137,2026-06-20,63.98165911975718,38.91849288064173
B-00676,M-10,Silk,Op-03,Morning,501.6681412942811,154.39091187963973,16.925508164599325,4.050479314774416,2025-11-15,63.09172925569991,32.67423199531058
B-00677,M-10,Cotton,Op-01,Evening,524.3651648141805,245.7556108901295,12.432297976098653,5.529425774796882,2025-12-12,63.25279945033156,31.131568570043065
B-00678,M-10,Polyester,Op-09,Morning,701.8644006561616,118.88377953209618,9.922512927919767,12.64125666357113,2025-12-13,75.9198771040779,32.99576093528599
B-00679,M-05,Cotton,Op-11,Morning,1103.0408253323612,245.78784002103146,42.4510576468393,11.917492376140954,2026-06-23,35.91093111455443,20.00061437690765
B-00680,M-05,Wool,Op-09,Night,1034.8942639793086,150.89626632365204,49.990842549095625,1.1805645770533562,2026-03-20,57.01497033807499,37.02301470851964
B-00681,M-08,Cotton,Op-07,Morning,1348.6174259199338,202.89226554797884,280.92908288706883,2.1907893968493752,2026-07-31,57.443640077129984,27.599581579307895
B-00682,M-08,Cotton,Op-15,Evening,860.44868517555,118.9930550456753,42.58657083079745,5.40885822424454,2025-08-29,34.832241714387614,23.53793901647968
B-00683,M-04,Silk,Op-06,Morning,1166.155335359928,206.3743533010033,49.5603806036364,13.230659402321015,2025-08-09,79.77844502453439,31.654288986893633
B-00684,M-09,Wool,Op-06,Evening,990.4115365050129,161.14879148945823,22.392786278575496,6.637852093923843,2026-07-19,63.625363133682455,33.643833785101975
B-00685,M-02,Denim,Op-12,Night,699.814886204943,226.4792512931017,26.61008304697575,2.796562070642703,2026-07-04,58.92462541146651,33.86844256112618
B-00686,M-05,Wool,Op-01,Evening,1630.2081659893952,274.5718843131329,28.472559818212,7.999425887507038,2026-08-05,66.51245947647857,32.38345470731673
B-00687,M-10,Polyester,Op-07,Morning,538.5344673041122,156.90827713538675,9.612747973323868,7.202471888726672,2025-10-02,60.855297221432814,36.99918661006411
B-00688,M-05,Polyester,Op-08,Evening,688.3246848477156,292.6959894948655,23.005565611673266,2.5126238312697,2026-07-13,,29.569821402143784
B-00689,M-03,Cotton,Op-10,Evening,1312.0616313611574,117.20643140658865,41.6891779653153,1.7983767960506711,2026-01-18,35.274171373051786,31.71175367745225
B-00690,M-06,Wool,Op-07,Evening,850.6111880551164,227.5548283691183,31.959517823648415,12.480945028779091,2026-01-11,32.07894799232969,29.962598870960846
B-00691,M-10,Polyester,Op-14,Night,878.4678906045306,161.5541810586298,29.275125846852063,9.590930641851374,2026-01-21,74.89676467218685,36.19848840605799
B-00692,M-08,Wool,Op-17,Morning,1595.3325766358737,172.96449404155973,60.73356290990334,9.973517393382608,2026-04-01,53.30907955637785,23.79872272915122
B-00693,M-05,Polyester,Op-17,Evening,1334.696956023233,171.7243163907183,16.383746698959193,13.75874866110083,2026-03-29,31.046705891336664,26.31546302498992
B-00694,M-08,Wool,Op-09,Evening,7270.918313683531,240.42149082275853,141.22797278316656,5.638931062308439,2026-04-19,63.78314511035365,27.918744523918996
B-00695,M-07,Cotton,Op-03,Evening,1902.0948732324514,150.17581997814005,47.768389985791,2.6862627599519158,2025-09-01,59.227155662972905,39.386436245683576
B-00696,M-03,Polyester,Op-06,Morning,593.0551454431723,635.5218427944332,160.68574824953103,8.083043160473817,2025-08-10,38.09615033161069,33.162044361129844
B-00697,M-01,Polyester,Op-16,Evening,1101.0562502517,123.02923567904023,40.06480643213095,13.365830419967134,2025-09-07,50.7412827760676,27.745488228496825
B-00698,M-10,Silk,Op-13,Evening,57.571615718498165,229.6466937615692,28.52577056710979,1.860248061831025,2026-07-14,70.68616718611136,38.810079057588055
B-00699,M-04,Denim,Op-05,Night,1402.7101009181708,216.34732948423732,36.00714470366749,6.620464907246605,2026-04-26,46.90422046831307,22.536480451008376
B-00700,M-08,Denim,Op-01,Morning,743.9912226582277,761.5739183841516,234.6520955864349,3.9236330969242594,2026-06-03,32.928265264226695,31.047322756344684
B-00701,M-04,Polyester,Op-10,Night,1018.2212805851686,260.6023763052641,213.26328444480558,8.563904504623896,2026-02-08,33.96401423155959,31.317011206264933
B-00702,M-10,Wool,Op-18,Evening,944.4887028497001,128.693891403604,12.490500606830608,3.1202373070950022,2026-08-09,51.63857421709095,31.91359648323059
B-00703,M-08,Polyester,Op-02,Night,1909.3528835377485,251.02672348903917,55.51167628268328,9.212734855971277,2026-08-18,71.42193354694953,21.603735136242264
B-00704,M-08,Wool,Op-12,Evening,1445.139690292495,265.73058122365785,21.639281333907658,11.968573840689748,2025-09-04,43.85346248566998,38.817603391184086
B-00705,M-10,Silk,Op-20,Night,1812.7004279317282,294.18804992092373,47.52340942423874,3.480149325116758,2025-09-25,66.10330321018927,20.80571037555997
B-00706,M-06,Denim,Op-06,Night,1274.424948796511,216.1290451819268,54.01905215336388,14.103121475479833,2026-05-13,63.61253436470973,29.625559024384742
B-00707,M-02,Denim,Op-16,Evening,7199.2781985691745,104.41322973645816,164.39565794476135,14.755297811584542,2026-04-29,34.306606953184016,36.28773558537523
B-00708,M-09,Cotton,Op-03,Evening,1071.4277675352125,110.91308165653979,19.98567547461967,9.392455955222033,2026-01-19,75.12016380553374,27.664307318945035
B-00709,M-01,Wool,Op-09,Morning,1163.866018899223,109.67254220975617,28.07723833341375,12.486826182723847,2025-09-08,71.31704054750934,31.76000926859257
B-00710,M-02,Cotton,Op-20,Night,1699.6750466686751,210.93740495767344,360.5370429173329,12.563052319700226,2026-07-06,61.57293962915103,35.688109464255945
B-00711,M-03,Silk,Op-15,Night,1936.9187898892064,208.22276497576894,63.65549176800876,9.471253259567538,2025-12-15,41.024381970737466,32.51301578854553
B-00712,M-08,Denim,Op-01,Morning,777.2575969205375,111.91741947062874,14.823005801337745,9.461030476006796,2025-12-28,68.18461346751603,30.468027418440165
B-00713,M-04,Polyester,Op-17,Evening,1499.7829650395524,116.02114532192044,27.13371040551757,7.185671867227365,2026-05-03,38.16833791992101,23.68918102119767
B-00714,M-06,Cotton,Op-15,Morning,1080.060585565967,110.23004112407952,31.680090192516246,6.569108173007375,2025-07-29,,30.234148942294016
B-00715,M-03,Denim,Op-02,Evening,1074.176150604561,267.8293216141505,13.407497923823371,3.0345736938870576,2025-08-04,,30.11393487562748
B-00716,M-09,Silk,Op-14,Evening,606.7335183168647,214.77316993541928,29.36083048953538,8.924257948429492,2025-09-13,73.90167564222284,31.157473513201463
B-00717,M-09,Wool,Op-05,Night,573.0422725998947,119.60153695614821,20.52802872489674,1.6169220619853395,2026-02-02,39.263842516677,30.82540221883356
B-00718,M-07,Polyester,Op-10,Morning,568.3777369230032,289.1941779691199,9.546178577578845,12.790315273105335,2026-08-09,44.83062410785466,21.543750604529357
B-00719,M-04,Cotton,Op-17,Night,690.416620632459,124.65675585978937,34.23100334124453,8.259863641320276,2026-03-21,42.29237212467002,27.16279433058289
B-00720,M-04,Silk,Op-14,Night,1526.4713733880171,289.7961334094003,19.951473099876345,2.9957917704636183,2026-07-02,49.106973741628465,31.094636065647087
B-00721,M-02,Denim,Op-10,Night,506.2811654419368,234.0868667593835,14.978714593028881,9.985473235220095,2025-08-15,,28.215776199992234
B-00722,M-09,Wool,Op-08,Evening,1123.1645008881344,104.80100896897777,54.213822153633785,5.695202487044474,2026-03-27,38.85411276986449,21.968483782027374
B-00723,M-04,Cotton,Op-11,Night,1399.0395875632485,245.73125684732054,19.416748368242946,5.415092405725645,2025-11-02,49.65735647470076,24.73847987793447
B-00724,M-02,Cotton,Op-14,Morning,768.5474561623757,259.5028090592972,36.04285544885887,10.485641272572861,2025-12-27,57.34644379927384,29.50179745733536
B-00725,M-05,Wool,Op-16,Night,609.1024216680026,156.1201626475832,11.954743951186694,5.899129949989996,2026-01-23,69.12129061063939,39.85029240323942
B-00726,M-09,Polyester,Op-16,Night,1811.461001205621,266.1245520863582,88.99495367642227,4.1452035669847325,2026-01-05,49.966629009961125,28.193457385850383
B-00727,M-03,Wool,Op-12,Morning,771.3378520683475,259.8315942209564,25.557809616886285,5.678697998423539,2025-10-23,66.54351728880802,28.400220085913258
B-00728,M-05,Silk,Op-10,Evening,1748.9176599891966,260.83311299677683,65.90275395255198,13.129924569555802,2025-12-22,,21.19234650689318
B-00729,M-05,Polyester,Op-06,Night,709.9810650826444,183.1637136036822,21.856388691466325,8.68023781076564,2025-12-20,,28.054789694936616
B-00730,M-08,Silk,Op-13,Evening,1994.7894631979286,127.04346274257094,32.613751552027914,10.456384634709957,2025-08-24,49.80004831928076,22.660195978146575
B-00731,M-03,Silk,Op-03,Night,1923.9096593684253,275.9202993423524,46.59242357265349,13.698587445810306,2025-09-21,79.57663879136933,24.166307800170358
B-00732,M-08,Silk,Op-03,Morning,1503.8285448873,196.76050797212946,50.75605599758433,6.857453467296669,2025-08-30,,27.156224986711862
B-00733,M-02,Polyester,Op-20,Night,1363.390142960123,132.29156681284803,25.09222446087009,7.604357725258147,2025-11-05,57.67358881049249,31.40573877462781
B-00734,M-09,Polyester,Op-01,Evening,1613.4070883784302,105.03981896421392,32.98852367703132,5.967645977604278,2026-05-14,69.01063242678168,31.277858421108046
B-00735,M-07,Wool,Op-02,Evening,1542.4296790145715,213.47818883121468,45.543486191415255,12.14741053238942,2026-08-16,66.75125930949116,32.202158440724695
B-00736,M-02,Wool,Op-06,Evening,699.7731885012852,152.26660357707675,15.064284069310105,6.867392620839194,2026-06-15,59.964964350319434,30.2741571043061
B-00737,M-06,Polyester,Op-01,Night,509.69653668456584,199.2478443801628,17.020353766020715,4.998763839871403,2026-07-29,66.73041503552676,20.47892530540967
B-00738,M-02,Cotton,Op-07,Morning,1912.211356259098,134.8818534222999,61.23143082725134,7.603092870508335,2025-08-07,34.57109959085691,32.51363824522706
B-00739,M-06,Denim,Op-18,Evening,1111.0482863192485,204.27540429474823,49.404534604248845,13.552045218566143,2026-07-25,39.814715115553355,20.451290234106946
B-00740,M-02,Polyester,Op-18,Night,1365.6756235818598,278.13169109236844,54.61937340626488,9.357233127784417,2026-06-24,70.50805449798511,28.59346726710296
B-00741,M-06,Wool,Op-06,Morning,1869.562200334784,214.42459274444127,37.15620471054716,3.5309921078733133,2025-11-25,43.43988075150991,23.972891537948115
B-00742,M-10,Silk,Op-06,Morning,959.6231740265546,211.0267573506377,12.727479301711908,9.231882812493659,2026-07-28,51.324987362093054,32.30841559641671
B-00743,M-04,Wool,Op-17,Evening,631.68235558724,134.36589207153168,16.43164576889503,8.253084972564826,2026-08-04,40.69973393491568,25.665688069851548
B-00744,M-09,Silk,Op-14,Morning,1717.7991860155698,102.77242718257202,81.26928143901316,10.091303483312714,2025-10-19,63.44382655203427,35.973115607132726
B-00745,M-08,Silk,Op-08,Night,83.95333022478187,130.75674110264325,49.2258740425932,13.406398116783903,2026-03-16,52.925928109350764,31.291812778669268
B-00746,M-01,Wool,Op-16,Morning,1995.4241261175046,244.03149218618805,38.39841361755822,5.021096928872112,2026-08-23,73.98762011471717,20.98441829081523
B-00747,M-02,Wool,Op-01,Night,1846.0785761955724,151.238302887871,55.386659327648445,4.089114834704478,2026-01-12,36.906264657012365,37.18223515293833
B-00748,M-01,Cotton,Op-15,Evening,6048.451387151004,147.81327681500593,197.65610233229043,11.612565894157031,2026-05-21,68.00027724810492,26.251960498166003
B-00749,M-02,Wool,Op-10,Night,1468.4038655876175,286.90877614310307,55.3092319701303,5.247397610807864,2026-05-06,69.09454564984449,35.317172877694844
B-00750,M-04,Cotton,Op-07,Night,1948.4584629002006,178.7110672212631,64.3038502704448,2.830042530256602,2026-02-06,63.58544296220304,34.586196009544125
B-00751,M-10,Wool,Op-06,Morning,810.2268397000944,200.89118833387107,32.2539878317335,5.370656311967812,2025-10-30,51.37332640833445,32.90437151689328
B-00752,M-05,Polyester,Op-01,Night,848.3370363520147,181.06507212939067,39.33747980727063,4.768261993882809,2025-09-14,39.93158069309345,35.66774439991677
B-00753,M-01,Silk,Op-14,Evening,1055.3482785268652,250.25578487475337,50.92232242224237,13.557934051101755,2026-04-09,72.30621052651158,23.656267770784517
B-00754,M-01,Silk,Op-14,Night,1065.0146606441936,167.84813223476726,21.238088728105584,1.8740385818889247,2026-01-10,54.30868270524415,22.180272312818573
B-00755,M-04,Denim,Op-03,Morning,975.4139326509221,261.7652646983368,43.20033931890539,13.256841105542552,2026-05-19,45.12331587307348,37.17396242489148
B-00756,M-10,Silk,Op-09,Morning,1646.9764255773102,129.3390228030363,38.316369567966326,10.664519856610205,2026-07-03,77.25120322902845,33.65080957534314
B-00757,M-02,Wool,Op-20,Evening,1250.868976146247,229.14500867021073,52.656381809559875,8.14798572219905,2025-08-01,35.99764708654849,26.24128089304041
B-00758,M-02,Polyester,Op-02,Evening,1792.1270691432762,127.46000654311405,71.81591850469528,14.333414533582145,2026-07-30,46.441130892430465,33.2462747746144
B-00759,M-07,Denim,Op-04,Night,1717.919351956825,289.149940445186,65.62733019740891,5.380873672403516,2025-08-07,72.92532272757772,22.633738068724142
B-00760,M-07,Wool,Op-20,Morning,1612.966594270979,235.54464824026408,19.59011102326133,4.532406305892142,2026-03-07,73.65215735076018,23.3771692674079
B-00761,M-01,Wool,Op-03,Night,1576.1974859178683,195.09514304654675,68.49789809464423,12.887372279421465,2026-05-20,49.169857052912946,23.365571770154258
B-00762,M-03,Polyester,Op-05,Morning,1323.3644474601074,137.83915847807097,37.631103461642475,11.085375980210241,2026-07-28,55.555681924475024,32.0862596448064
B-00763,M-09,Polyester,Op-05,Evening,1743.0634757270095,265.91254313661,64.21536348149544,10.931443505541408,2026-03-22,35.27006886982311,36.777077238081375
B-00764,M-04,Wool,Op-18,Morning,1545.5362490064492,172.59656808077432,40.66479183899743,13.309913786198093,2026-01-23,66.26858001174287,22.25180933058389
B-00765,M-08,Denim,Op-20,Night,1829.5705429402126,109.43934033947579,38.09599526101151,14.459832674988693,2026-03-11,63.95812841597814,32.62751955286753
B-00766,M-01,Denim,Op-08,Morning,873.1876831087657,288.4116438977191,13.595674408366044,5.175814359277719,2025-10-04,68.77526483594997,27.862435964141582
B-00767,M-06,Denim,Op-07,Evening,7203.324417121468,208.85146740305015,187.99146267270146,14.660903459685057,2026-05-25,48.456809690460226,27.143846679860896
B-00768,M-08,Polyester,Op-19,Evening,1258.2811875852353,201.55156763771376,16.27531691301844,2.9372023260877924,2026-08-05,79.1369770455193,24.999457817376594
B-00769,M-09,Polyester,Op-06,Morning,1494.719373462813,219.07327403137452,26.648612726168153,6.81203915589844,2026-08-16,51.1096116940339,35.701278420928624
B-00770,M-02,Silk,Op-07,Evening,1730.3799784173345,229.74942277900362,69.36154309535571,6.865576832913341,2026-01-06,52.90143082919343,25.132944143721915
B-00771,M-07,Cotton,Op-04,Morning,1269.3121134579017,164.17090854996871,59.43891104517204,9.344701620653304,2026-06-22,79.78672260256616,28.705245593131075
B-00772,M-04,Cotton,Op-20,Night,1017.5252598868492,110.94654138499718,10.184493283749882,3.859389489158004,2026-05-23,50.93475716638421,24.39269857189138
B-00773,M-03,Wool,Op-19,Evening,1872.502306621291,268.7758822461858,23.78862503923659,11.39209124081726,2026-05-12,38.390729782301435,22.40727152419972
B-00774,M-09,Silk,Op-16,Night,1586.0437831593817,285.76159213757705,37.99094495928938,7.027501492782518,2026-01-02,35.95703359980241,30.24785641464213
B-00775,M-10,Denim,Op-19,Night,1062.2373865249965,224.26612483114144,52.87096674794927,11.062053585670833,2026-08-09,35.53017994365804,20.711804616129527
B-00776,M-07,Wool,Op-06,Evening,849.0925233733278,110.76610498169181,35.74345947049472,3.6582546073428794,2026-04-19,31.94789231742321,27.836217892343434
B-00777,M-08,Wool,Op-20,Evening,1011.8666746365809,188.83668137567332,45.17117229137366,10.458214829944144,2026-01-21,55.44470350349401,37.22891372042648
B-00778,M-08,Polyester,Op-09,Night,514.8660432367304,255.60926129663983,25.47342885190511,7.450270403383434,2026-07-20,79.44202706518315,29.664641517508702
B-00779,M-04,Cotton,Op-04,Morning,1631.854041808605,149.72097692266127,72.2931319474687,8.537529710017408,2026-02-24,,39.84271278957166
B-00780,M-05,Polyester,Op-20,Morning,646.0503406868316,241.2743993619992,12.527030372194632,5.838114202191383,2025-08-07,30.349113094017405,28.06961938053999
B-00781,M-07,Denim,Op-19,Night,1728.3039057807073,167.4661217691531,33.955310330868926,12.585331715353439,2026-08-21,30.029896941739764,26.156383000522382
B-00782,M-04,Denim,Op-08,Night,850.3510416029164,113.63732395309253,22.700793932557705,3.619739785747024,2025-10-31,57.777478494281,25.82722145675489
B-00783,M-04,Denim,Op-14,Morning,1065.3003205207829,275.18098499997893,15.203996173430356,13.674185986147217,2026-01-15,54.647848582793,26.603119006312088
B-00784,M-01,Denim,Op-12,Evening,1930.1043190731425,112.04538898005949,31.98467302141021,5.167103885955926,2026-05-04,44.90331005850021,26.408025722804297
B-00785,M-01,Wool,Op-02,Morning,1674.7421463855458,124.49957239319784,77.66981822342451,9.888693228144279,2026-06-10,36.19230133529087,21.41071275185913
B-00786,M-07,Denim,Op-07,Evening,785.1931494780586,264.2500309119408,15.60842015514622,8.624832195499902,2026-07-26,33.89282598043848,39.10896382876135
B-00787,M-02,Polyester,Op-04,Night,1789.4680180289097,133.76200115691285,72.9703956836709,12.95520034998594,2025-11-17,30.661440645264697,30.235609131389616
B-00788,M-07,Silk,Op-07,Morning,1902.193276239175,281.84042724129745,40.644871023016385,12.47474817366703,2026-03-31,74.4095674830652,23.98439371674153
B-00789,M-07,Denim,Op-06,Morning,933.4527873815878,175.41078620033977,35.144372876986075,6.5064893853926415,2026-06-22,57.22776623273377,23.19759526732883
B-00790,M-04,Silk,Op-14,Night,751.3498089567597,162.0616964209095,26.91438270413043,8.046831828486157,2025-09-21,69.82202807617386,34.789384664774545
B-00791,M-05,Polyester,Op-01,Morning,733.6598908702553,209.40906912311556,8.504921161468934,2.224251025198396,2026-01-11,48.86815883983254,28.27033060579918
B-00792,M-08,Denim,Op-19,Morning,910.9821492049578,291.1298934532979,15.63591320168631,14.350856509615653,2025-08-15,47.61635271262696,20.86200217896648
B-00793,M-07,Wool,Op-06,Evening,1088.3266901503102,289.55593959384595,53.60041935698952,2.976786889520589,2026-04-22,68.1757921834106,22.17365078749384
B-00794,M-02,Denim,Op-02,Morning,1072.4247486637023,255.0469077798112,16.98810968340353,5.7962751593558455,2026-06-08,61.383443857940435,23.840321694800735
B-00795,M-04,Denim,Op-14,Night,1907.0962093521969,283.5294555808867,24.337365321080764,13.424565162980354,2026-06-26,61.27167250832967,36.165364224325565
B-00796,M-05,Polyester,Op-17,Morning,1002.1835628360187,162.74062495143124,15.975077849679176,9.899034507336586,2026-01-03,,27.11915546941281
B-00797,M-04,Denim,Op-02,Morning,1394.7006131203157,262.8767841338163,27.195730584226315,6.349728922439624,2026-04-21,36.61343575492408,23.933763946256462
B-00798,M-09,Polyester,Op-15,Morning,60.204383057788014,228.55901410126182,29.72941498977404,9.413236783528067,2025-12-29,64.80399307835197,27.250039690630263
B-00799,M-09,Denim,Op-06,Morning,1701.4080823121456,136.03172954652385,63.555767134003204,2.5380835923709615,2025-09-18,74.18419838439948,26.85859325518392
B-00800,M-09,Polyester,Op-15,Night,538.0229063959077,238.00937768188993,10.562547823755649,5.425418361657587,2026-08-03,32.787042679372085,32.196255230962336
B-00801,M-05,Denim,Op-02,Night,1080.21086307782,116.11616245730272,14.680476133559058,3.0602855153292348,2026-08-25,,25.959544709916877
B-00802,M-01,Denim,Op-01,Morning,1866.239397029473,101.20940863679569,87.79234735143949,7.7740430641003595,2026-03-08,36.162372906627574,26.15358178955897
B-00803,M-03,Polyester,Op-02,Evening,742.5418299109803,293.1664639436665,33.695916415391125,3.881121277851904,2025-12-08,67.07830542334148,30.933545297946235
B-00804,M-07,Cotton,Op-08,Morning,1330.9898832546965,206.91184383126173,30.76387187310044,3.7364120051575984,2026-07-04,38.311468102582936,38.32978302231028
B-00805,M-02,Silk,Op-20,Evening,1058.1233824443439,251.9647316856777,35.86738786136142,5.743528753919303,2026-08-05,77.60312233195015,34.758555379976
B-00806,M-09,Wool,Op-06,Evening,1821.3427408171287,109.92118166989655,72.40967991813052,4.598877690648923,2026-07-10,53.25181671104549,24.53957078943042
B-00807,M-06,Polyester,Op-11,Night,1878.8120465805878,184.75402398618468,380.9244094372628,5.78985640156653,2025-12-24,78.07753660687831,28.897048656550815
B-00808,M-09,Wool,Op-01,Morning,1864.3227095182076,213.79109665637014,50.98507472997801,11.670444220543025,2026-08-17,70.59033591754431,26.836980838345163
B-00809,M-01,Polyester,Op-12,Evening,1772.707661609397,172.65107033516205,70.31461159707631,12.115091868325917,2026-03-29,77.04961612872185,32.46420746136014
B-00810,M-08,Silk,Op-05,Evening,1707.6459680617024,269.0079297793285,63.097944050507216,6.530746729995144,2026-03-18,32.56317295879991,28.03752542473479
B-00811,M-01,Polyester,Op-11,Evening,1175.5255786711891,249.7926301720797,46.99137341273453,5.997754012561295,2026-04-25,61.73720705520148,23.728396097079493
B-00812,M-04,Wool,Op-13,Night,1318.5439532195387,140.8128777093201,24.57931750961909,5.086756428969302,2026-03-16,67.43043542909162,29.652024713230414
B-00813,M-03,Polyester,Op-05,Morning,1950.9067855554465,243.02500396337757,89.58214483076493,14.399887655557146,2026-05-31,51.35525226801716,29.50200681383441
B-00814,M-05,Polyester,Op-07,Morning,1287.5740103680769,241.45578238113345,23.484321737675167,4.53042028493742,2026-01-22,52.33632343513203,22.4689973162071
B-00815,M-08,Cotton,Op-12,Evening,501.41512290144664,107.85301032973204,21.843642373021428,14.68197352447701,2026-02-15,42.117684756838116,33.266214190080035
B-00816,M-08,Cotton,Op-13,Evening,1325.9906888548464,130.62890001679125,54.08698107598689,11.19363012270633,2026-07-16,60.01257050497915,34.6250117869475
B-00817,M-08,Silk,Op-15,Evening,1963.1155515271175,214.712656005342,90.09894077510468,5.7829755776684255,2026-02-16,62.42322784501185,21.36881418485252
B-00818,M-01,Cotton,Op-17,Night,679.0715170072951,165.56856757716366,19.650582026758748,12.420435328765693,2025-08-21,59.865618916535595,27.872710405548844
B-00819,M-05,Wool,Op-03,Evening,1781.8210898032705,168.00087721197843,78.22534078562362,13.175095587370398,2026-08-08,34.406721548834575,35.535968744172614
B-00820,M-06,Wool,Op-16,Night,772.7264792560081,186.06930647444008,27.364511708202688,3.316996845291179,2025-09-09,65.33020644971089,30.706955361233135
B-00821,M-06,Cotton,Op-05,Evening,794.7304504343167,142.3491724104839,35.22038453012012,1.5809625571386892,2025-10-22,46.103376759786485,31.1948932266735
B-00822,M-01,Cotton,Op-03,Night,1500.391171188021,187.07926467995028,46.66744519678177,14.343681601517929,2025-08-28,65.96226002879159,38.603304057251
B-00823,M-07,Polyester,Op-14,Evening,888.3564121897093,110.56533727294439,27.804521934822546,11.165187920773906,2025-09-07,36.06514990027671,26.055502565439344
B-00824,M-02,Cotton,Op-19,Evening,1346.6248816696216,718.2893413099066,517.8052113788442,3.327574624895809,2026-06-15,48.98687024108244,32.34388454233933
B-00825,M-08,Cotton,Op-04,Morning,1643.3180874712655,218.3433937784801,56.035120272962054,3.688327167908824,2025-07-27,63.334282594625655,32.46759131919814
B-00826,M-03,Polyester,Op-16,Morning,1234.6788019823612,205.73132079785512,52.112058432614795,5.682195379653457,2025-12-13,55.965634632115155,23.951118113569564
B-00827,M-04,Silk,Op-14,Evening,778.6654320480617,116.99325797789328,16.4066093495587,7.107444369000203,2025-10-11,62.915371975303096,28.754336498670828
B-00828,M-02,Silk,Op-01,Night,0.0,169.40046708244,0.0,14.060147661772863,2026-04-29,76.1322569801786,30.04743639944191
B-00829,M-10,Cotton,Op-04,Morning,1605.6986209349586,107.34258869661333,16.82791598290123,7.646766084611118,2025-12-03,46.81616971351667,38.410717702051095
B-00830,M-06,Wool,Op-14,Evening,1329.2223135775237,248.1327162133252,40.83426409781635,7.790251825336577,2026-02-19,34.27015150813608,39.44922780055805
B-00831,M-10,Cotton,Op-12,Evening,1421.2793664785172,147.32195654150146,18.470710259683354,7.768973191495253,2026-07-07,,28.582989839166437
B-00832,M-02,Wool,Op-09,Night,659.2405303212008,267.4945039237549,26.863975965705002,4.3574793308922635,2025-08-08,39.74791357493153,30.098229025002787
B-00833,M-04,Cotton,Op-11,Morning,592.9197778684819,215.36158392765117,99.4301994983738,2.668946199768027,2025-10-07,31.823052541280923,21.05487904324435
B-00834,M-07,Wool,Op-03,Evening,567.727046618438,187.57997742858245,6.583874526422256,12.815908607188348,2026-01-20,43.1204188244651,28.434252350518328
B-00835,M-07,Silk,Op-20,Morning,1173.6177712023139,215.52261612742672,16.741592672578932,8.992698752530027,2025-08-28,46.62133460871826,26.31066361326271
B-00836,M-02,Silk,Op-18,Evening,1050.1974809694025,119.89893377459293,46.84179438663284,11.732343225968723,2026-06-02,78.31371488740929,39.40148913333414
B-00837,M-02,Cotton,Op-14,Night,1401.1882240094287,240.173139448776,41.027763050645866,4.992881237525797,2026-08-13,61.53852100863104,29.11299098879755
B-00838,M-08,Cotton,Op-05,Night,1636.664840562737,156.38367111945033,48.159471669006024,5.452554563723279,2025-10-07,76.23208955643183,21.124485897019444
B-00839,M-10,Cotton,Op-11,Evening,1869.2012006117925,222.0726015636314,82.39800887817825,8.64969903896985,2025-08-25,42.48720896146776,26.865509781288964
B-00840,M-04,Polyester,Op-09,Morning,1338.8271976526871,202.94843875135598,33.577045332625644,2.394115989560405,2026-04-01,30.801407822756158,39.27370377374098
B-00841,M-06,Polyester,Op-11,Evening,1404.8195931492564,115.943014637457,21.13496696626503,10.563600000122651,2025-11-05,76.62833543529806,31.513305059948394
B-00842,M-06,Polyester,Op-17,Night,8117.526556236686,253.26944262093048,113.12879720048242,6.689831512036261,2025-10-23,73.99188739707338,32.97365906714729
B-00843,M-05,Polyester,Op-16,Night,964.5375666577836,140.35898965049137,21.257108529915158,13.723570968036071,2026-01-06,68.02000336437413,33.52796737820012
B-00844,M-06,Silk,Op-17,Night,776.0671580753203,251.29021759778237,9.012742700885948,7.638211242307115,2026-06-25,41.28947760753145,32.3324395633055
B-00845,M-07,Cotton,Op-11,Morning,989.2553811923802,193.71139891822693,15.050655225946626,3.0714166775316816,2025-08-26,79.23272387954198,24.181947291792284
B-00846,M-03,Denim,Op-13,Evening,805.3023108303446,253.81222663194484,9.162127602663562,6.9570792298057995,2025-09-24,58.2707969876269,20.420183139727214
B-00847,M-06,Denim,Op-13,Morning,1168.7383247405241,263.3310486403247,54.3804445932192,13.393344301905913,2025-11-30,34.33532837978201,30.767262042020455
B-00848,M-06,Wool,Op-02,Night,1081.9591315968296,265.9131662856737,51.5590050024461,2.8717391615921066,2026-03-25,76.76972448338994,35.028466350626054
B-00849,M-04,Polyester,Op-01,Evening,1514.9258503287597,172.6807863998854,57.61617004564117,14.134536415346114,2025-08-21,43.77833881545892,26.64345044123465
B-00850,M-03,Cotton,Op-04,Evening,1647.9744492880793,285.88069676983076,20.685016441264807,3.867233726786933,2025-12-28,69.8999017609612,34.77092106793927
B-00851,M-07,Polyester,Op-02,Morning,1080.8347118153106,156.5530914120197,41.83591924557137,5.262865940956425,2026-04-26,79.14734397773503,32.85554826959856
B-00852,M-02,Denim,Op-13,Evening,1964.9264559725138,175.44035649152772,33.848415855466214,12.225762358339283,2025-10-08,51.72654816522477,37.39067343629959
B-00853,M-09,Polyester,Op-01,Night,1921.5292655964195,143.75434168217595,65.9631310609809,5.567087097733041,2025-11-07,67.80961170533902,27.875102831308133
B-00854,M-07,Silk,Op-19,Morning,1166.8602516041428,248.47398741795638,33.806679637097496,4.196637533160552,2026-07-08,32.92289936184385,25.998587949461324
B-00855,M-07,Wool,Op-18,Night,752.0300782890179,170.95945793127774,34.122415077755214,6.599762256109959,2025-12-20,32.869592184413676,31.66614496368409
B-00856,M-04,Cotton,Op-06,Night,727.6143694295786,219.5616026803028,19.230310615177796,10.306348868751847,2025-09-06,50.96673402096442,34.0219517472854
B-00857,M-03,Cotton,Op-18,Evening,1256.9559319661523,101.4706089108854,14.500287741583657,10.684081597885644,2025-08-07,,33.22685357889449
B-00858,M-01,Polyester,Op-10,Morning,1052.3751610926997,295.8063681583335,40.7168948973221,6.890311875960635,2025-12-05,55.09727025659208,38.19860316319437
B-00859,M-06,Wool,Op-18,Night,1373.1051966863354,259.5609362682145,34.93459380402967,13.101127730383626,2026-05-12,52.84440358686334,29.502167298636707
B-00860,M-04,Polyester,Op-20,Night,1950.0592100276908,239.43325085807007,24.863559638059055,2.1651229269130123,2026-05-09,73.14798116565092,29.611198816725363
B-00861,M-03,Denim,Op-15,Morning,1324.5758827449665,183.43285579514043,42.79379844440391,13.288491668076748,2026-04-19,40.199730180469366,36.52929218984366
B-00862,M-04,Silk,Op-19,Night,581.9154548202035,294.3690602650969,25.78718263886729,8.176613417444798,2025-09-30,44.543842711579124,29.38813683978516
B-00863,M-01,Wool,Op-08,Morning,957.3546865775952,138.53527929734005,27.63409530710556,2.8069974570323404,2026-04-11,44.89296991951056,35.60096174080087
B-00864,M-06,Silk,Op-05,Morning,841.22240554031,133.23699992194983,19.954694308585694,5.658212671145307,2026-04-09,,38.798487457714174
B-00865,M-03,Wool,Op-10,Night,1982.186113931953,197.04609115307125,76.0898884413236,3.508294856062112,2025-12-20,74.55700458967547,29.207107462696538
B-00866,M-01,Polyester,Op-11,Evening,1975.5673748137276,110.0350700639948,34.319666826025674,2.3537238370259397,2026-05-27,66.02283707313781,25.636500065909438
B-00867,M-08,Wool,Op-05,Evening,559.0428197295943,104.36934239724036,19.139318758220703,11.842798443677072,2026-08-23,36.7216713684775,29.35441231942302
B-00868,M-06,Polyester,Op-20,Evening,1142.5277008532694,105.42133046724662,52.2502821865182,11.969021036230725,2025-08-31,30.525661227082676,35.23779788754968
B-00869,M-09,Polyester,Op-10,Night,1149.2598815857584,207.10849461955965,52.587075640582974,7.677767496647153,2026-07-14,49.46043093117194,37.74849070740721
B-00870,M-02,Polyester,Op-19,Morning,1003.7245469623018,223.0139508029396,28.21770037111516,13.976705870042098,2026-07-15,78.10292494706758,30.17918080844095
B-00871,M-09,Polyester,Op-16,Evening,918.0414738927886,621.4905762128566,366.99496256053953,2.999400262620143,2025-12-07,58.991478802386254,25.651005350372778
B-00872,M-01,Denim,Op-18,Night,582.4494602597331,215.7083636407063,17.71718372207122,2.1560102124938805,2026-03-04,37.72604149952595,28.791258835457974
B-00873,M-10,Cotton,Op-20,Evening,888.188612546786,163.29142617488324,42.4450196690834,2.217538283583063,2026-06-02,45.160989192212526,39.33116878761088
B-00874,M-09,Silk,Op-02,Evening,1002.3174352054775,214.17078725575232,48.045867863188974,13.734335475553221,2025-12-17,30.309191132044834,36.213671406751835
B-00875,M-02,Silk,Op-10,Evening,636.9886015003356,132.2895372065842,138.53963899901683,14.450448238798977,2026-03-30,56.877007182017316,20.283932689434472
B-00876,M-09,Cotton,Op-15,Night,1539.3633665371515,246.6320756273599,324.56982281095304,14.935901180956385,2025-12-21,44.37555996918795,30.764402037369507
B-00877,M-03,Denim,Op-12,Morning,753.7428407636303,295.4913126367685,14.389284091836117,12.946440613332205,2026-07-07,54.916651414711865,32.064908453680594
B-00878,M-01,Polyester,Op-09,Morning,1315.6806055876204,238.99402662429517,32.68012280949032,8.212338397412243,2025-12-30,79.51425852924706,32.226833124954524
B-00879,M-08,Denim,Op-06,Morning,1658.228041423757,134.09250231632842,369.1646010387429,6.383221391887732,2026-02-27,47.347947518879295,28.636141902155543
B-00880,M-03,Denim,Op-14,Night,1691.0216753989441,215.29778062797317,32.08767605127174,5.788972085205775,2026-03-11,70.49893718417363,24.765793411061832
B-00881,M-07,Denim,Op-18,Evening,1256.7543860822536,152.1698491924178,34.96380255850494,1.1272184893170285,2025-09-12,62.41487636494008,30.22187642944796
B-00882,M-07,Polyester,Op-04,Morning,7915.52878639949,214.23983679258274,171.80141781270015,13.088042089051383,2026-08-17,36.97251181025801,31.38412926258855
B-00883,M-07,Wool,Op-01,Evening,1058.065351718311,118.48990340741332,20.907172533230476,7.4106041317789995,2025-12-25,49.72396954194288,37.34120364757895
B-00884,M-04,Silk,Op-04,Evening,1950.1013413026621,291.6276239608992,94.90146499312492,4.466843003000141,2025-09-03,47.40259777386602,37.911114817477696
B-00885,M-09,Wool,Op-06,Morning,1165.158654254066,164.19940912817958,45.97591026387581,8.36531618552159,2025-10-29,64.38846031828675,25.469490307499598
B-00886,M-03,Denim,Op-01,Night,577.4860356719615,109.85889855288329,17.117142603929867,6.408027872037633,2026-05-17,47.67365960303603,26.312664307343045
B-00887,M-06,Denim,Op-16,Morning,981.1003734673568,138.45158369361837,27.263318593130307,5.332573687240413,2025-12-09,78.74521364051175,28.22226833989697
B-00888,M-04,Silk,Op-02,Morning,1364.81748492671,296.6681536828453,52.73571199669259,4.382417870100682,2026-08-07,,33.62564221064868
B-00889,M-07,Polyester,Op-09,Evening,1410.9866251895987,117.71566792732881,55.85143222397027,10.476211861586071,2026-02-22,33.204735551808774,31.92285299099794
B-00890,M-06,Silk,Op-19,Night,816.4548359299256,268.32440150855484,15.270577391188109,1.4249532774620597,2025-10-22,72.1906431829153,29.206581012855303
B-00891,M-10,Cotton,Op-02,Night,700.667217490952,290.6614335164745,24.389801207409885,2.0173182261361937,2025-09-26,39.95467099679628,26.95644694866092
B-00892,M-05,Denim,Op-07,Night,1317.2016279141476,125.1286984824628,34.834415851906314,5.056191772335005,2025-08-23,41.9375885543012,24.270857089806828
B-00893,M-09,Silk,Op-12,Evening,1556.0471788874854,143.49058644344717,74.9807074448936,6.13350431584174,2025-10-09,49.54587134205811,39.5291305887082
B-00894,M-01,Polyester,Op-20,Evening,1700.2063741281138,148.33178416383703,51.40919455107174,1.9525223972833756,2025-09-05,45.845206886031235,25.335890988676617
B-00895,M-07,Denim,Op-18,Night,1666.5918651016896,271.66458777577157,37.520595799796105,12.82809719574712,2026-07-20,47.98377806115339,33.74468686921366
B-00896,M-03,Cotton,Op-06,Night,591.3583148527741,240.31305312058845,156.67259195818784,1.1375857359770298,2026-05-08,50.45912937292443,26.587585386041514
B-00897,M-05,Silk,Op-08,Evening,956.1419539569258,262.3254028889707,36.062623615860076,5.114834647069072,2025-08-30,52.316317999328064,34.54037054028268
B-00898,M-05,Polyester,Op-09,Morning,1981.0527084683001,145.03220484318638,32.200992852982345,10.272450789554153,2025-10-03,60.48409541378887,38.30196908980059
B-00899,M-06,Silk,Op-03,Night,1627.6972453803994,213.65372325375367,53.99484565103293,4.845322177030676,2025-11-19,53.72174570735871,26.675531941395956
B-00900,M-01,Silk,Op-08,Night,1833.5009162219988,213.86099688244042,35.41286425751804,9.844113856572177,2026-04-06,55.93739235573547,21.023310128909518
B-00901,M-02,Denim,Op-09,Night,1238.002594148124,162.04705674894095,25.161543214207068,3.544690368656719,2025-10-07,55.206642095921914,26.456195868957007
B-00902,M-07,Polyester,Op-15,Morning,1195.9781261605713,126.65685161643464,17.040957841269066,13.988440263055702,2025-08-19,73.38510489596194,34.15241171481071
B-00903,M-03,Polyester,Op-19,Evening,1663.8158817045396,261.59146562180376,72.16467264375521,11.748704648000727,2025-08-19,35.698294355962055,32.8781591413553
B-00904,M-04,Cotton,Op-05,Morning,1366.0301018295015,229.2814750456178,48.57400989715309,7.417088711968287,2026-01-21,56.43536599420263,20.687537167034506
B-00905,M-01,Wool,Op-04,Evening,622.1708193367388,187.00291886804467,9.542018224782549,5.09717136734371,2026-02-12,,30.908559004234263
B-00906,M-02,Silk,Op-05,Night,1537.4651029599772,259.00230738569405,24.32365009863729,3.286962296404191,2025-10-24,,22.086261747037643
B-00907,M-02,Polyester,Op-05,Evening,1815.6913428477526,205.63785235127125,81.19768721244941,7.541653944105036,2025-08-04,35.335590955117716,32.991120135139234
B-00908,M-05,Wool,Op-04,Morning,1742.2788039851794,225.21094179616026,35.366811294313415,2.053902033123431,2026-08-05,35.619851358800645,20.986179742196494
B-00909,M-01,Polyester,Op-14,Evening,703.4922007405667,152.00960805048678,30.530823849437247,6.390812780065463,2026-06-13,77.14913920355679,32.207521195633845
B-00910,M-02,Denim,Op-06,Morning,1565.5272510684983,122.50062610532635,37.00668296333289,11.302885689235284,2026-05-05,43.754944077956225,32.78215693989413
B-00911,M-02,Cotton,Op-20,Morning,1996.5083948969889,152.71029589935557,75.60290046581484,4.907826590839775,2026-05-28,76.53361277811992,20.492888092726453
B-00912,M-10,Silk,Op-12,Morning,1587.9895861038171,267.2757154820799,68.0827873003271,14.642150348938655,2026-04-11,78.78009595783263,21.305535151329277
B-00913,M-01,Polyester,Op-05,Evening,1469.464900486072,229.46842687461825,68.29006434684617,2.796898972605727,2026-06-13,62.509358322282665,39.649651612024954
B-00914,M-05,Polyester,Op-03,Evening,1158.6959912072757,107.98959465721887,32.876546005001266,6.072108860002867,2026-06-23,71.31951558002777,34.02998202930332
B-00915,M-06,Polyester,Op-08,Evening,582.6523027382466,185.3789455646605,13.089934609139346,7.566349156050369,2026-01-25,76.4277766447068,32.82172207164319
B-00916,M-07,Wool,Op-19,Night,1287.9773966760822,113.21106156443201,31.183683095496974,14.615955299096315,2025-08-09,48.002995096536296,29.557347098262717
B-00917,M-08,Polyester,Op-04,Morning,1523.7675951743004,232.4464316659186,22.871826639746576,11.0145123474079,2026-03-02,43.407161480596045,26.313369623281318
B-00918,M-09,Denim,Op-08,Morning,1483.2649577691689,107.95942546713052,41.474328564568225,9.367552697328428,2026-05-05,73.4847942425817,37.81664296579267
B-00919,M-07,Silk,Op-02,Night,1188.9555323196105,115.39383660160347,31.925875882760835,10.3907103562025,2026-07-04,71.06297101864227,24.893101092094263
B-00920,M-02,Polyester,Op-03,Morning,1758.2590051479056,275.4240935324576,24.74776023074765,4.404519723699163,2025-11-09,57.52853172706821,23.84986301271654
B-00921,M-05,Denim,Op-14,Night,6711.975616479298,264.1015008464218,154.64763610253766,11.640488625244435,2026-03-08,32.43831594065702,36.87457585420515
B-00922,M-10,Polyester,Op-17,Morning,637.0298640853338,251.32930987047976,11.065174379623205,9.154091076436142,2026-08-22,39.32950484365838,23.76464399538091
B-00923,M-10,Wool,Op-10,Night,585.503581327901,217.55968987433695,19.269397744414192,12.764874486239114,2026-05-03,30.87491069936943,20.980092899425472
B-00924,M-04,Denim,Op-20,Morning,1729.2435280790785,165.34777811372672,19.13292907409455,5.89460158330811,2026-05-07,59.817324874838796,25.484257782482942
B-00925,M-08,Silk,Op-13,Evening,1602.842777152394,225.1299825882906,29.228286079419803,9.130583986779227,2026-06-04,67.08420644959116,33.50461675124075
B-00926,M-06,Cotton,Op-08,Evening,1028.7215704150267,125.222028335725,49.902566726524164,2.8179981878503346,2026-06-05,63.80978731782696,37.17200213964996
B-00927,M-01,Polyester,Op-09,Morning,1442.5206763241667,136.8202646721914,50.100763830194175,2.47910483628503,2025-11-09,70.6425485768379,31.575129527199984
B-00928,M-01,Silk,Op-10,Evening,1672.1931331320638,240.6554455464903,73.63353685534027,12.682415539985353,2025-12-14,32.810695272993925,34.9504127349301
B-00929,M-07,Wool,Op-04,Night,929.2025636874715,228.08945479865056,30.841825512763982,5.398268893717609,2025-07-27,77.8985533241227,20.668471448710076
B-00930,M-03,Denim,Op-03,Night,749.7553205742727,242.44404103543172,34.93364805404105,3.462463967861269,2026-07-11,41.76916309491788,29.887416220915163
B-00931,M-09,Wool,Op-20,Night,817.5715582219563,128.8480042236207,12.970431260427336,11.625675645956429,2025-12-03,55.03097661669655,38.23570224763543
B-00932,M-07,Cotton,Op-13,Morning,1468.891839534559,146.575829230363,59.03931414914721,3.1946460011229503,2026-05-13,64.17147075786352,31.873692398174665
B-00933,M-01,Polyester,Op-10,Night,964.1938646692736,189.59433127643797,21.012377543200394,6.676603468625858,2026-07-14,79.2044731983257,25.844979134787756
B-00934,M-06,Cotton,Op-03,Morning,1031.8223132429112,212.91881625806428,47.29112954754235,4.532518419692433,2025-08-29,75.7644970189637,25.31371129732527
B-00935,M-03,Cotton,Op-19,Evening,655.212595469877,231.31254047993048,18.421521235617455,13.697797258135411,2026-08-07,38.437471919911474,39.3665392019851
B-00936,M-09,Wool,Op-11,Evening,1918.5726626615367,235.3640087260094,26.324152969134097,5.222216178229722,2026-07-16,39.41512624585532,26.07470092450199
B-00937,M-01,Polyester,Op-18,Morning,715.8019495149947,120.93208806929623,10.889364300205813,6.9212096123818085,2026-06-09,69.77891881287931,22.827671084326802
B-00938,M-08,Cotton,Op-12,Evening,1465.143424275996,139.43659639361326,62.79436241223198,2.3665405335258827,2025-12-31,38.34242891027888,38.47462791753552
B-00939,M-07,Denim,Op-07,Evening,1031.0968435326413,231.16415346547856,36.242394769324925,8.521859431352533,2026-03-12,63.8562131741282,33.65342304925519
B-00940,M-08,Cotton,Op-18,Morning,899.152052805963,107.80128415256362,38.92936508340221,7.377934947861523,2025-12-30,74.54869423453519,31.38994517037152
B-00941,M-06,Denim,Op-16,Morning,1987.4365144418423,132.72324082765525,502.8249991602914,10.684886947987753,2026-07-31,63.71467868500123,39.59910894716557
B-00942,M-03,Cotton,Op-09,Evening,865.4221879732913,259.71116762611985,21.906722444922597,2.4984078789545334,2026-07-17,69.03496520858144,38.20392248289393
B-00943,M-01,Cotton,Op-14,Evening,1445.9529424746206,186.02854641936526,68.60621973003975,7.128710769833798,2025-08-07,45.518544455406,35.24259240900649
B-00944,M-07,Silk,Op-19,Evening,1911.1262888516917,134.95625697498676,24.254838592097585,13.246411095191924,2026-08-22,66.8715720713561,25.056748013805787
B-00945,M-06,Cotton,Op-05,Evening,901.9959003265669,282.4416473563051,34.975365686144805,9.864501448540812,2026-06-13,66.05273304489359,25.143047022181918
B-00946,M-08,Polyester,Op-15,Night,542.1822594168856,175.06426915460275,10.519014619110104,9.774546879592638,2025-11-04,37.30482827706601,36.460071488938695
B-00947,M-07,Polyester,Op-12,Morning,6348.150043835914,799.80509014166,1538.069478713997,9.34461033668706,2026-05-22,35.37252763144541,20.338255998432146
B-00948,M-09,Cotton,Op-16,Night,897.7561117750333,232.57195752693315,37.530165744691956,14.516280884408697,2026-01-06,75.7907174095372,30.057510401311696
B-00949,M-03,Denim,Op-14,Evening,703.6187796498516,295.48763684080245,9.855025281360328,14.500945276503812,2026-05-29,38.186447893958544,25.988462496062134
B-00950,M-05,Wool,Op-04,Morning,907.5763983472696,263.19115788304134,221.8593551746465,6.296418500313632,2026-07-05,34.41984835733792,26.844510495578092
B-00951,M-09,Cotton,Op-15,Night,1124.2414196092366,133.307702699454,14.393379394002674,14.806475161971727,2025-11-03,71.04245046315643,25.629546049018387
B-00952,M-02,Polyester,Op-16,Morning,584.938336066337,124.07562990110677,25.57222847676592,9.130760170601903,2026-03-01,76.43817106027461,29.93486856011969
B-00953,M-01,Silk,Op-08,Night,1168.8299297897117,241.71670915356503,41.48421269314393,11.24621832201101,2026-04-04,38.69818529516694,27.224321179516235
B-00954,M-01,Denim,Op-02,Morning,606.0449122765492,172.30803755259132,25.843130953886913,8.487192527936696,2026-08-14,79.81122465223194,29.490671252448813
B-00955,M-10,Denim,Op-08,Night,1148.1009275999268,259.2781445239418,39.23310787399029,9.335807222681517,2026-02-08,74.32977207511992,28.218851047002197
B-00956,M-07,Polyester,Op-13,Evening,1445.028020928241,183.47658836009467,64.9415397722932,3.0203686116247415,2025-12-06,34.67797034561678,20.333431011992662
B-00957,M-07,Silk,Op-18,Morning,854.7123683580419,142.30134985635362,14.10313238377151,11.304495605964917,2026-03-15,46.000805654369586,30.120893848236733
B-00958,M-09,Cotton,Op-19,Evening,1939.618582192954,270.31628000344745,30.55878040306948,13.093054721510047,2026-08-15,50.33868742860026,35.247224274143456
B-00959,M-04,Silk,Op-07,Night,512.9285038876704,103.99458651560562,5.282407336817022,9.212424323663846,2026-04-24,52.76974526239704,30.360306978170396
B-00960,M-03,Cotton,Op-19,Morning,1134.0299294861386,243.61363224017217,48.225394095046525,7.197711827544102,2026-07-02,66.61096031561112,24.660379287936696
B-00961,M-08,Silk,Op-07,Evening,1382.6468606801784,142.15261988598124,260.967770718868,4.314086661953661,2026-07-07,61.40152322847685,36.59879186424887
B-00962,M-07,Silk,Op-15,Morning,1800.5174103659006,233.853658350167,63.14793603545455,7.273196821963071,2026-05-27,54.39500976396509,24.085129358727926
B-00963,M-06,Silk,Op-16,Night,1038.113765814333,299.12903533486985,48.449018727363274,7.72256921366643,2025-10-24,54.294280309480655,31.31703574821344
B-00964,M-01,Wool,Op-17,Morning,1701.2271497896254,190.2260139595683,30.099184057636652,11.061789723619144,2026-05-09,59.31177493903808,29.84734097402498
B-00965,M-03,Silk,Op-09,Evening,1195.9043951823364,149.16371740451493,37.45837052380178,13.807790097923165,2026-05-17,46.77034067481735,39.04528029066745
B-00966,M-09,Denim,Op-07,Evening,1447.3165680142406,208.58808889786556,50.53763405046575,2.8113286375338125,2026-05-31,48.79106095039705,21.98292224555248
B-00967,M-10,Silk,Op-06,Morning,1170.3112928006585,255.59699431418736,55.078846436986474,4.086586733991178,2025-08-23,38.22830292146675,28.126644619275357
B-00968,M-10,Denim,Op-14,Morning,1565.6327225186176,183.78472495858375,57.39029053541817,8.241810376560348,2025-11-10,34.210650558854915,39.69151792752226
B-00969,M-05,Wool,Op-14,Evening,928.1061026951337,217.16167884304886,33.33869674369185,2.5327531249659154,2025-10-22,78.29183344037918,23.495699757667317
B-00970,M-06,Denim,Op-06,Evening,868.1816938083957,243.51227652970715,39.67483012444003,11.875499141363935,2026-04-24,63.670986445571636,32.28998920510385
B-00971,M-01,Silk,Op-07,Evening,617.9400664846371,166.18295315603905,24.28783026789043,4.476024714831843,2025-11-10,79.40069810327108,27.78779559333747
B-00972,M-02,Wool,Op-09,Night,1527.0877458215068,142.41624749547555,29.584274909964652,4.345967522961718,2025-10-20,44.06422817765171,28.222545565187584
B-00973,M-07,Silk,Op-11,Morning,529.4772241202717,275.8786113614391,12.464039555755312,14.518537639332378,2026-05-19,,26.83140774063136
B-00974,M-10,Silk,Op-19,Evening,510.6377191615565,236.05013766607482,21.24422954014216,12.556158540480803,2026-04-28,37.33041501800016,23.193326987343013
B-00975,M-05,Polyester,Op-13,Morning,1424.4361225312168,108.9721115255434,386.93422560088436,9.715657866471943,2025-11-27,45.4458861421883,27.37450310941692
B-00976,M-05,Silk,Op-11,Evening,1100.534940259746,289.43058720127095,50.515976816604365,6.690478051329011,2026-02-04,68.5918017615055,29.67754529128518
B-00977,M-08,Cotton,Op-12,Night,9025.596043773325,117.48336157421677,185.01327346850368,14.11090663834316,2026-07-06,,36.510696830408314
B-00978,M-07,Polyester,Op-06,Morning,933.7255016812264,693.545024990271,189.9140020928808,1.6980420495882995,2026-05-22,37.495462662356985,30.751622761030287
B-00979,M-01,Silk,Op-02,Morning,1940.5501619331953,108.9176185468288,91.76992772164388,3.0028673381276336,2026-08-03,30.700725876302847,31.337168665881894
B-00980,M-03,Polyester,Op-19,Evening,1498.9207491206962,264.5314936960855,44.90574368075276,1.1859368484201211,2026-06-27,57.100764923986304,29.191259550110438
B-00981,M-08,Cotton,Op-17,Night,608.319778002782,236.8870722138615,9.71806993150604,8.045085808020882,2026-04-26,68.2574424930632,29.705812681234306
B-00982,M-05,Silk,Op-03,Evening,1472.385431116733,134.47727242103326,71.40115573694757,13.213523886967408,2025-11-15,60.65581195346208,23.144077671139087
B-00983,M-08,Cotton,Op-07,Morning,1277.548195002981,114.579690374331,54.56776650675309,9.77566066181094,2025-09-18,42.65994535064051,36.07386903754605
B-00984,M-09,Wool,Op-11,Evening,1968.4210337819927,200.37390620490075,62.74661037990277,7.36939631618832,2025-08-30,67.67378027232402,22.64941312683853
B-00985,M-08,Wool,Op-17,Morning,1319.3714001962765,117.89462456207744,18.430967478654303,6.85177719709679,2025-07-24,72.6642399283601,37.12307243989321
B-00986,M-02,Polyester,Op-15,Morning,636.0813241217463,152.53909540038705,154.86715128660694,13.246724875755909,2025-08-11,36.44512925367495,34.399936052548924
B-00987,M-06,Silk,Op-04,Night,1034.1009486787173,257.78279259317344,39.860880518811186,4.27166628355509,2026-07-15,61.960091469497996,24.7136506915177
B-00988,M-06,Cotton,Op-02,Night,1810.5170518411232,125.360359825352,49.06804329859322,13.13233964033705,2026-02-13,59.6787627207149,22.542209817340478
B-00989,M-08,Wool,Op-14,Morning,741.2904402276469,240.0695777733139,22.42076977110724,11.624153881851296,2025-09-13,,22.11593040545598
B-00990,M-04,Cotton,Op-18,Morning,1721.9375840388757,287.23260831019934,44.37023295728696,8.18925013438478,2026-04-08,77.51396118057036,30.713779409120598
B-00991,M-05,Denim,Op-07,Morning,1772.3046928293431,198.5965420916178,76.70120286802997,7.606635147903322,2026-05-15,54.51562447049142,36.93570003739491
B-00992,M-10,Denim,Op-10,Night,1105.2799886603168,166.65997197410502,46.154506567853126,7.886992336547809,2026-04-27,58.63862548685545,24.76674421255994
B-00993,M-08,Denim,Op-11,Morning,1229.7241485986342,550.6577868101106,359.24492101982537,2.495493901495869,2026-05-29,41.94225802018035,38.98562343511968
B-00994,M-08,Wool,Op-01,Evening,9827.589591173832,107.03185005423883,137.73484772303115,5.524033041911841,2026-04-23,57.20543119697343,31.03424744039934
B-00995,M-09,Polyester,Op-05,Morning,887.3402198899745,148.69340881335202,34.04888145586761,7.408704577857878,2026-07-07,67.97600743584721,24.119763683769463
B-00996,M-08,Silk,Op-12,Evening,531.7247350241245,183.7865955967892,9.676948480633474,11.862110912839016,2026-08-21,46.93664778872157,31.274742028907987
B-00997,M-10,Denim,Op-04,Evening,1612.9930866892585,110.45582065375193,38.87502002983434,12.935597028257005,2025-09-10,39.909819321083404,37.48796063416661
B-00998,M-06,Denim,Op-01,Morning,1584.0253617117298,163.84505955723768,47.07914251069535,13.682763397285065,2025-11-05,36.33185627591872,23.570395785451975
B-00999,M-02,Silk,Op-18,Evening,622.9076585572192,139.19603694035237,29.233953926708278,14.212729350968202,2025-12-01,78.82448305739436,27.525186586608438
B-01000,M-05,Silk,Op-07,Morning,1317.2370135101476,153.94849317475342,27.137574027340275,10.833582095128381,2025-11-04,62.94509032874286,39.78250638217467
B-01001,M-06,Silk,Op-04,Morning,1508.089253992603,110.40475100588938,63.47690619708713,2.591044541754072,2025-12-15,30.195918747554664,39.989213621193464
B-01002,M-03,Silk,Op-16,Evening,1680.0845221003112,201.94521505763595,442.6124114917633,5.200939160676159,2026-07-25,37.5632142231338,25.693494776929274
B-01003,M-05,Cotton,Op-14,Evening,1309.4926833547286,115.49672531109654,321.62498532755313,1.2524061254247714,2025-09-23,35.116608976703155,28.209974273947587
B-01004,M-09,Polyester,Op-03,Night,1702.7388498132727,193.2749189009097,70.36806878000075,6.063325164730599,2026-04-11,35.420018635831134,37.5186604437241
B-01005,M-06,Polyester,Op-13,Evening,752.1771463965877,202.4521127752521,24.965404609051372,7.823247310897428,2026-02-04,61.25457763432643,38.923737879825225
B-01006,M-06,Wool,Op-05,Night,1310.325900167928,110.06458658693279,52.06464108288777,1.880704664252335,2025-07-30,39.367339566339446,20.649415433834967
B-01007,M-08,Wool,Op-06,Evening,1584.9954559909447,127.21124688632858,31.635044712608615,12.705104611133933,2026-01-16,37.7393017423056,26.023511739947175
B-01008,M-06,Denim,Op-15,Evening,1058.4606478595715,150.93275317799237,12.952440110161433,7.845312970138329,2026-01-29,50.37039406773427,39.73138981558653
B-01009,M-05,Polyester,Op-19,Night,713.2720645810274,110.5651787817205,21.738781607621586,9.761776729753262,2026-02-17,32.72546387068598,36.72879474752247
B-01010,M-07,Cotton,Op-15,Night,1290.5114368723007,212.31890154243882,43.54167086315572,3.3913918882869503,2026-01-04,39.88451515572438,26.376346457460095
B-01011,M-05,Wool,Op-16,Night,815.1766639103218,123.26634542665225,33.84728121008874,14.581636409858051,2026-03-11,31.099090740481145,36.05394810672043
B-01012,M-09,Polyester,Op-18,Night,945.8211707676439,127.12532320146268,39.07170890902666,3.038801053875928,2025-12-17,64.87158086185963,32.85613182172347
B-01013,M-01,Denim,Op-20,Night,1906.221758598657,238.3854726533184,306.6698065741917,3.1819215117202084,2026-05-17,42.17213083827053,36.84387461746229
B-01014,M-08,Cotton,Op-17,Evening,1554.9200810633756,180.5052710980284,74.50284922625437,13.88056073564265,2026-02-08,62.51275355468308,21.808379555833216
B-01015,M-09,Silk,Op-20,Night,887.8358954603689,167.44249808125716,13.257822272629832,6.631645791569588,2026-01-15,32.56121482021566,29.930308444612095
B-01016,M-04,Polyester,Op-17,Night,1101.4554900325277,170.14195759841687,27.1641476089969,11.819761167971047,2025-09-03,70.15852558163655,23.06825764778176
B-01017,M-05,Denim,Op-13,Night,1060.0297415477476,130.28208878721702,26.149742614940738,12.178349070716667,2026-07-04,65.36141641677116,23.807635725940695
B-01018,M-10,Silk,Op-02,Night,658.7075372847713,225.6413194186088,16.869198330849894,2.699206943680675,2025-09-28,79.29670843124589,35.61364149375724
B-01019,M-08,Silk,Op-01,Morning,1367.8458984190315,282.2683632432818,59.810148800350525,8.757389925541567,2026-02-25,38.72492431989776,27.574067111623187
B-01020,M-03,Polyester,Op-12,Night,1466.3195239844267,230.14487686676006,20.226364195895258,13.135500799638848,2025-08-24,74.69865287312524,38.395851435588725
B-01021,M-07,Cotton,Op-16,Evening,1316.1890029446513,248.1019042436637,55.14413658224854,11.596975831778193,2025-12-29,60.33581009850019,23.335746703673482
B-01022,M-06,Wool,Op-19,Evening,1580.1670002724186,117.22715430980726,16.944515812016466,7.493337545441268,2025-11-01,38.69886997609018,26.749540914259438
B-01023,M-02,Denim,Op-16,Evening,1100.4948026161373,209.9753842312421,20.48958041070152,9.674156299579217,2025-08-03,63.17451725643551,36.725826262049196
B-01024,M-07,Denim,Op-03,Morning,680.722733657702,270.3074343795851,202.319791335129,3.1925794084970986,2025-10-18,78.73800406680976,36.85076458797274
B-01025,M-01,Polyester,Op-11,Morning,646.0650936620063,160.61315223502032,8.156599928830975,9.93514181056856,2025-09-04,47.50034342365893,38.56745103961583
B-01026,M-05,Polyester,Op-07,Night,1324.1177480914469,218.1732534790229,57.92647200285804,10.138193732881138,2026-06-06,42.78331116659072,27.29132855039729
B-01027,M-02,Polyester,Op-02,Morning,792.4141534552398,265.3735694346724,14.50154337245799,8.877175920638393,2026-08-25,68.1093755597041,34.27214732526943
B-01028,M-09,Denim,Op-07,Morning,1353.2191046508092,273.5446305610185,21.261001102856522,7.049627315227011,2025-11-08,78.32953851116584,29.04430200203436
B-01029,M-08,Denim,Op-13,Morning,1084.15202011651,290.3404812781074,26.0277373120481,5.476091890757959,2025-11-09,73.40490799335313,37.62501363363779
B-01030,M-06,Cotton,Op-08,Evening,624.8864870759481,244.91158183176364,18.378330067450285,5.361172186195804,2026-04-21,69.14618071287862,28.853096965208664
B-01031,M-04,Wool,Op-20,Night,1666.8641101228052,176.47266621232558,51.73590001638751,7.203782834520803,2026-03-21,48.80952343848111,27.3468103055456
B-01032,M-05,Cotton,Op-02,Evening,1713.1991667517261,172.35366238451317,36.150065192052494,8.339566087528315,2026-01-24,63.53636627213004,25.3887889260731
B-01033,M-01,Polyester,Op-16,Morning,1900.1196905351821,244.70691466621773,65.97998153103062,9.080613467126325,2025-11-12,62.3860027210306,20.58598886206837
B-01034,M-10,Wool,Op-03,Night,1264.2633098363028,209.14993595588714,60.72229941578779,6.031933575631439,2025-12-25,34.07369488564709,23.866784672241042
B-01035,M-07,Denim,Op-10,Morning,1113.049343406401,193.33663116617282,251.88963076878355,1.737937057948146,2026-08-17,31.87831147719903,34.343628940935155
B-01036,M-01,Wool,Op-16,Morning,864.686795634003,248.95014632598443,18.54856462130477,3.3553121075188863,2026-02-10,39.496737183051,29.21424342696551
B-01037,M-10,Silk,Op-12,Morning,871.1944718497195,229.04752891066633,11.258797809561822,10.113604433059622,2026-03-05,71.22585348999647,28.35417133945952
B-01038,M-09,Wool,Op-02,Morning,910.4995773821865,296.0010926393634,27.978039779790336,9.34762005325783,2025-08-24,65.48685424005102,20.147156592508292
B-01039,M-10,Polyester,Op-10,Morning,556.2929862977047,213.84604241828958,15.758774640965584,13.890791894905055,2025-10-21,78.42095652502039,30.81105350777848
B-01040,M-06,Polyester,Op-15,Night,1917.5256413727411,234.721966399339,55.20972972595015,1.9085899135377324,2026-03-26,53.28627888337488,24.804900369286077
B-01041,M-09,Wool,Op-04,Morning,1183.1983580095425,216.42896056294842,51.1237711630031,5.994786864889518,2026-03-03,38.2135224727964,30.074388691799125
B-01042,M-09,Polyester,Op-10,Night,1496.0183421014035,167.67357318504315,17.31896063467029,14.097322318624002,2025-11-17,75.61037856245912,24.186967987681975
B-01043,M-08,Cotton,Op-01,Evening,1611.9630625261434,265.5220522698306,50.29662230589885,14.550103923318973,2026-08-10,74.49181970441553,32.010695364128296
B-01044,M-07,Denim,Op-01,Evening,541.7615768938795,149.33128936895557,21.510881562062774,7.43460652426097,2026-02-12,61.42519500417839,31.145036666368213
B-01045,M-01,Wool,Op-12,Morning,919.6503963305613,212.99052153049465,34.703958750184405,2.23399140747109,2025-10-20,50.683276179160345,35.00321665909202
B-01046,M-01,Silk,Op-20,Evening,1985.9641057582685,155.5782251975512,87.93452899140235,7.974650188435708,2026-01-21,46.476520688699836,28.812062281183493
B-01047,M-05,Wool,Op-15,Evening,1526.31361278273,276.48823826951633,69.51438324943388,3.8491555166464106,2025-11-07,73.66805589207189,21.19524548356769
B-01048,M-04,Polyester,Op-01,Evening,993.6106691910918,162.9175266828133,23.935324885905878,8.169240073781296,2025-09-12,77.03450938616159,20.95562729362811
B-01049,M-10,Silk,Op-12,Evening,88.09671878715486,179.21089548709335,44.138492128741376,3.788196566358938,2025-09-24,51.23970906657059,27.711050029833387
B-01050,M-05,Polyester,Op-15,Evening,1982.5558500823565,193.05550625518467,32.268287116590116,1.8153296314838532,2026-08-19,43.11371609074924,28.721409604386253
B-01051,M-01,Wool,Op-03,Evening,1921.3476894860644,253.36977956355463,91.55444070354041,4.756020805988817,2025-10-19,59.540226675895795,34.42898314219144
B-01052,M-08,Polyester,Op-08,Night,1822.4530237631159,203.03844522764274,26.58900339466873,11.845136677102246,2026-05-30,58.107237691379254,31.054077800910804
B-01053,M-08,Wool,Op-11,Morning,689.2064870242281,205.90672300449148,7.787663797450341,4.7640616297060925,2025-11-17,31.051845123023433,34.45678407800425
B-01054,M-06,Wool,Op-02,Night,1392.9152616560818,207.8387588254629,44.66733621774681,14.563405668089262,2026-04-29,54.21065696738208,21.27202872755595
B-01055,M-06,Denim,Op-03,Night,1761.644255924152,299.369856856288,31.092466486347696,7.024804431647015,2026-01-21,46.014937124837125,38.13306593903998
B-01056,M-06,Denim,Op-10,Night,1423.1433725493898,181.14288483618952,416.01124219162205,1.575153109377774,2026-08-12,47.364423715284886,25.30457045005349
B-01057,M-06,Wool,Op-17,Night,902.0707810679567,262.29318783033636,42.723262604777794,1.7750374371377333,2025-08-28,56.90605050199066,21.411001274197893
B-01058,M-02,Cotton,Op-08,Night,1649.5269208360853,231.58998224091846,63.60298342227393,12.5345493427453,2025-12-13,62.375989778508156,39.37888794348582
B-01059,M-01,Wool,Op-16,Night,1886.9879143733701,203.42637840212763,63.59100052576996,2.6389017817460774,2025-12-02,56.40888607115086,22.537456561261866
B-01060,M-06,Polyester,Op-15,Evening,1223.7395907914943,224.51507956655632,58.76414948811278,1.1406577347676423,2025-08-09,39.74202458276821,29.826608638242618
B-01061,M-09,Wool,Op-03,Evening,1075.4135605327376,184.87440521072693,28.4260365126231,11.00574524609271,2025-09-27,60.1896378643059,25.978523001966664
B-01062,M-09,Polyester,Op-14,Night,826.5496982858486,293.2042918260417,15.597967868604952,2.8288813418030365,2025-11-01,48.59183922832097,20.516779444400225
B-01063,M-09,Polyester,Op-19,Evening,1670.7067075702323,140.2350464577759,22.37184238670268,2.120887635405518,2025-10-08,53.722658992226165,20.19938469469037
B-01064,M-09,Denim,Op-04,Morning,1711.4388043444626,254.29466897192128,457.68544606413934,13.811943485668545,2026-08-10,72.72577179553747,33.66351126479636
B-01065,M-07,Denim,Op-12,Morning,1768.2662162608408,259.8164291543909,69.11535937000026,8.118706494312365,2026-02-03,41.64509193247408,36.90659951377454
B-01066,M-10,Wool,Op-04,Night,1971.1417615832775,131.1385195511866,34.44824871893093,4.159304162728771,2026-08-04,40.589907494075135,35.850795352426736
B-01067,M-07,Silk,Op-16,Night,599.9897447349591,299.7121613171257,26.198323241953066,1.347440960232088,2026-06-20,71.76220300794328,27.307336831013057
B-01068,M-01,Wool,Op-19,Evening,1331.9307368167174,280.32624589727203,26.65772685399945,13.966701809804773,2025-09-16,30.4549090640388,21.508243519855764
B-01069,M-02,Polyester,Op-10,Evening,1503.9731245452526,277.65443930230117,26.379679748862937,7.439187318115478,2026-03-06,,32.13946232548531
B-01070,M-07,Silk,Op-06,Morning,1707.450250822528,293.465622270694,55.26242348109589,4.7603850608043645,2026-08-06,54.741297580027314,21.722322210127476
B-01071,M-10,Silk,Op-04,Evening,1254.175162770021,128.88729683101553,41.92227648623552,7.188926983653051,2026-04-04,46.70523260432816,30.436617506103786
B-01072,M-05,Wool,Op-04,Morning,512.7433679108143,252.20119658991106,20.610899798902206,10.98220008606437,2025-09-20,48.31431931032611,21.058718711376365
B-01073,M-01,Wool,Op-18,Morning,1932.7627407171988,148.03031920440284,31.298494538983526,5.52934459231853,2026-08-24,39.190644474090746,31.538722466896793
B-01074,M-08,Wool,Op-05,Evening,1034.2909151920692,239.40260278685258,33.59835632103276,8.841623762130878,2026-03-29,49.32312821639676,28.404992036150837
B-01075,M-02,Polyester,Op-09,Night,508.797091830742,115.70197369072197,23.812480609186657,13.337612948682162,2025-09-19,33.893949454564535,34.1360719242101
B-01076,M-09,Silk,Op-09,Evening,906.0254064525966,174.09828741190285,35.86277776322253,8.964899681826028,2025-10-09,74.08544848192923,38.83811174520841
B-01077,M-02,Wool,Op-11,Morning,629.9296412820411,737.1540822600944,183.17835322813866,6.744252106217269,2025-11-15,53.535049974553075,20.98296780690354
B-01078,M-07,Polyester,Op-07,Evening,952.4933624467233,176.80381479299163,14.001722539569675,12.961593186559522,2025-12-30,67.44995087024785,25.446307943621655
B-01079,M-09,Polyester,Op-01,Evening,877.9973324661075,284.15129021094674,21.634846961966513,9.142243729896574,2026-07-24,56.67401043723915,31.92787199384923
B-01080,M-10,Polyester,Op-12,Evening,1710.660530479269,204.65724986004994,81.19275354783856,2.634470638763138,2025-11-29,36.45325624145315,30.737182930052366
B-01081,M-07,Wool,Op-12,Night,962.5281825142981,273.9082337718437,13.54651634560496,11.697338212104311,2025-12-24,42.39062214534535,20.72681496632485
B-01082,M-08,Silk,Op-08,Night,1592.7409007711603,139.93394760812933,23.141329028877994,6.197792887075513,2026-01-22,55.08495830032124,34.50936336900325
B-01083,M-08,Denim,Op-20,Evening,1109.5496079161921,197.01458182853906,46.9486589046258,8.571578895601554,2025-09-10,70.91803206976084,23.43356390086434
B-01084,M-06,Silk,Op-11,Evening,1539.3176415449782,211.17416283979185,56.38614359416622,10.793390185636007,2026-02-08,50.60088694758282,22.767951719362493
B-01085,M-01,Silk,Op-15,Evening,1287.0084600284335,227.87496010855511,17.266633391876336,5.73198293439886,2026-05-06,75.3433288669918,31.74739737151154
B-01086,M-06,Polyester,Op-20,Night,1174.705986056643,251.27121094872686,248.5558100354241,12.117883864251812,2026-08-17,54.729852638187936,37.89495141662602
B-01087,M-09,Cotton,Op-02,Night,1847.8953658534551,279.2513432943158,82.41576197936935,10.599978763545533,2026-05-12,72.949027356111,21.775465339124654
B-01088,M-03,Silk,Op-11,Evening,5674.892430358211,135.66630248564326,129.61767655589986,4.351177708788649,2026-05-09,50.89842540069435,25.023840092089344
B-01089,M-09,Denim,Op-16,Morning,1358.4257218130017,188.37074161821278,271.413602284445,5.854062657302756,2026-06-08,67.3226064428557,37.87019942786635
B-01090,M-07,Denim,Op-05,Night,1616.6632517563305,130.39603649481023,32.0971188556118,2.824451833278073,2026-04-11,47.28135185180795,36.15404738088114
B-01091,M-09,Wool,Op-05,Morning,594.8801133480193,126.34190704127101,19.16217887399661,13.022429559414123,2025-08-16,61.68916423736438,25.064023267399534
B-01092,M-01,Silk,Op-09,Evening,1291.3694336380256,231.08719568813225,48.76891037100101,4.264625761902629,2026-05-16,73.22014935971988,26.187371241600257
B-01093,M-07,Wool,Op-09,Evening,60.88904008837842,174.53142597882945,32.600452565691135,5.923937451423316,2026-04-04,57.17422142915072,21.45472523554393
B-01094,M-06,Wool,Op-04,Evening,1704.8181848661397,212.3753912483026,331.0845659027925,11.372364894107797,2026-05-05,63.09301561075028,27.110595943040153
B-01095,M-05,Silk,Op-05,Night,1356.8193766272757,249.0795478283079,57.961342506540234,6.305382737375107,2026-07-16,45.138380380871254,29.186920203456452
B-01096,M-10,Denim,Op-17,Night,1894.8826447184972,209.01668257197804,36.53929322356683,10.260526874531125,2025-11-10,75.1636811119457,21.97093702825885
B-01097,M-01,Silk,Op-19,Night,1563.3500093773737,264.7488923824599,43.009727159437794,12.998406396628091,2026-01-31,50.75535884274663,21.786798045837337
B-01098,M-04,Silk,Op-15,Night,846.1018853105807,158.23929099932485,22.935083645301088,11.81174579572508,2025-12-23,33.77635430129435,36.551624349614045
B-01099,M-07,Polyester,Op-01,Morning,1394.0958966508927,117.9304462471358,58.956965080483236,5.723027097001915,2025-12-04,34.48504595074229,39.23087445762219
B-01100,M-03,Wool,Op-16,Morning,9718.87060172408,144.7205096647342,100.38302905003226,14.068371473497931,2025-08-09,47.22982978634859,23.219688633747495
B-01101,M-05,Wool,Op-11,Night,857.1872648809981,287.68952808208155,38.12233463459708,3.3952035360002686,2026-02-18,35.662172581990994,31.40374431599609
B-01102,M-06,Wool,Op-20,Evening,1215.6647265408892,298.91285133690496,31.99115269792869,10.5084037935319,2025-12-29,33.70374536052239,39.85664263363951
B-01103,M-09,Denim,Op-01,Evening,91.84317111132961,211.5758367155771,47.24991674921894,5.2603062854921,2026-01-26,34.322875356007614,20.028566861583535
B-01104,M-02,Wool,Op-15,Evening,1998.8109484151612,157.36932912944,42.78947310199702,4.926370906640774,2026-07-10,37.98747301169721,23.281271765306705
B-01105,M-01,Polyester,Op-09,Evening,1689.2600679102907,281.15135812728954,39.07292925528422,14.651220375907538,2026-01-21,41.614482704822635,37.62595091228184
B-01106,M-04,Cotton,Op-19,Morning,669.2608167753266,274.00498510403315,14.38262094769022,9.90547888501066,2026-07-06,38.23654480405308,28.596625150260053
B-01107,M-07,Silk,Op-19,Night,1605.1918530652954,190.6832461248536,46.99360742008257,14.84991923148939,2025-10-22,32.737249112979754,27.100305322724935
B-01108,M-04,Polyester,Op-03,Night,9252.900986532997,163.18716447712734,155.05453006199954,11.209363487365952,2026-06-13,73.73735367444874,38.77438603955726
B-01109,M-08,Denim,Op-16,Evening,1738.8323396402218,160.70078182959045,37.25132628671361,6.578702669529002,2026-03-26,45.845650690927215,29.34774670895851
B-01110,M-05,Wool,Op-11,Night,1942.4171633816702,162.56892560113363,28.01300937511035,2.3726235335531576,2026-07-18,56.34085830252067,21.141981568903528
B-01111,M-07,Wool,Op-15,Evening,829.0840837943695,192.87004997642833,22.428989325066063,7.0655130523263905,2025-09-06,69.98459310013956,34.789493077682266
B-01112,M-06,Denim,Op-12,Night,1000.5563113634448,163.2937568122997,41.84504160611451,11.835931222116127,2026-01-22,32.60362031106349,20.256432990212115
B-01113,M-01,Polyester,Op-15,Evening,1215.719563983574,126.1762277107152,46.67317851104963,4.297923084323018,2025-12-01,76.62519765486913,37.19005951249796
B-01114,M-01,Wool,Op-09,Morning,1223.33784550599,204.06472523827716,51.92357496002063,14.65342349397542,2025-09-30,78.28852219421435,24.305380915716686
B-01115,M-10,Cotton,Op-16,Night,795.8639992505252,142.70749557679028,10.792225735967916,10.465302478304075,2025-10-08,50.25005492937742,38.6308881421304
B-01116,M-06,Cotton,Op-20,Night,1267.2884612142395,283.7043060886242,44.057100866941724,13.657591246713071,2026-06-10,37.82646067078706,27.33275400192913
B-01117,M-08,Cotton,Op-11,Morning,739.0923271571032,293.60443440914776,9.915913444279763,13.806490602187244,2025-11-22,38.347508951723455,22.423109225219708
B-01118,M-06,Polyester,Op-19,Night,1864.1654960549467,138.72476195909215,23.99071706701309,6.827988999620966,2026-02-21,52.44256828260015,31.98022088427135
B-01119,M-09,Polyester,Op-09,Morning,840.1379261007739,286.2980773837852,19.390610793216986,13.717741501759974,2026-05-31,69.06453237028461,20.38802491236431
B-01120,M-01,Silk,Op-09,Night,1441.9381030143618,155.03804235469514,66.84857280595187,13.734213730752883,2026-03-01,61.69447309162209,21.438134346328912
B-01121,M-02,Polyester,Op-03,Morning,1936.6499872643337,115.54248367834509,33.28336103125273,8.453043288058408,2026-03-18,45.16821411070852,27.856781529628048
B-01122,M-02,Polyester,Op-10,Night,1367.1081530186189,291.59587064977813,32.27594671253507,8.043016403802527,2025-10-03,34.145729069724055,32.40002666954817
B-01123,M-05,Polyester,Op-09,Morning,1783.8877843869468,186.93562966329404,36.79001673607613,3.6997545251914383,2025-11-11,39.55528113455725,35.37528361442321
B-01124,M-08,Silk,Op-03,Evening,1650.8500912388345,141.17746215331988,78.03445721498598,5.503609161818332,2026-02-27,53.27434862198497,38.86391699386901
B-01125,M-01,Wool,Op-13,Morning,810.3078131334316,171.64380824861456,37.298798027061025,3.0915914383528125,2025-11-25,55.49925396567485,29.21165101389333
B-01126,M-06,Wool,Op-18,Night,1895.008066686609,176.71347820145843,19.227230246563217,7.884331202265852,2026-04-12,74.81181245730666,36.134156154901234
B-01127,M-03,Denim,Op-05,Evening,980.0893462753738,184.35484838722516,35.023285993033284,4.216027971565244,2025-10-31,39.97858079479694,20.755690131913592
B-01128,M-06,Cotton,Op-06,Evening,893.7654357247485,110.46943568626261,26.2075708820119,4.233710347392891,2025-12-27,70.09569764180632,37.02978363293093
B-01129,M-03,Cotton,Op-15,Night,1124.1060056130293,295.57073870035634,19.008961615865168,3.8079052342329787,2026-01-06,40.76796414273042,25.837343540727993
B-01130,M-10,Silk,Op-16,Night,1069.0483973062799,282.16684539795074,12.762908375261071,9.61486976880004,2026-02-03,50.597327430613184,38.68821589142429
B-01131,M-07,Denim,Op-09,Night,815.414266852792,213.17772102035178,29.32731884081389,9.617736724704509,2026-02-03,31.977875328130658,28.060775158142643
B-01132,M-09,Polyester,Op-19,Morning,1547.1058196051024,227.62798050325387,23.438927770134995,5.487885141052944,2026-06-22,34.676006179895474,28.542248928386684
B-01133,M-06,Denim,Op-13,Morning,1921.4354877810006,195.03417320452564,57.4853987529366,5.441628440996146,2026-01-04,,35.326081422378
B-01134,M-04,Denim,Op-03,Night,88.16474559986409,262.39354847816037,37.67284890673848,13.140130114015708,2026-04-24,63.65040831443385,20.939288448153345
B-01135,M-09,Denim,Op-07,Evening,843.006127076905,276.49902101362727,23.495327963135647,1.2817041059430365,2025-09-19,67.6363568912988,29.475465850288458
B-01136,M-03,Denim,Op-11,Evening,510.64479874233075,263.8796461932985,19.458213533445253,6.037548608911931,2025-09-16,57.03828156502715,33.546013726713184
B-01137,M-10,Cotton,Op-08,Night,1933.9700882391085,206.26799064732182,42.40425571585877,6.596073713641986,2026-05-28,77.68518132458539,32.84220470051042
B-01138,M-02,Polyester,Op-05,Evening,689.6963681053567,268.51090029303623,19.885778660294704,6.070542439118122,2026-05-23,,33.20939442728862
B-01139,M-05,Denim,Op-16,Morning,798.3946696925575,220.33732172409302,21.90944989179926,1.8495629653095524,2026-04-16,50.667122993559616,30.93229879327342
B-01140,M-02,Silk,Op-04,Night,1623.0082628764862,265.5849909090625,471.03482382537493,11.797403036464493,2026-02-01,31.940647390590104,23.882575408919443
B-01141,M-08,Denim,Op-14,Morning,1752.4351625781753,268.5069016703603,28.55569147590116,5.244914712635449,2026-03-25,51.47239485393513,29.414118946318748
B-01142,M-08,Silk,Op-18,Evening,546.6021953666844,289.38057989210336,25.766996978765015,4.369976199289094,2026-07-01,41.997445186181565,21.66758107537519
B-01143,M-06,Wool,Op-09,Morning,1369.605672409658,233.40737142507078,15.821654855420018,13.762076421682735,2025-12-07,47.281008445039475,32.43014622276168
B-01144,M-08,Denim,Op-12,Morning,780.158792346694,266.2491610179885,24.45187522476234,11.7347569887367,2025-10-25,47.532134572857345,27.536212555484248
B-01145,M-03,Silk,Op-12,Evening,500.3615070277018,148.24886720760557,10.601136363790122,3.915245320515002,2026-08-19,42.52414733748817,36.11811685066883
B-01146,M-07,Polyester,Op-06,Morning,787.2819830752222,200.85269215860632,19.096460919437213,13.119030509218247,2025-11-27,42.067485191874994,21.570724855855975
B-01147,M-10,Polyester,Op-17,Night,1621.4777368474668,210.1381089389589,67.62615972395946,12.435107174040864,2026-01-05,,39.19184295218468
B-01148,M-02,Denim,Op-17,Night,1405.70461826563,198.6683176104761,22.616562315987018,1.5609672088757334,2026-07-18,79.21609894070207,27.66962245150085
B-01149,M-02,Denim,Op-04,Morning,1500.0632830946852,156.85765781909186,65.16986625059003,9.200895793034666,2025-11-08,59.33839539222956,28.914596418057386
B-01150,M-06,Wool,Op-16,Morning,897.4505923331645,189.72651832354683,23.147307118393172,8.5276898002736,2025-08-03,63.18123603836498,35.67943701011179
B-01151,M-07,Polyester,Op-10,Evening,1469.070416144894,130.12219061370382,265.5757166339461,14.0570734075947,2026-08-25,49.15294032105018,34.590428439528765
B-01152,M-06,Cotton,Op-08,Morning,1230.6238164853671,275.6504935464693,36.4485717335335,8.38157209930948,2026-08-18,76.49352411469395,29.675937931655927
B-01153,M-07,Wool,Op-11,Night,679.6201827507978,260.53124883044393,32.43990545241138,4.457515774538875,2026-02-09,74.98062446861576,38.21648440660792
B-01154,M-08,Polyester,Op-18,Night,1280.3457336546348,235.41875695672886,14.559984200826463,11.89922232086329,2026-06-01,36.55073093252328,32.019143899949945
B-01155,M-09,Silk,Op-03,Morning,1246.349125083089,130.9685363240455,43.53110749449484,3.5609209634691856,2025-08-10,48.25237833463008,28.64874333433006
B-01156,M-10,Wool,Op-06,Night,611.6426276577735,200.73835224748893,19.73671077735346,3.556751823543416,2026-02-28,58.69875875158709,32.748092245223674
B-01157,M-04,Denim,Op-18,Morning,1607.4432657174616,167.12184884818026,57.74592865569343,11.711492282863832,2026-02-15,51.63835408540969,29.683689966451936
B-01158,M-03,Polyester,Op-13,Night,527.5375759988359,230.79884428404966,7.19425043276793,9.660192087009616,2026-01-30,45.49235583766399,21.71588569798979
B-01159,M-06,Wool,Op-18,Night,1884.835620477843,237.85586424516742,81.84496873350892,2.7794365927903657,2026-02-08,47.83615846544532,31.84965987803193
B-01160,M-03,Denim,Op-10,Morning,565.4913930695128,147.32662629400176,27.347710621026895,13.45648586413532,2025-11-28,30.458277509190825,24.02798205587775
B-01161,M-07,Denim,Op-14,Morning,1420.1027697832567,152.3342733275013,28.10355431716153,1.9378753215418665,2025-10-06,,20.563826808944444
B-01162,M-07,Cotton,Op-11,Night,1822.2287293833658,183.1827308595019,32.16433212524432,11.084667168323902,2026-04-22,75.91425176899789,28.16080923205633
B-01163,M-07,Wool,Op-17,Morning,1275.6768962853794,281.6167374119709,41.93902722060324,12.26124179792781,2026-06-06,33.29149216815769,33.85145600155164
B-01164,M-03,Silk,Op-03,Morning,1861.1947645196383,124.49628337005944,54.495404341575814,8.476505584865192,2026-05-14,73.97313467559462,28.20047573483486
B-01165,M-08,Wool,Op-04,Night,605.6910165004374,155.62872808978216,17.222672274554235,5.5430930883652625,2026-03-11,77.25612243724434,25.65334721082318
B-01166,M-07,Wool,Op-16,Evening,1506.9566353464197,132.4366744815755,52.819389129455395,7.810193419986243,2026-07-22,66.92695197379538,37.337104260541324
B-01167,M-09,Cotton,Op-15,Evening,1503.5802729754218,125.2566945169138,30.962706625265888,14.24087096144886,2025-08-21,36.628703874224115,35.49345874363597
B-01168,M-09,Denim,Op-14,Morning,1900.3897155518773,243.9919078738959,65.967330800708,11.553391981697166,2026-07-05,40.95295865299417,28.86079953270322
B-01169,M-07,Silk,Op-05,Morning,1654.9604273099014,120.79187518247792,71.01503000839448,14.473114430363397,2025-12-23,74.51103352772779,25.40697180991169
B-01170,M-04,Silk,Op-11,Evening,1277.485884559735,192.36129631240374,33.773298269239376,5.402077481359676,2025-09-09,59.04842933157963,34.59778235407195
B-01171,M-03,Wool,Op-10,Morning,1443.828789512438,239.86258423106074,40.90386104501564,10.955705438214002,2026-05-06,32.598304906559015,37.19495611370134
B-01172,M-05,Denim,Op-15,Night,893.6241225443216,148.35290149593632,35.73516173017642,7.7621975798153064,2026-03-30,74.34157697344796,27.566951633652938
B-01173,M-04,Cotton,Op-07,Night,645.2280964808278,195.21134043021237,119.39540370308634,14.8836059654983,2026-03-25,68.52189013961686,24.21056976881226
B-01174,M-08,Wool,Op-06,Evening,1114.341390893764,256.016804746993,37.556344028199526,11.797147414065652,2025-10-02,41.405018895119255,38.444466363097206
B-01175,M-03,Wool,Op-16,Morning,1069.886436443022,200.3871161561721,188.7940719955228,9.470997548128413,2025-12-23,57.99452659228927,29.728100710723563
B-01176,M-05,Wool,Op-04,Night,1719.099356457019,208.35206398820307,82.33158079839242,2.8351180638658433,2026-05-19,68.3078550791389,38.64887956754701
B-01177,M-09,Polyester,Op-07,Evening,1053.5265986167592,127.10337471215081,49.8944895132254,8.257594772862912,2025-09-21,,22.252184586984413
B-01178,M-09,Cotton,Op-02,Evening,775.369441032719,150.5531719902328,21.90625913370428,6.692911376389586,2025-11-10,49.15822342795629,35.893257847957784
B-01179,M-04,Denim,Op-06,Morning,756.1523900050054,153.4419790972148,24.67317101955179,8.127587392625308,2025-10-20,37.372695871306746,32.23311351292028
B-01180,M-03,Wool,Op-10,Morning,1572.0534745733864,287.54092307587354,23.993642643162286,13.77156385541618,2026-05-13,77.30378090344158,24.89431194047402
B-01181,M-06,Cotton,Op-07,Evening,953.4150507446727,279.01703455326293,45.665835021330786,14.608748644728836,2026-06-29,72.9662475535238,22.200354422550873
B-01182,M-01,Wool,Op-14,Morning,1135.037041026179,101.86205815247074,26.72122487144765,7.193512370474711,2025-08-24,32.30345848377338,30.87755842322235
B-01183,M-01,Silk,Op-14,Night,1210.1524003910731,222.6340721486234,51.76682736657063,13.163215341449483,2026-04-11,63.09507882359643,28.680977369563614
B-01184,M-09,Polyester,Op-11,Evening,1858.3732063596983,123.95199328643945,68.28010267960325,8.44706168573908,2025-09-14,44.22559798712221,20.94122395753895
B-01185,M-06,Wool,Op-16,Evening,1794.1561661888384,132.5805308954788,36.98007679715624,12.373791206734607,2026-06-05,72.66978667684708,38.286808853329674
B-01186,M-09,Polyester,Op-07,Morning,1855.929597784834,164.13255094728646,72.03777465629018,8.732732188377039,2025-08-02,32.52537354161411,20.877621767374873
B-01187,M-10,Polyester,Op-19,Night,1166.7199669666866,151.2584750738435,49.27717240183079,3.665788944348743,2026-06-09,63.4976745429609,20.008030880506798
B-01188,M-06,Wool,Op-16,Night,618.8744091948932,138.29792298162388,14.127966156999733,6.407309534187254,2025-10-27,54.24293698580518,27.099902316278836
B-01189,M-05,Silk,Op-05,Evening,1945.8740181097826,228.31593624867884,42.92257061049695,1.328061375143435,2026-03-10,51.508795422215655,37.500173994879404
B-01190,M-01,Denim,Op-02,Evening,641.8345171615823,251.67695431798356,10.025429736167274,9.484193647105137,2026-02-27,58.515625391325194,21.071531192148157
B-01191,M-05,Silk,Op-12,Morning,1433.8240943196706,141.56476829176717,68.73323453016766,8.05698111647794,2026-03-16,57.24408430146967,25.67014380541879
B-01192,M-08,Silk,Op-04,Morning,1763.6961602533627,244.4747015265597,28.974942277317602,2.091914129731727,2026-04-25,35.30650096545097,29.855626917299112
B-01193,M-07,Denim,Op-08,Evening,1967.398195294211,131.70404680548188,29.82862187199413,7.824549696495636,2025-10-21,48.206052842075266,32.78772842908196
B-01194,M-05,Cotton,Op-16,Morning,1145.4746420635863,154.94100656142874,49.62169292863841,13.428521345403633,2025-08-09,32.02928560673475,38.274549880129186
B-01195,M-10,Polyester,Op-18,Morning,946.3560746612231,257.85813093542095,20.944034400473146,1.4369898447424658,2026-01-15,78.34327751466968,30.531898851795788
B-01196,M-01,Polyester,Op-03,Night,1043.8748188920156,113.28107069209948,28.925183642982866,14.85089319658855,2025-08-28,31.964597257534624,33.098142462957185
B-01197,M-06,Denim,Op-08,Evening,1923.3743272830727,149.19994806135904,24.466108638024828,8.449215535132158,2026-02-23,54.11781042913765,34.05732888100203
B-01198,M-02,Denim,Op-14,Evening,790.6836950350323,142.91296401856997,14.714428123436376,11.334110567783656,2025-12-21,39.456934816337004,31.469835277819534
B-01199,M-01,Wool,Op-11,Night,1792.4374251259676,288.4370908979277,21.493547458865933,8.258901649191365,2025-12-19,47.61544421045892,24.68115550034998
B-01200,M-02,Wool,Op-06,Night,902.750114296243,230.84715598906357,34.08290960667969,8.470637038328952,2026-07-14,77.20206391404636,27.925545249834013
B-01201,M-05,Denim,Op-15,Night,1233.984121212682,202.51524318484235,47.21926726060169,4.748840404457645,2026-06-11,52.747538842099985,29.415699940254143
B-01202,M-07,Cotton,Op-13,Night,5842.202755659577,165.86425549650085,176.04646062760668,1.5908065601381782,2026-03-30,,29.925902510012794
B-01203,M-04,Wool,Op-11,Night,1977.3936626622374,289.1549434016922,55.67126939033516,3.759484543531131,2026-01-05,73.76816199503804,34.08987272823369
B-01204,M-10,Polyester,Op-07,Morning,1310.9164914870935,269.9200349964916,43.476797347720314,7.721889154937225,2026-05-14,48.66036845525635,29.864949860519715
B-01205,M-06,Cotton,Op-11,Evening,783.6164806675233,280.18154605339816,26.773791012349,10.438617283614594,2026-05-02,61.66344586687445,21.989924523612764
B-01206,M-06,Cotton,Op-05,Evening,681.4409933577385,115.73953503907981,9.246395646795616,8.382352538993507,2026-06-25,50.13927670232475,31.776205403124465
B-01207,M-08,Denim,Op-13,Morning,1146.4745942708876,134.9573430090316,26.38809759526578,14.819401202937632,2026-05-14,58.05751062175872,33.74873721881735
B-01208,M-09,Cotton,Op-06,Morning,642.1083721690162,295.17417255670733,7.055417386258264,5.007626495364565,2026-06-27,51.19040925867871,32.9972784340515
B-01209,M-02,Wool,Op-12,Evening,8430.121119679456,207.31563800572405,124.99017216368898,4.89504061896351,2026-04-19,33.080399264623466,23.24996830948883
B-01210,M-02,Silk,Op-12,Evening,598.4011474175443,238.12306247732727,11.173687933874742,9.013708163548712,2026-07-25,50.225976222911754,27.272228983801277
B-01211,M-07,Denim,Op-01,Evening,1504.4168848062764,294.1336055587741,41.92441105787102,3.460013441715562,2025-08-19,59.85583100077517,28.483701114919526
B-01212,M-03,Polyester,Op-16,Morning,881.2209201917216,265.02697513228384,15.220746138464197,7.793578458061376,2026-07-27,57.170292609913204,26.095218255946513
B-01213,M-07,Polyester,Op-06,Night,628.8655823042308,242.82382818498317,16.747314316313624,3.7472799436299784,2026-06-11,64.50376770943988,27.807528920939077
B-01214,M-08,Polyester,Op-10,Evening,1203.7662441391576,173.54170162550864,44.09561397589637,2.4086796811162614,2025-10-11,45.48159050014229,33.27468721387877
B-01215,M-08,Cotton,Op-05,Evening,929.3364608599916,192.0205253115376,42.62853520778677,3.7082611921671247,2026-08-04,40.51860407649179,20.460941768132148
B-01216,M-04,Cotton,Op-14,Morning,816.0599976123593,145.50677538729266,10.61344630375107,4.914420057031846,2026-07-01,36.37040358477145,32.785257663627256
B-01217,M-01,Silk,Op-16,Evening,701.3036394895254,228.95134531801858,14.194979613071926,5.755248686740199,2026-04-18,65.39739133505945,31.14849489340284
B-01218,M-10,Polyester,Op-05,Morning,1476.241925733992,123.25473605857613,50.42871929797653,8.509745363120427,2025-12-07,51.85740525225174,25.357471656348814
B-01219,M-10,Cotton,Op-08,Morning,1807.0003885104238,299.7809399526153,36.65291322196334,9.508678762407943,2026-04-21,50.23529371645851,24.50414200432403
B-01220,M-10,Silk,Op-05,Evening,1219.1824672246485,173.45554025614183,30.895766797648832,13.793403316749218,2026-01-23,48.41477338278548,27.46889182290871
B-01221,M-01,Polyester,Op-06,Morning,1754.9303155514872,761.2391517014339,530.9541317991684,9.598363904464497,2026-06-15,46.707151119193114,36.35808353664879
B-01222,M-06,Polyester,Op-19,Evening,1097.3753522951192,199.43345614353714,30.583391281860955,10.343817427473635,2026-01-08,30.63827132589487,37.431037129164956
B-01223,M-09,Silk,Op-11,Morning,1014.4497795501172,127.64911312681141,37.68316109838747,7.15251524101819,2026-04-19,54.816138564218946,28.072933889869557
B-01224,M-09,Silk,Op-03,Evening,1131.3447931388391,292.28351556931466,29.292385356738297,9.389885249530286,2026-01-21,70.37389678259544,22.187118062189576
B-01225,M-09,Silk,Op-05,Evening,1005.2715521707291,213.89647762731835,44.244723614421154,13.055589280859959,2026-03-23,33.91691088810033,21.451495960894217
B-01226,M-09,Polyester,Op-05,Night,819.2751290575361,233.75065088996274,12.445869530249848,8.600293853051273,2026-05-06,71.64467974436147,22.501778196728072
B-01227,M-09,Wool,Op-02,Night,1335.2275404174613,289.2757306716742,63.04669925979905,6.80996861719056,2026-02-23,46.347105012734744,32.13378646395772
B-01228,M-10,Polyester,Op-05,Night,1755.3917492669354,299.09672214664397,75.17124194264855,1.3159601648332793,2025-10-19,35.64290723563811,32.18935526733244
B-01229,M-09,Denim,Op-16,Evening,7801.743371751618,147.84221760684375,172.8615156792777,12.017661191336812,2026-03-16,32.81909269266158,27.387652951651702
B-01230,M-10,Wool,Op-03,Morning,1032.2685851459873,222.53686893492144,21.035535000889567,9.19525591907339,2025-08-06,57.380805032687356,32.80966586284424
B-01231,M-04,Denim,Op-06,Night,626.9731303769435,123.85433440794868,23.85741458383595,4.1441533571546145,2026-01-25,55.00989677613926,36.808855010920404
B-01232,M-07,Cotton,Op-19,Night,1683.5609063030706,170.1951247852183,20.958087961632202,6.665152383079702,2026-06-11,49.68409429953064,23.83746368809003
B-01233,M-09,Cotton,Op-20,Evening,1386.3741392408401,297.8433366841172,27.870889696481026,3.3356158693036795,2026-05-01,32.334240994963686,35.59063363647866
B-01234,M-06,Silk,Op-02,Evening,1744.4657080293925,240.7873334069031,49.881586053984734,14.239429518711264,2026-04-19,50.446361787833595,33.23939678901269
B-01235,M-05,Polyester,Op-17,Morning,1445.8830459628152,189.91978120154747,61.34036490729141,3.6408514499370477,2026-07-13,55.394870800169045,30.571684028748848
B-01236,M-07,Denim,Op-02,Night,1603.2810586903718,232.7583247882888,73.37252461981785,2.5874193377360157,2026-07-05,66.03081453318575,30.006103127090295
B-01237,M-07,Silk,Op-12,Morning,1879.8064011958143,111.0313181203571,59.57482263359169,12.488981844962703,2026-08-21,31.88486952113353,27.343392513900454
B-01238,M-02,Denim,Op-18,Night,722.1511979406912,249.26276251381537,27.857345328173334,1.11696585840994,2025-11-11,38.42995242170184,31.615936597069513
B-01239,M-02,Wool,Op-04,Morning,1874.9646540408742,241.09933038692478,27.761421059810473,10.404909783568122,2025-08-01,49.71705731753322,20.02568851053603
B-01240,M-01,Silk,Op-15,Evening,1301.8318171340588,235.02597716888394,232.77070230763997,6.844275974550475,2025-11-07,66.53395057641951,30.437245906643575
B-01241,M-01,Polyester,Op-19,Morning,1759.9973348659144,244.9825493248879,32.34218368685563,13.52666781817493,2026-08-15,35.87786245604683,39.80445069230148
B-01242,M-05,Silk,Op-12,Evening,517.669814429963,299.4845878107108,17.191370007919613,4.935034396231584,2026-04-22,63.40097262562799,23.533646283526103
B-01243,M-03,Polyester,Op-18,Night,1856.0524796818388,164.03623348568772,43.53930518804706,10.38355566462103,2025-09-30,39.395179439920824,32.495907974374504
B-01244,M-06,Silk,Op-20,Night,816.8123878819275,162.63641014072704,16.182010870584577,3.503774959109191,2025-08-14,75.09580539189415,27.943737726342576
B-01245,M-07,Silk,Op-20,Evening,1172.6117615238993,164.1072333612991,52.11243329013343,11.421869553386564,2025-10-04,78.56099559427471,28.760673133952935
B-01246,M-06,Polyester,Op-06,Evening,1348.7946103394293,131.4471330188467,61.48816958193405,10.668718389138782,2026-08-19,55.67172485629101,33.01213046504207
B-01247,M-09,Polyester,Op-13,Night,1160.6518559840692,280.23552464347114,26.721972389104124,11.509366199943168,2025-09-05,54.43024629389924,32.06444271315927
B-01248,M-03,Silk,Op-18,Evening,1975.3959496081613,233.4702326100792,24.2051806477924,1.6138559349528185,2026-02-05,46.33109528740044,32.46628867518115
B-01249,M-10,Wool,Op-03,Evening,535.8262869787142,190.0048479055605,135.76311197183026,5.65766251569738,2026-05-04,51.914930401658296,25.253866197600104
B-01250,M-04,Polyester,Op-08,Evening,1271.8566744017007,140.03084224987336,20.22013050384926,5.474251967639976,2025-09-30,59.590395383166296,21.444586965449556
B-01251,M-08,Denim,Op-18,Night,609.8684061610852,262.46346654282377,22.428164919251085,11.53372926496813,2025-11-10,67.66564659396286,34.32650686952056
B-01252,M-07,Silk,Op-12,Evening,1215.4878730672626,228.45563270142299,36.482059500074435,1.537061767031645,2026-01-19,61.07322113283923,35.55755411073754
B-01253,M-03,Silk,Op-08,Night,1036.2699926408554,155.48534696019584,24.55272141091115,9.999228702269155,2025-11-04,64.64005993149544,37.41935199725085
B-01254,M-10,Polyester,Op-12,Night,1654.6584610783784,212.2711648378676,54.794152701562965,13.359710869493108,2025-09-02,56.390605414781035,30.352596567959345
B-01255,M-10,Denim,Op-16,Night,1623.9730327136517,292.9380957656922,50.659879388490296,2.029886959020719,2026-01-16,32.67173011955086,38.75100674814677
B-01256,M-08,Polyester,Op-03,Night,1422.3545218504041,196.4847203189458,31.957650370547697,2.311204336504643,2026-02-27,68.40446892093333,34.94449290177174
B-01257,M-08,Denim,Op-05,Evening,959.3588678426006,267.56827618110367,32.348995728611634,2.0130016083785724,2026-05-09,74.0552574178283,25.133233797918287
B-01258,M-09,Denim,Op-05,Night,1903.9912685026666,235.6245003073293,40.155816838935756,6.802017374538512,2025-09-13,64.47671044527075,26.879592726327402
B-01259,M-02,Wool,Op-03,Night,1995.0249169020196,250.15804623595756,22.428618830271105,10.026079683345447,2026-01-28,47.76448216096594,20.983216583100962
B-01260,M-03,Cotton,Op-16,Night,1331.2718831731981,252.4065442078102,32.842587929381665,8.523308666213971,2026-06-27,72.03925359695573,20.668530661864434
B-01261,M-07,Denim,Op-05,Evening,855.6055867612671,189.45459363142442,40.121323284297134,2.013269504717715,2026-05-26,77.70658207855362,24.465108021387216
B-01262,M-07,Polyester,Op-08,Evening,1138.8397325550227,297.1048266510436,45.47336060228405,8.75681736844295,2025-09-30,76.54164320879038,20.106979773884458
B-01263,M-09,Cotton,Op-12,Morning,7711.932800952194,127.94411339579082,152.7456463721732,2.345761924250121,2026-06-02,,28.491452143719112
B-01264,M-10,Wool,Op-12,Morning,711.6891774489828,100.15790221864376,33.15379706229869,12.341961270436457,2026-05-31,34.37872814931191,32.676996374706476
B-01265,M-03,Wool,Op-12,Night,812.9778697376465,233.05456724738215,32.06233701151509,2.1017800739051324,2026-05-29,60.18775719188065,23.278634419064055
B-01266,M-01,Wool,Op-02,Night,951.8469421908624,192.67820176092926,21.041160734658742,9.392027588386703,2026-06-27,38.56367053331198,34.83275637235242
B-01267,M-02,Denim,Op-07,Night,1493.5577898691304,131.65661013987472,29.70424018411779,10.633647228888904,2026-06-09,36.40940364052309,28.507129925399674
B-01268,M-08,Cotton,Op-18,Morning,1622.5628741422738,152.40700090137491,56.06577437391527,13.344042289535547,2026-03-07,74.59101057033064,23.92882630445572
B-01269,M-01,Denim,Op-19,Morning,631.5764625799465,178.30741992032586,13.453610994047827,10.986504213017811,2025-12-04,62.971162342495816,32.49401338813216
B-01270,M-09,Polyester,Op-10,Evening,1067.0374241516029,120.58922894005724,21.29565653985506,11.066319486070414,2026-06-19,55.19443983956367,34.17531264691309
B-01271,M-01,Denim,Op-04,Evening,986.6573429525993,166.84306745202292,45.27961941559804,1.3603937364610268,2025-11-13,47.05239364153118,36.066091470360675
B-01272,M-01,Wool,Op-02,Morning,1277.3274734538913,191.10033904384403,61.04348405454976,1.4315446617911836,2026-07-13,73.96021687926913,20.260204268517455
B-01273,M-09,Cotton,Op-02,Evening,1233.824373032136,168.38689871494532,39.42969684541508,13.93905808779724,2026-02-11,31.219549655504835,31.62849789738174
B-01274,M-09,Polyester,Op-17,Evening,828.9806018170732,185.77748627004212,39.355138829820305,10.131696083212782,2025-09-13,66.35655984409638,20.014337174131597
B-01275,M-02,Polyester,Op-16,Morning,746.7880585892186,146.71608684447185,147.32822308950446,4.688628239713875,2025-11-08,31.891006827601764,22.461042471806497
B-01276,M-01,Polyester,Op-11,Morning,672.951635508574,121.39825223492466,7.2923599760330635,11.072439547379606,2026-02-09,72.72843320163204,25.139045990169397
B-01277,M-05,Denim,Op-19,Night,834.6350276680337,111.30313815935146,25.571410380611326,2.447529112820581,2025-10-11,51.575405992382116,24.59836741723265
B-01278,M-07,Denim,Op-09,Morning,880.2406298857856,288.10746022058953,22.222445159708208,13.683215550967704,2025-07-25,58.3403052505233,27.088479839747723
B-01279,M-04,Cotton,Op-04,Morning,1117.7784247167456,245.5158644269888,26.19831873170965,7.32294593726373,2026-06-07,72.83649732529487,38.88189571860729
B-01280,M-07,Silk,Op-18,Evening,1341.0417220635202,119.01130736651288,60.43058482304106,3.806566668729026,2026-04-04,50.673288335508005,24.124054318035576
B-01281,M-02,Wool,Op-16,Morning,737.4293840886471,191.1321643106184,173.47869384507368,9.47978936643826,2026-06-23,64.59319540804222,27.661387394530134
B-01282,M-02,Cotton,Op-08,Evening,1159.2616706713277,113.44812681040733,50.180378161912046,7.50565255823231,2025-10-16,71.03679204078651,32.29082036442631
B-01283,M-04,Polyester,Op-11,Morning,1241.0175058989585,123.69234101889637,47.05891082216672,1.190957841702335,2025-11-09,,26.064390934371822
B-01284,M-01,Denim,Op-13,Morning,1685.3898559125407,159.15056692406588,32.45040953536354,7.93915489236546,2026-03-31,51.05594522170408,28.210455687028556
B-01285,M-08,Cotton,Op-08,Night,704.5566575441876,139.3377116462426,24.723129862185786,1.7746534202868454,2025-11-30,39.90653709117885,20.18401795250759
B-01286,M-09,Wool,Op-01,Night,974.5631110815243,294.62894228538175,10.075091762652235,3.7120387108681703,2025-08-24,47.291428515479694,27.156823172830663
B-01287,M-07,Cotton,Op-19,Morning,1758.8119295591885,106.39889202886495,55.83141457597453,14.16251768620938,2026-02-10,74.60371755468103,30.710438321719273
B-01288,M-08,Wool,Op-13,Evening,1480.6668844342344,177.4100023869774,41.88690647980748,10.061111967569976,2025-09-10,32.238419434424344,21.08095254699453
B-01289,M-08,Denim,Op-05,Evening,1324.4334516590525,277.5635280671638,34.1218371901319,2.4652488747105474,2025-11-26,71.13239635969447,24.200946745841392
B-01290,M-05,Polyester,Op-12,Night,974.9036522411193,180.0310545730798,26.96716129469339,3.1069369730161975,2026-08-17,55.178503720177744,36.03285179662734
B-01291,M-07,Polyester,Op-12,Morning,1235.9203638472986,269.7535170562628,56.10716311602649,10.88481360493243,2026-02-01,54.522720425989235,25.153912963783593
B-01292,M-06,Denim,Op-05,Night,1365.5306025358375,144.22952202213867,67.84459570234083,4.767676536932145,2025-11-29,70.1566544468123,20.88291124174911
B-01293,M-10,Silk,Op-15,Night,695.5275195721877,259.21370507938747,18.44291901566535,6.52685443480356,2025-08-01,54.61080916437334,37.613011549291556
B-01294,M-08,Silk,Op-20,Evening,1306.2406305098516,109.859932481834,19.398451535504464,1.0328646341443442,2026-08-01,42.23999365008629,33.61166185837534
B-01295,M-08,Cotton,Op-07,Evening,670.6429382068242,182.19212160718064,8.841438542069213,10.06971854051517,2025-11-10,65.60359961239652,23.569013481967495
B-01296,M-04,Polyester,Op-14,Evening,1910.5955509183163,152.13327651242034,32.0088650178189,12.946850966522133,2025-12-31,73.17457252314091,35.45045183525089
B-01297,M-09,Cotton,Op-04,Morning,1732.7021888813006,253.85011184831734,35.52099121732565,9.35412186148704,2026-07-15,,26.744040703379056
B-01298,M-06,Polyester,Op-05,Morning,682.8338181205385,201.9514133801743,16.757136775904268,9.19365225713785,2026-03-23,47.96694952578936,29.50718135361737
B-01299,M-03,Silk,Op-10,Morning,1461.5090859810518,280.25184155931265,51.149530806942636,3.2948836686572283,2025-11-13,49.07044049515617,22.817372079017225
B-01300,M-09,Wool,Op-16,Night,1593.3057642328936,286.38254651949114,54.36447621877473,4.904206967653509,2026-04-06,77.51056029327151,21.265253436413495
B-01301,M-01,Polyester,Op-13,Evening,585.6990790149949,278.75483755238895,9.378462516351194,8.417326798980756,2026-02-14,63.467417538139806,36.63147851820905
B-01302,M-10,Polyester,Op-15,Morning,557.8873429072007,275.77622918257043,18.930368901683465,5.409065184425055,2025-12-19,36.44894539635826,29.369224741741732
B-01303,M-03,Wool,Op-10,Night,546.4559051337652,154.97913165141756,26.943607569521472,1.4591982398765442,2026-02-07,51.01676945977495,37.902000581324884
B-01304,M-05,Cotton,Op-12,Night,1455.5713302554414,132.32753875691836,23.507436932294556,13.68189145999028,2025-12-17,,30.32495646400121
B-01305,M-05,Wool,Op-01,Evening,1882.5900041774921,251.4938101446206,34.715463586700935,11.243873818124122,2026-03-17,65.45903518972023,24.006796421928847
B-01306,M-01,Silk,Op-15,Night,1532.4394976408826,751.586538859417,507.16874420127317,7.141403755242684,2026-07-17,69.10009127969707,35.67905036195682
B-01307,M-05,Denim,Op-07,Evening,842.6387784626302,154.8023560771095,15.488348714192298,5.4077761757222955,2026-02-14,35.8402053866976,25.463192407398903
B-01308,M-07,Denim,Op-11,Morning,1182.9931247129034,281.687509574453,16.360993594374857,2.462724434555413,2026-03-03,66.01339619736979,33.745660088262554
B-01309,M-02,Silk,Op-17,Morning,1883.8586073587,213.69444043136392,71.09756510589261,6.092157295899579,2026-08-16,67.82692917476533,25.14730916803268
B-01310,M-04,Cotton,Op-03,Morning,559.5668113583708,267.8816075218544,10.547561768827862,7.274391858298459,2025-08-22,,32.73385828715884
B-01311,M-08,Silk,Op-04,Night,1515.610568987672,254.44805517865532,69.35987884539072,7.624984616381582,2026-06-26,60.886346203089715,29.12651847644797
B-01312,M-02,Cotton,Op-14,Night,1246.8037707714789,268.3617418057638,32.72022707245263,12.21892881578348,2026-04-30,50.525241067417824,24.6016898371495
B-01313,M-08,Wool,Op-06,Evening,1739.3260636628302,145.52650716387848,62.07373903559777,8.342108842008491,2026-04-02,70.30483739803736,27.069549502567575
B-01314,M-04,Silk,Op-05,Night,868.4473610732218,121.85588907363199,38.38917444923322,12.121379151299989,2025-11-06,34.94843117043534,25.42762790159169
B-01315,M-04,Polyester,Op-13,Night,1019.7039306180008,294.60906990283223,38.95527139572648,14.716280686834036,2025-10-28,43.41380102267783,20.81956444499781
B-01316,M-04,Wool,Op-01,Night,1176.4797539725155,120.15056879191526,18.289673273280616,10.9053194656926,2025-09-12,31.55874545559606,37.403933809844844
B-01317,M-10,Denim,Op-03,Night,690.9678181200875,135.1344595937169,17.899797321199777,14.44372901888893,2025-08-01,64.65846801269231,36.027430709272735
B-01318,M-06,Wool,Op-03,Night,1004.4690912574333,146.896801356634,20.37539451485591,7.729072396373725,2026-04-15,57.591436676708426,32.635496873055104
B-01319,M-08,Silk,Op-18,Night,1922.981121354486,133.95169964142718,44.87221358014121,14.519144446729772,2026-05-22,30.74280612537519,29.622513836336914
B-01320,M-07,Denim,Op-15,Evening,1173.6851208953763,214.13291579615782,43.936962362718866,7.098248212177927,2026-06-10,50.74234251507975,34.65446830826613
B-01321,M-03,Denim,Op-12,Morning,1749.9069230537718,149.99179624789912,51.52128753365773,9.53339913655689,2026-01-17,59.259739269642694,27.394756217453775
B-01322,M-07,Denim,Op-05,Evening,970.6732149585931,128.36887952339703,35.360747464804746,3.99321694927826,2026-03-08,35.275682320060056,33.661391503802484
B-01323,M-04,Denim,Op-20,Night,1925.9095573698091,245.93568272944825,53.41088928379369,1.7286417425858402,2025-12-15,74.21225869644772,37.25350325891452
B-01324,M-02,Silk,Op-16,Night,1378.7945757918824,295.2156664945038,24.324796968736216,8.452261093874327,2026-04-01,75.26609141880448,21.66077515620373
B-01325,M-03,Silk,Op-10,Night,1161.1324151619767,216.95136166746096,13.8135574359309,12.427189926079203,2025-10-15,79.41310575715934,27.777029929482328
B-01326,M-03,Silk,Op-19,Evening,1701.7572549429872,220.87614381656164,67.54684637965089,3.7796000241548233,2026-07-26,,29.896569132428404
B-01327,M-06,Denim,Op-09,Night,1655.6176806029657,199.9236823997524,43.591587002638754,5.273003421804027,2026-03-06,78.68712910192468,33.26725221912986
B-01328,M-04,Wool,Op-20,Morning,8144.525724618075,246.22059660071244,111.79386748742334,4.390568238312747,2026-04-22,38.58549944868441,30.596677779241404
B-01329,M-10,Silk,Op-03,Night,1482.4116568509824,156.65930559954046,66.25518167444517,1.0034010820831782,2025-12-19,36.34680288370882,38.67230755670188
B-01330,M-04,Silk,Op-05,Evening,850.4135480543553,255.67438090909823,31.685068974544425,9.52000230443564,2025-07-25,78.54523557249348,27.47211319068118
B-01331,M-03,Silk,Op-11,Evening,595.3035836358779,179.2494693632812,8.816945250670708,14.493447256634527,2026-03-20,56.949043722506026,25.757590066696892
B-01332,M-02,Silk,Op-02,Night,1555.2925102722957,228.97120868594536,34.448102368084264,6.235141990452845,2026-05-20,77.54706759329171,20.444056259757005
B-01333,M-05,Silk,Op-07,Morning,1881.604229449372,164.18708766388806,80.81879656962484,4.531539673972386,2026-03-29,,30.684408198624947
B-01334,M-03,Denim,Op-13,Night,654.7201413175416,288.6041419291472,16.628810584642682,12.131020336536297,2026-06-08,39.062512777577595,34.24015922396325
B-01335,M-08,Silk,Op-06,Night,1103.442017114478,256.6580184877733,227.8020431218972,14.47898731173025,2026-06-23,36.3327936423597,28.412604737576387
B-01336,M-07,Wool,Op-01,Night,1044.7836855743376,110.4537335123193,44.55097645923497,10.597540687876727,2026-01-17,51.81072085600227,23.895876052878535
B-01337,M-10,Wool,Op-02,Night,1703.841122227442,197.27832561777876,33.123211896567604,5.178309256068648,2026-07-30,61.90463628982262,25.76304271554806
B-01338,M-03,Polyester,Op-03,Evening,1595.77198103949,108.06504794419014,20.361412725267762,2.3267585944843154,2026-02-26,30.33940870117949,23.058863729508523
B-01339,M-07,Polyester,Op-18,Morning,1993.703551669878,157.76199399081793,61.41884687994413,3.089752177369462,2026-05-13,42.049812899795896,38.7225114308027
B-01340,M-09,Cotton,Op-02,Night,1047.2271444617854,274.67829158184384,206.83013974636654,6.5298637876864545,2025-09-04,46.75042849788479,24.14565045099471
B-01341,M-09,Silk,Op-11,Evening,1515.9559389472115,157.91654093414542,39.86389703177716,9.08079644991586,2025-08-05,33.29460825159863,23.825783133930287
B-01342,M-07,Wool,Op-03,Morning,65.27067492713756,175.45039714313907,28.166398296602967,10.297037696797677,2026-05-17,42.754361121069905,22.540671519464635
B-01343,M-06,Wool,Op-06,Evening,761.0156720241863,252.15186167739,178.4007454850384,1.221732993228239,2026-05-11,57.890506286771725,27.589227611869298
B-01344,M-07,Polyester,Op-07,Night,970.0515416859173,159.02177203685704,13.48832458304276,11.26762589068868,2026-04-18,73.56384940605786,23.851632649170558
B-01345,M-10,Wool,Op-13,Morning,1846.693709588039,169.97909272947973,61.999538759326036,8.718443469279398,2026-05-25,47.97715722600017,22.516046726921026
B-01346,M-05,Polyester,Op-19,Evening,1287.7112776544445,140.59871183823944,17.86917417911619,7.32616662513189,2026-02-24,69.8473752007823,31.808522062157827
B-01347,M-01,Silk,Op-01,Morning,1322.0322458437026,240.54765985791738,50.775200801170975,12.097847680930519,2026-05-27,61.45587893171334,23.053163290815675
B-01348,M-10,Polyester,Op-16,Evening,1516.0127691222747,104.88537658812665,28.266713744341597,6.764467346263404,2025-11-13,46.64751234811867,33.388241285072866
B-01349,M-01,Cotton,Op-20,Morning,1386.3078844613879,282.64119236283443,14.454762092487792,12.169233210920508,2026-08-22,76.07288681082652,39.5701193386538
B-01350,M-01,Silk,Op-07,Night,1434.1119145662165,182.5678795517813,49.54615559313932,13.037962864691703,2026-05-22,42.590735100456584,39.62058978230152
B-01351,M-01,Cotton,Op-10,Morning,1690.3061033432464,117.11991056455366,72.13401484315244,3.5684103866241106,2026-04-15,67.92018365171016,20.439730440786473
B-01352,M-01,Denim,Op-06,Morning,520.9235280378672,231.42376781225465,12.34537125814153,6.111314883245282,2026-07-01,60.57474263595996,33.92062813978227
B-01353,M-10,Denim,Op-03,Night,661.9436721662534,113.92917354965313,20.116084534684298,9.24510431587567,2025-09-07,56.032767686705576,34.84402018242265
B-01354,M-07,Polyester,Op-01,Night,1133.6686850463188,179.61743564724617,50.94959090711291,1.3702566363673445,2026-08-05,46.77786008483285,39.520403150489884
B-01355,M-05,Cotton,Op-09,Morning,994.0671005513266,217.55908101327444,12.903406955145101,12.862154437496915,2026-04-29,52.063716837503435,20.35915727500302
B-01356,M-09,Denim,Op-08,Night,1265.58908202306,293.8878751351757,22.24201309881085,10.70493359106415,2025-08-12,,21.418323828771392
B-01357,M-06,Wool,Op-18,Morning,1656.984714825275,268.287951991249,71.48432618412383,9.647724206640271,2026-03-16,62.22115848149083,20.566749007667692
B-01358,M-05,Polyester,Op-16,Night,1682.4128122562445,151.80702882066942,30.359915973241428,10.921474079517097,2025-11-23,40.74273032124991,20.806603221030258
B-01359,M-08,Denim,Op-18,Night,767.9433151314493,167.54959934696944,15.993943320389816,6.858292960456414,2026-06-04,55.4269445748854,29.535077510166563
B-01360,M-03,Wool,Op-05,Morning,543.7560028611117,221.02032444743014,21.679406277075607,6.540427617862961,2025-09-07,44.93360786937748,37.33882085661025
B-01361,M-10,Cotton,Op-09,Night,1786.6483225586633,198.9965589424922,49.39937315141982,2.8330375297748844,2025-09-21,64.81107180606362,24.121475598743505
B-01362,M-06,Wool,Op-13,Night,597.5011834233328,265.0616804845965,17.078561896254644,2.763168974665008,2025-09-25,75.15487535246548,37.28461204523114
B-01363,M-08,Polyester,Op-07,Night,1616.552306455986,223.88901476363066,46.06894843507822,12.243058992728429,2026-08-27,51.5902550392956,35.716169684887
B-01364,M-05,Polyester,Op-13,Evening,1911.4486817641907,197.2744201650295,61.50958628251373,7.476669807072214,2026-05-12,69.25359307817564,36.43155383521676
B-01365,M-03,Cotton,Op-03,Evening,769.6967202426131,193.55164619151589,8.707594353686007,14.553015040735497,2026-01-08,67.64930965195926,36.22325207758264
B-01366,M-07,Silk,Op-07,Evening,1201.78919395124,229.32422673151106,38.38038472867908,12.620457570793047,2026-01-20,32.46368267913857,37.04877771283746
B-01367,M-08,Silk,Op-12,Morning,795.9709558640899,163.45104328994,13.0073166634491,4.947013724521851,2026-04-19,56.54295171442379,21.033713598222636
B-01368,M-10,Silk,Op-16,Morning,1719.0395650636735,126.52079814936221,52.74844631414394,4.267547772413778,2026-02-14,,29.067412112083147
B-01369,M-02,Denim,Op-13,Night,1645.415719421238,189.46648533323756,26.743365441064757,12.058104694497542,2026-03-08,60.91731535227287,22.26199478847645
B-01370,M-04,Wool,Op-14,Morning,1155.5505881746562,179.37787861780794,19.44839172086513,11.409619774922124,2026-08-22,59.036856989867594,27.762661620044987
B-01371,M-03,Denim,Op-09,Night,840.2556534882427,215.1002036938118,30.682985585491434,6.928143268597094,2025-11-11,55.7463754430336,23.413548706044672
B-01372,M-08,Polyester,Op-15,Evening,1778.8081112839507,151.58790135738013,41.49900555724015,7.881199161645572,2026-06-05,,39.51054658041804
B-01373,M-08,Denim,Op-08,Morning,1392.5695173856418,118.03914004004888,53.790094934147106,9.484210034712204,2026-02-10,34.481588665230895,39.18470870647644
B-01374,M-06,Wool,Op-16,Morning,1682.2396822035596,240.82087215432736,81.20747399358252,9.256206505070521,2025-08-27,52.49563905427527,37.16746759522125
B-01375,M-10,Wool,Op-01,Evening,1248.554259356122,286.30700983105237,22.9378276371428,9.166660739839244,2025-12-16,56.91920934482166,29.089654659107133
B-01376,M-02,Denim,Op-16,Morning,505.5794912270888,148.30124537121225,24.887620029068593,8.136124402449912,2026-04-07,48.99799761298763,28.969704560052676
B-01377,M-08,Denim,Op-17,Morning,1025.4085560039914,190.43658787202156,33.66142197949314,2.869217718939474,2026-06-18,32.39788662184938,35.50819029184989
B-01378,M-06,Wool,Op-09,Evening,1641.0572090658425,129.97255977731032,17.167166028796252,9.005602796557673,2026-07-24,42.68212371706878,24.5612363380004
B-01379,M-05,Polyester,Op-13,Morning,0.0,161.85362229993908,0.0,2.636302648273147,2026-02-18,79.29292202054688,26.172652970479014
B-01380,M-03,Silk,Op-08,Evening,798.6234692419366,217.5406456682953,15.868565937214695,1.8966093341070391,2026-05-10,73.12170650705784,39.22999358474294
B-01381,M-09,Cotton,Op-05,Night,1175.142902886289,104.42689020589941,21.473955532647437,9.969943146181102,2026-06-23,50.69630290262944,25.401169322031116
B-01382,M-03,Polyester,Op-14,Night,1481.0346164881407,183.2434062064629,65.67926766734502,3.5152300464187682,2026-02-23,64.4554540743412,31.301445660733872
B-01383,M-07,Cotton,Op-07,Night,676.2138483147394,257.1333203888912,18.705354140202196,10.429235015441627,2025-08-21,35.75054684140489,33.896414597434415
B-01384,M-10,Wool,Op-14,Night,1917.4771783337646,128.32227012357987,44.483545029024796,9.99966747142033,2025-08-06,49.0990022731473,39.136293411817554
B-01385,M-07,Cotton,Op-18,Morning,1943.2788642377002,280.29717022014984,39.07257551814889,4.785365294349189,2025-09-01,70.17708884132139,39.91208403607012
B-01386,M-06,Silk,Op-18,Night,1155.1657539849793,204.03614731335193,24.579010882922727,5.129035901254101,2026-03-13,30.763241982301487,24.40258488395053
B-01387,M-10,Wool,Op-20,Night,1165.3995519772807,134.22049568268037,41.95869357186434,13.225560993683416,2025-09-23,65.2455566365668,21.704009551193238
B-01388,M-10,Cotton,Op-09,Night,1480.4847146084307,291.24423472872553,70.00524769469496,1.0422921989862575,2026-04-12,42.39662249029036,38.55582958750631
B-01389,M-04,Wool,Op-07,Evening,1580.879629055956,253.152664209508,27.268152833205214,2.2807614110150594,2026-03-24,55.693791738911685,24.631659825779987
B-01390,M-04,Wool,Op-05,Night,1715.4549486849987,127.0076273361095,84.26269582817558,7.561122917949393,2026-03-29,76.92891197930166,23.71664111130685
B-01391,M-09,Polyester,Op-04,Night,1991.4319786415886,211.1234309364806,44.5542458726347,3.3819983624802106,2025-08-22,45.80524439704478,28.4898566535307
B-01392,M-08,Silk,Op-08,Evening,920.9533698147736,294.4459418432715,31.171791234599183,3.147107583820439,2025-12-23,66.66639543584311,20.0082057887835
B-01393,M-02,Denim,Op-18,Evening,1873.9145059310786,157.5868188186438,70.31155985880702,3.5973636536080686,2026-08-26,62.58398974392135,34.25202814596786
B-01394,M-05,Wool,Op-19,Evening,978.9753200320611,150.44048043186618,42.92586963742641,14.38286319946862,2026-05-18,76.16497541349648,29.146332197856406
B-01395,M-06,Cotton,Op-05,Morning,1178.485216451444,184.87780361450208,12.845692851750032,3.194681266390125,2026-06-26,51.32030282459864,30.74833877199614
B-01396,M-05,Polyester,Op-04,Night,1166.1695077631098,256.27124367904,272.3672125730304,10.520644789239778,2025-09-10,61.75784944319675,38.19110856874405
B-01397,M-05,Silk,Op-14,Morning,1681.0232726145607,208.26707654025344,48.464734225156334,5.5345377361253085,2026-05-01,36.812528254598895,37.75126143632383
B-01398,M-01,Wool,Op-19,Evening,1817.1727954785522,217.17042448663366,47.105105058398124,10.43868963261001,2025-08-02,70.2130577189225,33.18311089200269
B-01399,M-02,Wool,Op-20,Evening,1270.4500758929764,260.609104935176,59.181855364449945,6.231104149221778,2025-12-22,49.406072838424855,21.913802321160023
B-01400,M-04,Silk,Op-04,Morning,636.5544724181626,229.64183548971118,8.073897347252736,6.784722703239168,2026-04-27,50.28096951277212,33.59103673145368
B-01401,M-02,Denim,Op-15,Evening,1390.5586744271518,254.40635719447096,50.40197233266893,12.59497861041232,2026-06-12,38.526519469688765,37.948381001563476
B-01402,M-08,Denim,Op-17,Evening,1822.7822012310241,197.05614342203967,83.84138594610363,8.58846683136083,2026-03-16,,38.38076554057342
B-01403,M-02,Wool,Op-13,Morning,1172.2413100535032,154.88252632713636,24.316017390012163,6.504386083899698,2026-02-02,49.38821642648749,25.73733749965588
B-01404,M-10,Denim,Op-01,Night,1791.5944047195792,113.97238413693233,22.326350271413382,10.486556549394319,2025-11-12,38.641002572822615,26.890117867881266
B-01405,M-07,Cotton,Op-16,Evening,904.9604552831931,253.68421422344844,26.07459113490748,13.390214543661621,2025-08-22,41.07635759511835,29.270956785178438
B-01406,M-05,Denim,Op-06,Morning,1810.3629586396012,252.5598105751611,18.794388347676517,8.183081057152698,2026-05-07,63.53736002358867,36.94710107818734
B-01407,M-06,Cotton,Op-08,Morning,1104.335046575073,281.44863345541575,26.40553874316731,11.364382431815319,2025-08-30,57.14206871670373,30.59289054070267
B-01408,M-08,Polyester,Op-10,Morning,1280.7808004622718,231.07663989269065,20.73250335172638,6.8570825380031035,2026-01-16,65.7076573196087,37.22464454520772
B-01409,M-02,Wool,Op-02,Night,1177.3205342261367,181.6040182570162,53.09664945638149,10.624507256696193,2025-09-26,42.49337326289647,32.80501829904553
B-01410,M-07,Polyester,Op-08,Morning,1127.197399690434,282.203139995844,54.122597380466594,14.904292345068697,2026-05-19,35.3046024973976,24.66106375969717
B-01411,M-08,Wool,Op-12,Night,75.12738033610115,119.5414550773517,42.7988323779275,1.2099790052799135,2026-05-28,38.055001162821114,39.920255667644966
B-01412,M-09,Cotton,Op-17,Night,530.6024160323095,220.8977964516919,19.88179393654669,4.878356284174741,2026-07-29,73.11674582198657,25.669222985281586
B-01413,M-06,Wool,Op-09,Evening,1511.3294486710954,144.298709771928,64.01857033914574,1.4871887981569016,2026-04-24,50.462478689269865,25.783863039317396
B-01414,M-07,Polyester,Op-01,Evening,1700.546282683018,191.40479043852508,45.91491384557066,9.491171154525064,2026-01-04,60.21297579934626,36.543162968552465
B-01415,M-08,Wool,Op-12,Night,913.1700196857637,153.00698362810948,12.460655626083879,8.506691909950858,2025-11-05,52.45741013661063,28.802415419698725
B-01416,M-08,Polyester,Op-02,Morning,1577.9056110352935,142.74733759638212,52.62998555173941,3.757350822922099,2026-07-21,50.63791601386967,24.55556683235603
B-01417,M-06,Cotton,Op-11,Evening,1057.1950090017071,189.78234451855803,47.80305575136751,8.520370502456405,2026-05-18,40.17677612409024,23.115032457310598
B-01418,M-03,Silk,Op-13,Morning,1150.5855542471315,182.41872192650783,37.010642593942165,1.4985701038197807,2026-06-16,,29.959526051747865
B-01419,M-04,Denim,Op-05,Evening,1338.2613064319999,241.40623386457688,64.08508454875374,3.484745689874165,2026-08-01,42.61115671153094,36.21460930460825
B-01420,M-07,Denim,Op-03,Night,703.899121050981,199.52991090104365,11.084654933432615,3.998467538354216,2026-03-30,33.00365841774912,26.510066762522708
B-01421,M-06,Silk,Op-07,Evening,1564.8996101513694,206.74508273428887,26.678058402205014,3.0136825938643526,2025-12-11,30.462079420275717,36.16314098048426
B-01422,M-04,Wool,Op-12,Morning,1409.3249633311489,167.38438261534912,26.661610138724903,9.196803136410498,2026-01-10,45.7826813491162,21.738791213845083
B-01423,M-09,Wool,Op-04,Evening,782.0878497186134,185.60387048792876,24.05506279144488,10.215972967966202,2025-08-04,43.19030374731788,20.241398706012358
B-01424,M-02,Polyester,Op-13,Evening,1408.6392340384582,292.5740988003619,66.36948164089053,9.252591243305456,2025-09-23,53.55862796890709,31.46803251795408
B-01425,M-10,Denim,Op-09,Evening,1742.5672184024693,164.5957466727616,52.5851749072335,4.321561091199921,2026-05-07,,25.25267224732147
B-01426,M-03,Denim,Op-18,Night,1616.0741768428668,200.64384143659242,34.8747427312734,1.9491495415935762,2026-04-19,66.17903502199906,36.11940257341908
B-01427,M-02,Polyester,Op-15,Morning,1496.1886089250256,185.31838021087867,56.346794915441556,13.4476709801842,2025-09-17,72.26127790803699,30.508639966192845
B-01428,M-08,Silk,Op-19,Night,1825.024551533156,199.1434020156551,46.613400881187125,5.385510366843508,2025-11-20,67.68330689547906,24.401325095693835
B-01429,M-10,Wool,Op-09,Night,1798.5908556601905,244.884468053863,38.42539355082507,6.653354073464989,2025-07-25,40.73722512041787,27.119367816644733
B-01430,M-08,Denim,Op-02,Night,764.1339319157809,248.66658271313133,37.65888527045332,4.528978415902401,2026-03-27,52.70837350838819,27.71718893672218
B-01431,M-04,Denim,Op-05,Morning,1086.6383662223307,115.99649655935096,29.067967072582693,2.2575605360091764,2025-09-04,59.53768606765324,31.987271034765314
B-01432,M-03,Wool,Op-16,Night,1147.7655384680445,110.78651656817425,16.244986141232445,8.231651145449671,2026-07-25,55.23697376901758,22.99098637113889
B-01433,M-01,Silk,Op-12,Morning,685.3587358992357,120.2056492982517,11.611954771110385,9.535914737514638,2026-03-23,39.82413262014593,25.02860304374927
B-01434,M-04,Silk,Op-08,Night,1936.7529566727546,270.9234926303671,57.47321831880749,4.2269277229212925,2026-06-04,46.3783146961063,24.197856846099945
B-01435,M-01,Polyester,Op-18,Evening,529.4157987113804,234.27360177935915,22.3224835373002,8.324214097446983,2025-12-18,74.93194641505517,23.287853686568283
B-01436,M-08,Polyester,Op-02,Morning,1687.9415217000735,125.43623784337738,34.65318117400844,6.579829138017786,2026-03-31,38.50763205722585,25.094410009150977
B-01437,M-01,Polyester,Op-10,Evening,1334.3545910386592,182.2821863520931,65.31356872621043,14.268259256088275,2026-07-07,,22.5274028389401
B-01438,M-03,Denim,Op-16,Morning,845.957960321396,254.5747872763706,18.910913056858384,5.745578966419499,2026-04-13,37.154069770865696,37.157783704924796
B-01439,M-10,Silk,Op-06,Night,1488.2831063402632,213.28873701732533,20.108068874769483,7.6045883314722404,2025-07-26,54.790973632426955,34.64475828184575
B-01440,M-03,Denim,Op-15,Evening,1502.2709929368577,279.1624202797158,41.29933136542887,1.8090347582780981,2025-12-10,37.03266696168334,34.33263873404063
B-01441,M-05,Silk,Op-07,Morning,1105.3229312205326,127.39332690884717,44.81488933513099,8.094780570049032,2026-01-03,36.32726555981886,29.53240912621081
B-01442,M-08,Polyester,Op-05,Night,887.3965368307453,196.15723363594546,23.599338543281526,14.888223571555699,2026-07-21,64.33252116770186,36.82713542610397
B-01443,M-09,Wool,Op-10,Night,1651.791384688783,108.10183458826437,72.39767799341418,2.7207565555914295,2026-05-12,40.15352964600311,28.039038492304392
B-01444,M-05,Denim,Op-06,Evening,1019.3990761818957,230.92423870309258,33.723896499837466,10.930400127248767,2026-01-02,59.30911770441707,27.144839363402724
B-01445,M-07,Silk,Op-19,Night,1013.3983891846193,116.77474771040241,13.066693317429037,14.899255694604202,2026-05-25,,22.54364907265022
B-01446,M-03,Cotton,Op-05,Morning,1817.796123810734,160.36693217857902,37.2366790194131,10.104157637029108,2025-12-08,46.45028648311164,27.829085415889423
B-01447,M-06,Silk,Op-20,Evening,1014.5660086895153,182.14008011730863,48.438027939263556,11.085824967292801,2026-03-08,,30.230723884695834
B-01448,M-09,Silk,Op-17,Evening,562.8205907581632,200.6136645264056,18.53930091529362,9.179147043644054,2025-11-30,76.0098493037137,20.98317047242855
B-01449,M-08,Wool,Op-18,Evening,82.85988308200311,148.38554562384732,40.41953559796127,13.268092879335125,2025-11-25,30.95217046371459,34.6490925826746
B-01450,M-02,Denim,Op-14,Evening,567.321524709077,284.02276266452577,16.60748106151145,7.584147117682047,2025-10-20,31.449837216797402,33.796421426575236
B-01451,M-01,Polyester,Op-19,Evening,686.5179761636161,142.85436186205192,20.75322692672878,1.9028695263818478,2026-02-06,58.71467698542868,32.440589585040186
B-01452,M-07,Cotton,Op-03,Evening,1725.6531995039225,272.2017642616027,46.10939943778878,9.618741553563773,2025-11-26,30.637823985371526,33.904593114954714
B-01453,M-05,Wool,Op-02,Evening,1348.3362248395806,229.8161204037769,49.70031005497653,5.903312600579074,2025-11-03,75.8549252585897,22.679497334995624
B-01454,M-09,Silk,Op-06,Night,506.53936993487065,284.93022108103617,12.63443494571453,2.5750578653332807,2025-09-26,34.74421150737873,26.660152661044883
B-01455,M-03,Silk,Op-06,Night,821.450108484318,217.02433218542495,34.8437092758009,7.20079737258749,2026-03-31,31.708779452054372,26.393041245106012
B-01456,M-05,Silk,Op-18,Night,1534.5523022928028,244.9741707159761,32.070128805216996,10.77363693716933,2025-11-20,45.54865106915166,21.993278441535516
B-01457,M-02,Silk,Op-06,Morning,1747.677950277739,296.0941595566142,39.99250429049764,7.9138582063818586,2025-08-01,30.48501774615211,22.80089624268458
B-01458,M-10,Silk,Op-03,Evening,1367.8780228894248,115.0187291610628,56.38512504398883,14.207002181938343,2026-07-11,48.25418366422004,38.25168435849646
B-01459,M-10,Cotton,Op-03,Morning,1633.1559087733717,221.3439159564464,52.504540406248225,9.774973438725825,2026-06-14,61.90016176081241,32.57442774051164
B-01460,M-06,Cotton,Op-11,Evening,1979.6210277243333,246.45811348513922,26.432229299456843,11.877249437495296,2025-08-05,73.62314075418371,24.312795254516985
B-01461,M-08,Wool,Op-03,Night,1224.341654897898,202.81613912385464,38.05601275330521,12.608544919298847,2026-05-03,52.189178964116785,31.417060510886255
B-01462,M-06,Polyester,Op-02,Morning,5820.9248202817935,223.0429793193828,112.3463573730736,12.592606000839531,2026-01-08,37.87502740379019,31.886634678531916
B-01463,M-01,Silk,Op-15,Morning,1970.0779144647272,178.7438339306075,67.72696795820171,4.18390420212941,2026-06-20,38.56622722271875,33.3520342716647
B-01464,M-09,Silk,Op-04,Night,1465.3281844811263,117.60120550229045,41.753732247595096,13.509484168978117,2026-08-11,49.463319840452414,26.26738812860716
B-01465,M-02,Cotton,Op-10,Night,1085.0990986214424,272.7154006278292,44.77219272254003,14.009653652770488,2026-06-18,45.17266082248031,37.2787161491991
B-01466,M-09,Silk,Op-03,Evening,1896.2115085171426,149.15006243717755,19.36594674254705,9.077428101693707,2026-03-23,43.72722923702223,36.48188980968749
B-01467,M-03,Wool,Op-20,Night,1347.228744329594,167.8406862543836,46.3013091312242,5.517571899089483,2026-07-07,62.24531619324585,37.02968898627988
B-01468,M-04,Wool,Op-03,Morning,1779.7594679700837,152.919422376206,57.43726202511867,8.273025966709735,2026-08-02,52.526826953353805,20.232897990061925
B-01469,M-09,Wool,Op-18,Evening,1492.2864862192623,218.382880883814,21.873668141086004,11.3079185829679,2025-11-18,58.56697642265385,21.335005097015138
B-01470,M-02,Silk,Op-09,Night,86.02168511128889,154.99583839472803,45.4843205513132,2.115031806486722,2026-08-01,51.480137172427334,31.086451961673106
B-01471,M-06,Denim,Op-18,Morning,999.227541637508,250.9745057817121,10.447510218142753,10.081730595462496,2026-04-14,61.87226893589511,31.068554015741363
B-01472,M-10,Cotton,Op-01,Evening,1544.7607752153338,175.2083582218313,31.03004110137229,14.196535942221178,2026-05-08,70.89923855386027,31.753889390626245
B-01473,M-07,Cotton,Op-17,Evening,805.5760899164999,168.07696753550982,13.384499330074604,7.671951210120259,2025-11-05,44.803275501947354,30.298589907849657
B-01474,M-07,Polyester,Op-17,Evening,1966.5692192382498,121.58491099299877,76.68914128448154,14.047217955161209,2026-03-04,75.67890057013474,30.50720963638996
B-01475,M-02,Denim,Op-09,Night,1154.0724469588818,226.00691550848762,34.53583374912228,5.7680631238956614,2025-10-22,45.05795098927227,31.564595723390276
B-01476,M-03,Wool,Op-04,Night,1369.3045537249716,157.3321162574046,220.6456674459098,6.137409645437934,2026-04-22,34.19489803144546,21.045527445444115
B-01477,M-03,Polyester,Op-09,Morning,655.662062952111,262.5856810787874,13.704851663996662,1.5442317582336502,2025-11-06,,33.178855878694854
B-01478,M-08,Polyester,Op-05,Night,1807.3185210621896,196.9984569154999,58.86805583593775,5.27807043058956,2025-09-30,55.88194678447172,27.639160380905377
B-01479,M-08,Polyester,Op-05,Morning,671.7993024895223,299.3981005625102,16.496687723291846,6.957782287754045,2026-02-09,47.411531985368434,34.2041969663253
B-01480,M-07,Cotton,Op-09,Morning,1749.9114575431365,190.85414487208504,68.99676795877474,11.073817785716088,2026-01-18,35.372660822094325,36.922383711102235
B-01481,M-07,Cotton,Op-10,Morning,5150.101128586682,129.05720194915733,139.72275295662325,5.428092882158742,2026-04-04,78.80352930159522,25.136631491341173
B-01482,M-06,Silk,Op-08,Evening,1356.9800231496542,290.624922501593,15.783578170532076,8.234304629160903,2026-05-17,70.95536630888438,30.94255285137801
B-01483,M-03,Cotton,Op-08,Night,972.512412784661,215.10990156622066,18.287505802628942,14.308315523035741,2025-12-22,72.95651798756167,24.567112283576954
B-01484,M-06,Wool,Op-09,Night,801.7594506708512,284.49977926050065,24.193274363010765,12.93732614342409,2026-07-08,68.74417161264743,27.854702284484553
B-01485,M-02,Polyester,Op-10,Evening,1196.4976171927292,150.67962151187453,54.39706974168763,8.070392646082738,2026-04-24,31.52482739263772,22.636207469949184
B-01486,M-03,Denim,Op-17,Morning,0.0,184.5736818118174,0.0,8.24010507197428,2026-06-12,48.49994429799887,34.81559734321345
B-01487,M-04,Polyester,Op-04,Night,1644.9277853047386,244.5223449668899,38.2145011643843,3.8630607416991416,2026-03-24,46.898498962023936,29.3969086996735
B-01488,M-10,Wool,Op-19,Evening,1632.4103002374934,165.87070484999094,31.07334880657365,2.9352492149947205,2026-07-09,49.952022602415205,39.59828865564761
B-01489,M-04,Wool,Op-11,Evening,1418.2379884148436,186.59460996794127,43.29710252944285,1.9943439470905728,2026-05-03,54.39383029990297,34.04328657296625
B-01490,M-01,Polyester,Op-15,Evening,1808.1590956198716,157.78740333151654,59.770908581265715,2.207488398255509,2025-11-27,76.8282805829003,27.56392699056438
B-01491,M-04,Polyester,Op-12,Morning,1688.0046891952938,164.86273277511611,26.65093618694812,11.026303534486557,2026-08-09,36.7709424908914,25.825874944110105
B-01492,M-04,Cotton,Op-11,Morning,1716.8458376020367,144.5298470453571,54.25433321267443,11.043649775672943,2025-10-18,77.16491986228263,30.55544418137754
B-01493,M-01,Denim,Op-09,Night,9310.764791465608,165.17802867872854,188.91305357048583,7.65917043294884,2026-06-03,60.14037661333797,39.719831443413185
B-01494,M-07,Silk,Op-04,Morning,1201.7737749380644,231.48886543549295,32.00496916456122,13.530934121106998,2025-12-13,49.64753824956765,39.235249566909374
B-01495,M-08,Wool,Op-06,Morning,1401.6239980898235,241.9609426544744,43.21574494564877,14.308288183063137,2025-08-14,42.230813702613304,34.922619564772845
B-01496,M-01,Polyester,Op-07,Morning,902.8357109309616,255.32136795927812,26.408809527342783,8.731111922433852,2026-05-18,63.04869103248379,26.45802137155802
B-01497,M-04,Silk,Op-10,Night,1426.0313764821008,623.3141580668174,386.492082953642,3.7772155578678186,2026-01-18,78.08202461576519,30.229350800852348
B-01498,M-09,Polyester,Op-14,Morning,1110.7464477006874,181.83932875712998,17.095977748910602,8.61852162318735,2026-07-15,57.17349349906816,29.943076317657432
B-01499,M-05,Wool,Op-18,Night,1244.1132177507966,133.8207800841303,45.260344109029425,2.7659010081407125,2025-11-29,76.63228586705839,32.099000262954085
B-01500,M-03,Wool,Op-18,Night,1102.6905055000457,281.7961783829728,53.3707445008601,9.931026854115316,2025-11-10,68.45849347617937,27.371249380554275
B-01501,M-10,Polyester,Op-01,Morning,1730.6919352374725,270.78969260290876,36.06133566656704,3.41071974396056,2026-02-01,43.54816039356098,25.71253199367154
B-01502,M-03,Cotton,Op-08,Night,1783.112243156432,106.37695904171842,34.36839107988552,2.0653998457308402,2025-09-03,43.69574353149518,23.997459492988874
B-01503,M-03,Cotton,Op-17,Morning,1696.91478387995,212.6253187784094,24.703364329744712,1.080789258101552,2025-11-25,51.466138285209766,28.157698537007178
B-01504,M-02,Polyester,Op-18,Night,1514.2126829021859,240.41943767589822,72.91968601578006,11.092505066729368,2026-07-16,66.4235472779296,20.001056538645937
B-01505,M-07,Denim,Op-07,Morning,1721.3131505819945,280.796339317857,74.85778433357174,1.219006134304078,2026-05-07,76.69293978928697,36.19577057376209
B-01506,M-02,Silk,Op-15,Morning,639.9310770829528,247.75560578371955,30.604823498970376,14.438833654989274,2025-09-13,63.92736707090803,31.41122809249213
B-01507,M-01,Cotton,Op-03,Evening,1164.405682601654,219.85871326209573,34.98432191820359,7.668736108921126,2026-06-04,76.64231106801495,21.521694535310147
B-01508,M-02,Denim,Op-18,Night,1530.4286620781575,258.3813076844474,19.241725928704074,9.162261064217908,2026-02-18,75.4458872060727,38.83982893767744
B-01509,M-07,Cotton,Op-17,Night,1103.5558093120617,104.69180434423089,48.40435571131789,5.611833203242201,2026-04-01,56.84341089853011,38.21589861019898
B-01510,M-08,Silk,Op-16,Night,691.2495900079786,118.60607494817914,31.782358937249796,9.24974274259334,2025-07-30,56.60589862293914,25.327552828600478
B-01511,M-08,Cotton,Op-17,Evening,7379.71108773862,180.52228766803253,112.2583156507183,13.464235799589284,2025-12-31,,27.678977885259453
B-01512,M-06,Cotton,Op-12,Night,1891.9013018555322,190.8193186755073,26.52675367795884,11.28281856451365,2025-12-06,48.35869072156461,20.377617571524695
B-01513,M-09,Polyester,Op-11,Evening,1244.3292192348868,237.99287142527248,47.2165992934517,5.686294572109907,2025-09-23,,33.90976918355301
B-01514,M-01,Denim,Op-02,Evening,1555.9038609917463,198.50437080410168,27.967734054170705,13.808406101701056,2026-05-13,54.459825899030776,29.005303869932764
B-01515,M-10,Wool,Op-06,Morning,961.4826310345047,108.46689850366067,39.25981728352164,9.869494110626384,2026-07-25,42.426787196354645,26.083105089709303
B-01516,M-09,Wool,Op-01,Evening,990.8317747421809,148.43917840262844,27.89206349001364,3.3668084878718805,2025-10-11,68.7429201090978,22.594125159800537
B-01517,M-04,Wool,Op-07,Evening,1260.3951741157916,237.4779825371429,27.54925009809151,9.865968752661937,2025-08-25,70.53603364725873,20.895028678524763
B-01518,M-07,Wool,Op-10,Night,920.2011781630697,129.20338111842165,33.63167752003258,5.048495553990204,2026-06-01,45.488265707145175,30.437689238549567
B-01519,M-07,Polyester,Op-12,Night,1071.650770417721,243.89404626267623,11.733133935905402,5.70631474011412,2025-08-21,44.51418386573802,30.823761117140485
B-01520,M-01,Denim,Op-10,Night,619.6836854510005,183.5939087173054,27.174815463454756,14.20077795948459,2026-02-09,66.07558899217119,21.762531390011155
B-01521,M-04,Silk,Op-11,Night,1598.4511559122716,222.18930514053062,48.72228668612332,12.484101448528483,2025-09-12,50.20549238714786,24.430021017077053
B-01522,M-05,Denim,Op-09,Evening,1323.2626333902108,207.6652744019824,59.58477160996826,8.911033080721474,2025-12-08,77.43524591195904,38.044912461924625
B-01523,M-06,Polyester,Op-18,Night,1702.1252163629408,288.6856214530571,74.65756045428417,2.3789249835116455,2025-12-14,43.256163072286974,29.901118913091697
B-01524,M-01,Silk,Op-02,Evening,1257.7485672840987,249.60694786831775,20.865244219301026,2.9454386734848272,2025-09-10,42.62069064882801,34.635521900753446
B-01525,M-06,Polyester,Op-17,Evening,1027.03390198239,152.97325156271427,33.081309293653476,5.898063719114699,2025-10-31,65.4162024538985,27.356943622856022
B-01526,M-02,Wool,Op-15,Night,649.8978155816145,261.00353864692556,11.949305167544992,6.178440759073748,2026-01-01,62.42670795166712,34.507792033236655
B-01527,M-04,Denim,Op-07,Morning,1827.012477430025,223.24485032139057,73.45088598466666,7.00215198452074,2026-02-01,39.116759178910975,38.84601875802413
B-01528,M-02,Wool,Op-17,Evening,812.0368440998733,167.5421549448449,22.45123046717374,12.335439613233026,2025-08-04,64.78388316076695,35.31568585431449
B-01529,M-09,Cotton,Op-01,Morning,1574.7143939632504,177.29874457278274,35.31145675704024,3.95768083713475,2026-05-13,61.633851742067996,39.52027851197589
B-01530,M-03,Wool,Op-17,Morning,1191.4543883188094,234.8002742139707,14.692882257928956,8.58108794971483,2026-04-24,72.17138978545246,35.234854129390314
B-01531,M-10,Cotton,Op-14,Morning,1997.631850885661,250.48049074389345,28.956310917451596,13.094646428117585,2025-10-14,62.55988560476732,37.125702560935245
B-01532,M-10,Cotton,Op-04,Night,1021.6067533389734,275.28418872089856,44.357599490446056,3.8231729577364915,2025-10-04,33.91210492900114,35.76237879890438
B-01533,M-01,Wool,Op-05,Evening,743.9783272848509,270.8691965565431,19.916277481798655,10.614749138360374,2026-05-20,56.004134160829196,36.6050038556277
B-01534,M-08,Silk,Op-11,Evening,790.9909343350957,156.9705353221227,32.94802255416627,8.072296256106407,2026-01-25,56.56653963365879,36.11161652882467
B-01535,M-09,Denim,Op-02,Evening,1372.0498358068623,256.1570966730953,61.6672640741191,3.684828416111394,2025-10-09,,21.001290541865888
B-01536,M-01,Wool,Op-04,Morning,5059.356733346796,149.33768594879945,130.0655640560744,10.734465294741383,2025-08-10,50.472396881365455,37.52627939831018
B-01537,M-09,Polyester,Op-12,Evening,1367.1125737772475,175.18767508065866,28.215785261263644,8.488218580622574,2026-02-05,73.82990594175094,38.249701084607366
B-01538,M-06,Polyester,Op-04,Morning,1193.2107099048512,209.82880304829024,46.62971383405163,14.28757439643546,2025-07-30,79.93086595821924,24.708144976830532
B-01539,M-10,Cotton,Op-16,Night,1067.0465933497926,101.62163937724264,11.633782647163144,1.129535314102633,2025-12-22,53.02830037811279,29.76669826008669
B-01540,M-05,Cotton,Op-04,Morning,1530.3911251614536,158.80067771899064,282.87903318723374,8.838503421503292,2026-03-25,45.04595365827094,23.342686297386145
B-01541,M-08,Wool,Op-17,Morning,1302.2014653787521,139.765706057296,47.97178465076639,8.117683673024779,2026-01-31,,23.14757029737735
B-01542,M-08,Cotton,Op-20,Morning,1630.906526662136,122.07884684998675,33.55781307346051,7.549233768522749,2025-12-11,33.54358503274368,31.96364891084005
B-01543,M-01,Denim,Op-09,Night,1291.4366852580617,203.49220187685825,33.66275010700824,13.940960846713207,2026-06-04,57.45416112843614,31.659969594366313
B-01544,M-07,Silk,Op-18,Night,1923.6194047742251,255.43718188792192,82.99780194374424,4.995674064239782,2025-10-22,72.2104792888116,28.647927203701798
B-01545,M-09,Silk,Op-05,Night,1734.332102440253,137.77403735257087,37.90196035361946,10.815975839370077,2026-02-21,44.53214846532656,25.949853399853364
B-01546,M-09,Silk,Op-19,Night,1588.3523713399222,145.9652083585072,22.521718127418197,1.0126816934452632,2026-05-20,65.76184267413166,23.423694876702505
B-01547,M-03,Denim,Op-13,Night,856.2741808910903,175.9801044645408,33.08859399023911,7.66268858462481,2025-11-14,32.22850203563154,39.411466652547205
B-01548,M-02,Denim,Op-14,Morning,984.7910979865042,163.73945145707947,17.290166929463968,7.279595691158431,2025-10-03,61.31224113815165,22.927461331779355
B-01549,M-04,Silk,Op-20,Evening,1789.1518742503263,151.2509847778145,42.346496717614585,6.322729971652485,2025-09-29,73.56359254750586,33.26295658799645
B-01550,M-05,Cotton,Op-12,Evening,1525.5493185869311,103.93664307628273,73.50936596650514,11.298997240159114,2025-09-22,54.35080202581197,36.26364294568923
B-01551,M-03,Denim,Op-19,Evening,1888.6828242418526,281.8530086910681,71.00661752126032,8.170379383074419,2025-11-22,48.0071057069469,29.300706494613458
B-01552,M-07,Cotton,Op-07,Morning,1825.9966653067802,141.3972606000239,82.55343875877743,13.854704218463842,2025-11-13,70.75901159849445,39.57712030356469
B-01553,M-09,Silk,Op-19,Evening,919.90599453786,121.19118226880954,38.795023525596015,2.5713750078822404,2025-08-08,44.56116592891381,32.28367447969079
B-01554,M-05,Wool,Op-09,Night,1848.8754604723472,650.4052980901238,385.82228779999696,1.0788383784727522,2026-08-07,39.315838825926676,21.99452407706736
B-01555,M-09,Denim,Op-20,Evening,1022.716963693483,135.83593492506452,27.72347551110355,10.058982327624236,2026-02-09,53.213618466217,29.906352938678175
B-01556,M-04,Wool,Op-11,Morning,1934.0295657298504,142.94702502431264,91.21045006357154,8.233299637814241,2026-08-03,66.80086841826679,31.13688826269125
B-01557,M-02,Silk,Op-02,Evening,1066.9525334619261,192.7351611546356,17.511210768538632,2.239312413006198,2026-01-31,60.44995555259642,25.764239368962123
B-01558,M-03,Cotton,Op-12,Morning,1316.796939356762,206.46205267598214,290.2420993602856,2.062202977136666,2025-10-05,64.91077267472363,32.47544381301706
B-01559,M-08,Polyester,Op-13,Evening,8358.724202387417,205.8871481082553,107.47459036363155,6.536847066569983,2025-09-18,46.116922904047186,32.20787733288107
B-01560,M-08,Denim,Op-02,Morning,1191.0274602232007,278.1648263021255,15.639356841591765,2.3224739612152163,2025-11-11,79.44378560687716,38.98138787290843
B-01561,M-09,Silk,Op-03,Morning,1900.1199806743325,172.62651805189245,67.20671859758642,12.825928339062076,2026-05-18,50.91916688566357,28.81710225405032
B-01562,M-03,Polyester,Op-12,Evening,1661.7161289139751,106.75783018964972,39.74616708541198,9.30418393737988,2026-07-03,39.33664970486855,26.918990357264057
B-01563,M-02,Cotton,Op-20,Morning,1203.5905103317305,166.8272823752347,34.6753985670719,2.5030556583093486,2026-08-27,37.28143692627257,20.668759711221952
B-01564,M-08,Denim,Op-18,Night,1931.6715422794828,123.1350447296233,69.17530249577521,14.247702902043148,2026-03-04,66.66807573660468,32.74997605868326
B-01565,M-10,Cotton,Op-06,Night,1740.091472594423,121.38397287596428,58.24576482260712,8.066560529917584,2026-03-15,,33.94182276521517
B-01566,M-05,Cotton,Op-08,Evening,1749.168606534942,114.4543418022703,41.2996187258695,10.669814552988324,2026-05-15,56.70138651923588,27.58321727959887
B-01567,M-08,Wool,Op-06,Morning,1431.2489491612891,278.19907492885295,37.33592544812028,7.946462965415614,2026-07-20,,36.4944632815384
B-01568,M-03,Cotton,Op-07,Evening,653.5916941897648,112.30114729172772,25.305423965538942,1.718681198531486,2025-12-05,49.0075070978835,26.74475501671684
B-01569,M-10,Denim,Op-08,Evening,1614.2322523772987,110.17079376674796,25.473567939378025,4.095725680446209,2026-05-01,43.713092507944985,30.952239682856188
B-01570,M-06,Denim,Op-01,Evening,700.9118291000005,288.75777784159163,16.97950492971278,12.258840702168934,2026-05-02,39.032745104558515,28.131356158109817
B-01571,M-07,Denim,Op-04,Evening,1686.506111098111,202.0425832956244,34.60199512648067,2.7898963179085383,2025-12-26,66.94960315781219,27.93775956449838
B-01572,M-03,Cotton,Op-12,Morning,1063.2479330310803,199.55131272137928,11.44790163931155,5.803617229838132,2026-02-16,42.09528862958789,27.970040576079604
B-01573,M-03,Cotton,Op-13,Night,1658.7467691444708,134.18897871351714,70.58492539805587,1.6146645908289214,2025-09-24,62.68493464525396,35.478722576473444
B-01574,M-10,Polyester,Op-03,Night,1240.2637739909,141.07363693799707,57.22119424947049,11.321187481497574,2025-09-28,64.98565385771685,24.925414682063465
B-01575,M-10,Cotton,Op-18,Night,656.5571871242435,296.5376479182651,25.535115427364016,13.043469353684504,2025-11-27,64.39493227395376,38.77499776559666
B-01576,M-01,Polyester,Op-05,Morning,785.6854955450689,188.43122762256235,20.001772382497737,2.001042340642895,2026-03-11,49.48287111440577,34.832060394744175
B-01577,M-10,Silk,Op-17,Evening,995.4412632022012,219.0711445020624,16.25518718892755,13.21086340598453,2025-09-30,32.37915962730562,27.70940869399471
B-01578,M-02,Silk,Op-12,Evening,1543.0313760978045,121.14491208622698,73.2231687935135,10.307308620123424,2025-10-11,44.30904353989537,23.978336274744493
B-01579,M-06,Polyester,Op-08,Night,527.7868651189337,187.5554543779138,12.068637747343027,1.302777894465113,2026-02-03,54.17965240521645,30.020947555888363
B-01580,M-08,Silk,Op-13,Morning,698.2426662875355,175.27750754689507,23.456328272543708,10.411681159055924,2025-10-17,69.11979043222296,30.615012047762846
B-01581,M-03,Wool,Op-19,Evening,800.924556686979,157.4660666455299,24.650817125349437,3.266538540733018,2025-12-12,42.464767500230565,24.497735604510638
B-01582,M-01,Wool,Op-11,Night,1344.033133686094,288.9894841643009,57.37727279011322,3.7379890594213228,2025-12-02,,32.83351420322992
B-01583,M-01,Silk,Op-13,Evening,1340.3621956745787,151.00073050021513,53.32516684059938,4.675703220280003,2025-08-20,31.962652653549995,26.108884530969632
B-01584,M-09,Polyester,Op-11,Evening,571.2766358106655,143.85905650096612,21.66450874338019,10.887254979444947,2026-04-12,69.13257814114382,29.106368201238567
B-01585,M-10,Silk,Op-06,Night,1081.928252982338,131.9826490048255,13.794626429190384,6.574092909320691,2026-04-23,58.99839101015714,38.96106563705781
B-01586,M-04,Polyester,Op-18,Night,1261.0911407674407,165.78395564214486,53.96804970542318,8.116363719873723,2026-07-06,31.198772368826585,26.260507094031627
B-01587,M-06,Denim,Op-06,Evening,1330.9126007819564,190.11649856322347,57.79198947726592,4.997351004014754,2026-02-09,44.9021261395678,27.66202867181169
B-01588,M-09,Wool,Op-12,Morning,1950.8198102124027,187.7310762700749,62.58371754658801,6.506939742468665,2026-05-05,72.32753879099315,28.538106412726073
B-01589,M-08,Wool,Op-09,Evening,846.4124968981166,248.70050715581505,15.743433879238601,8.447836455790945,2025-11-14,70.45172751201707,35.614654600573395
B-01590,M-01,Polyester,Op-10,Night,1573.4533258366437,260.01088159027427,44.11356736201869,5.8455013709535315,2025-10-12,38.63045564511373,20.052643111591763
B-01591,M-08,Wool,Op-16,Morning,1028.6490973082623,210.98196676508178,19.603155328173724,3.632575296243001,2026-08-03,72.98327738332375,25.155104312562194
B-01592,M-06,Polyester,Op-13,Evening,1221.071084726534,199.77020474885484,47.30234881838088,4.0111932029913,2026-07-13,43.59303633629579,23.3941047831049
B-01593,M-06,Wool,Op-07,Evening,1655.1335468811228,192.46569949185653,80.5174819153306,10.997218317590244,2025-12-27,66.79676959687228,22.765510553556172
B-01594,M-01,Wool,Op-09,Morning,1731.5479206446464,140.8966922391647,69.13459950300233,3.6063105004449834,2025-09-05,36.283057278979136,22.76757125083837
B-01595,M-03,Denim,Op-13,Night,1204.4813854274353,256.58683454797347,12.929178987502867,11.447568520902877,2025-11-30,60.230635675261084,33.72733213157359
B-01596,M-03,Denim,Op-01,Evening,967.6664702075329,227.56443585188202,36.15298163998585,1.1308293488074188,2026-02-24,31.64884718412967,37.03775964940766
B-01597,M-03,Silk,Op-18,Evening,898.0545996805159,237.5925680237418,42.48800933327658,12.094393367949685,2026-01-26,45.339714155505064,20.72074754998375
B-01598,M-08,Silk,Op-10,Morning,1017.7697574434458,121.29635265694128,21.148850492740667,7.8859961995040635,2026-06-18,68.42338978320669,24.432946292351183
B-01599,M-06,Wool,Op-14,Evening,864.0724801978747,298.33461056633564,13.717896106089972,3.7636522722275956,2026-03-18,58.7760108483062,38.505292833139286
B-01600,M-02,Cotton,Op-14,Evening,1956.2812968015503,289.4954468791249,79.10352326600977,13.384007818815675,2026-08-14,40.727826066500114,32.681101120219665
B-01601,M-04,Wool,Op-08,Morning,1979.0418922946446,136.08476441627408,53.14732368731432,11.72436259327015,2026-04-28,46.94005849635565,23.512529311360048
B-01602,M-02,Polyester,Op-01,Evening,1690.7538682229247,192.96996074081045,58.52718694350743,8.525323402842679,2026-03-06,79.75797051000606,27.98218599114852
B-01603,M-05,Silk,Op-10,Night,1047.8663024230577,178.55712926574097,42.68587871741851,10.738970548235713,2025-12-02,76.89434880474417,30.84717900984643
B-01604,M-04,Denim,Op-15,Night,633.8098382254457,142.2316074863854,19.455459494318404,8.029842972873453,2026-01-14,31.000586181438738,25.057099575251176
B-01605,M-03,Silk,Op-10,Morning,522.4417973844511,152.90925724520832,18.71063906765397,8.196431472662173,2026-07-23,58.65746239906228,38.515033861106104
B-01606,M-04,Cotton,Op-05,Morning,7799.415827884919,286.0702354266135,178.9673613792756,11.98836176742912,2025-10-21,40.00044605563738,22.616847226976397
B-01607,M-01,Cotton,Op-17,Morning,1608.2075751180298,225.042306771503,69.36350859946377,14.80935040280449,2026-01-27,56.67948650552043,22.262115130034395
B-01608,M-08,Denim,Op-17,Night,877.7800435185635,255.46042962878366,24.942512327960923,14.39949934400072,2026-07-14,64.83977569821707,31.92060321899602
B-01609,M-06,Wool,Op-09,Evening,1046.6147989931048,170.60095019436727,18.772505917087138,9.909217879934268,2026-06-19,67.56365584688729,33.57034138968829
B-01610,M-08,Denim,Op-18,Morning,1240.9807702152368,258.3280144366126,45.23450886557108,7.659857094646787,2025-08-19,56.83116398677469,35.422720963416445
B-01611,M-03,Cotton,Op-15,Night,1114.0173813235888,279.08254223884376,11.80635491965219,3.2759389612887,2026-05-09,79.77582242951624,22.377051569524745
B-01612,M-01,Silk,Op-06,Morning,1835.0283517231471,148.9907016731912,91.13442495119108,11.215794784254093,2026-06-09,70.55076874660347,37.17972782064234
B-01613,M-07,Silk,Op-19,Morning,941.0595650599986,242.04866838545183,23.250120487207724,2.615598015931595,2025-10-04,50.340464567842474,36.95943386625181
B-01614,M-04,Wool,Op-18,Morning,1386.643070803421,200.7546887449268,45.701621154092265,10.04332143556863,2026-03-17,78.64471946938474,21.11471053002804
B-01615,M-08,Polyester,Op-06,Evening,1794.5431688754272,196.27654234968549,497.7258382241635,2.0993806031820195,2026-04-01,58.02696762083855,26.64147781647641
B-01616,M-08,Wool,Op-04,Morning,59.874314082601614,286.65528247581335,34.85640567142412,12.284231064442967,2026-01-11,64.64858968868336,20.10051006730624
B-01617,M-03,Cotton,Op-11,Morning,761.8759770145405,157.2120103318571,25.876335115801858,8.235714748282987,2025-09-20,43.16818094990396,24.197293545582426
B-01618,M-06,Polyester,Op-19,Night,633.3942841325359,111.63355174418494,17.047844362165772,6.2114341326049995,2025-12-05,66.03322272539312,31.09613516547896
B-01619,M-07,Cotton,Op-18,Morning,1348.6273463368736,173.09029693065472,382.59532821593706,14.10604869604958,2026-05-31,,21.098097818215486
B-01620,M-08,Wool,Op-17,Night,1705.8270631028802,136.80820696428935,72.45409699387396,5.142968885724037,2025-11-09,65.85239693535524,21.68541118361531
B-01621,M-06,Polyester,Op-08,Night,1578.3604169071855,245.9213298470685,68.24341093031718,2.4033791837462797,2025-11-27,65.88802724081154,33.5963625043994
B-01622,M-04,Cotton,Op-09,Evening,562.3939343847043,104.62213369355844,26.260397660721726,6.22209939829985,2026-04-29,37.43941419245765,31.167689551404436
B-01623,M-02,Silk,Op-06,Morning,1087.2195955010236,268.9900754545208,25.142917749586008,1.0033722432501306,2025-08-20,38.425732172959215,20.60847079308171
B-01624,M-10,Silk,Op-01,Morning,1862.2843935447543,119.39042471979755,27.749463417740145,9.489736874413206,2026-03-25,52.57479695597221,38.76936424731625
B-01625,M-01,Wool,Op-14,Evening,818.0417757533435,105.90839372229865,27.975092039691962,7.0750934948392326,2026-07-16,43.89164497823271,37.39811867780642
B-01626,M-03,Polyester,Op-04,Morning,1421.1361069635525,206.38213937626048,61.6903411822289,2.285904721208814,2026-06-08,52.25093418626776,39.99010379417033
B-01627,M-01,Cotton,Op-20,Night,1840.188581250674,264.6452718492999,40.742520456293406,2.442583708033758,2025-09-17,41.37241270323998,20.062433027128193
B-01628,M-01,Denim,Op-05,Night,662.9111035197388,194.55866906031662,31.51706355700781,10.479784840034627,2026-03-05,73.72526475190385,34.984343301817965
B-01629,M-04,Cotton,Op-10,Night,580.8474355906832,102.43596708330828,13.496271010187229,10.258733593706978,2026-05-21,44.467620511112315,25.07002032211546
B-01630,M-05,Wool,Op-04,Morning,904.6940868385462,202.28728126031746,23.056328160425252,7.162078261137855,2025-08-01,55.621427568832814,33.454272230008726
B-01631,M-09,Polyester,Op-11,Morning,876.9615307132351,133.2401073617491,32.16363005703183,5.892637673456758,2025-11-05,67.0903237623086,35.134098202229396
B-01632,M-10,Polyester,Op-12,Evening,851.0422629603119,669.6369098222325,291.9936139485311,8.989655262075871,2025-08-23,54.21330990548627,30.999579727677286
B-01633,M-10,Wool,Op-12,Morning,5302.18272470282,249.92515042980475,144.32534414749622,2.902406101786319,2025-07-25,33.331399920518734,39.52159372442935
B-01634,M-05,Polyester,Op-14,Evening,779.3674074496621,197.06897942688363,18.82657576796129,12.622481401994223,2025-11-19,77.53058873714451,32.685053069030744
B-01635,M-02,Polyester,Op-01,Morning,1404.9883484668976,162.40026122169007,32.30343115283267,13.737530971648845,2025-12-24,73.52002315529185,31.16463500559322
B-01636,M-01,Polyester,Op-20,Night,940.0845133744675,106.6835989410119,27.116187086694122,12.421491914354133,2026-07-27,52.5191606519504,26.502658568005288
B-01637,M-03,Polyester,Op-10,Night,1728.106985681978,124.92284154150424,44.757140914029705,13.007183835385582,2025-09-29,74.8754417554177,38.934158300677765
B-01638,M-01,Polyester,Op-10,Morning,825.7106060565078,174.7281636933397,231.07936456381213,5.660769347239646,2026-04-22,38.807695625143005,32.14533340202976
B-01639,M-08,Silk,Op-14,Evening,548.1643707230874,228.77358551102526,21.466856622191944,11.681284299161856,2025-10-13,67.97432845941535,37.7214793419105
B-01640,M-03,Polyester,Op-09,Evening,55.04035985695426,166.5313199641783,24.880569408792546,8.044931834521602,2026-07-04,30.703983164144535,20.139151746065824
B-01641,M-02,Wool,Op-04,Morning,765.5649417925961,105.70400496772965,30.196396777285564,13.730258049684691,2026-05-13,,20.16446262777783
B-01642,M-02,Denim,Op-06,Evening,728.2218303792748,282.44592439992,109.81648651756443,13.499143154258402,2025-12-06,,33.07802292738515
B-01643,M-10,Cotton,Op-04,Evening,1977.307349170403,275.5665207151629,90.45379514861645,13.531487160221289,2025-09-01,62.962226852543594,26.895738573090732
B-01644,M-04,Silk,Op-03,Morning,937.2753922267885,212.54230866844057,17.804363594328656,2.3962336128143535,2026-04-02,76.09778150663752,22.815409155424266
B-01645,M-04,Cotton,Op-01,Night,1337.2012371923224,252.8186000425963,53.870520081042926,9.670918283108186,2026-01-17,41.60669564000781,20.018860850549807
B-01646,M-05,Denim,Op-01,Morning,1977.8109888666406,261.9826240612181,61.306925898561495,7.442892654192615,2026-06-27,75.18836306995533,28.196953462367
B-01647,M-03,Denim,Op-09,Evening,1215.694651093525,189.524774533105,24.71060665327595,11.852670770114681,2026-02-07,56.3384453634746,26.334342440504322
B-01648,M-08,Cotton,Op-02,Morning,556.6209754511501,216.63903237660918,20.733224217510884,4.219459815614479,2026-04-13,37.406696100819154,33.07659927655355
B-01649,M-02,Cotton,Op-15,Night,65.18604767955944,200.71537926771828,38.88927797724708,13.516764472854412,2025-12-22,76.81713766991139,36.14741879584979
B-01650,M-09,Wool,Op-03,Night,911.2042507879075,667.0856274992526,301.75372173668575,7.190157593012159,2025-11-12,32.84202853561942,39.569889293435814
B-01651,M-02,Silk,Op-06,Morning,1245.5354716658098,106.41270341890832,50.184894618663,9.572358043765554,2026-04-19,65.80869384782153,28.33498121248106
B-01652,M-07,Wool,Op-17,Evening,840.5019490076309,144.25531821323682,36.23948756380492,3.2598378276260354,2025-10-04,48.59973798945809,36.94024070778167
B-01653,M-10,Wool,Op-10,Morning,1074.2363119452557,217.8237471960473,52.512795703658696,11.091428430648818,2026-01-29,42.060338731401146,23.362821717894942
B-01654,M-10,Silk,Op-08,Morning,1426.3359698144277,296.2831443667328,29.165727682531127,5.728583819851208,2026-05-30,65.15158499870657,24.452072730824753
B-01655,M-05,Wool,Op-19,Morning,1267.853181904436,163.92362510161425,283.767727718838,3.3467018937681825,2025-10-19,43.1440350994663,20.714967889317293
B-01656,M-03,Cotton,Op-07,Evening,641.3645996067885,134.33879862569825,25.764445456772112,2.435483533577016,2026-08-01,60.62964041379382,21.884207272249874
B-01657,M-03,Cotton,Op-09,Morning,530.7663789805868,149.8751575991784,22.740708956367218,13.4693334624867,2025-11-21,65.9265659061123,21.459366658513755
B-01658,M-10,Wool,Op-19,Evening,1239.5526823103073,269.3566054337658,23.915212788948928,9.410356842305507,2026-06-13,64.09165160164294,39.87003120791417
B-01659,M-10,Silk,Op-17,Morning,1435.9183621420825,192.06427801147967,51.64089357958345,1.55232734091768,2026-07-22,30.72353207514325,22.384571556357173
B-01660,M-08,Silk,Op-17,Night,1350.7446318700881,210.6859122327455,34.98924964456287,1.4459946753956412,2025-08-15,53.465149818000356,38.49245635685057
B-01661,M-03,Cotton,Op-01,Evening,1437.3837046826845,255.9637351246287,63.70208287571191,11.974953907986427,2025-11-24,,30.385601647905425
B-01662,M-07,Wool,Op-03,Evening,1087.0671400456204,277.73864295695967,45.46470626934667,4.363180329537634,2025-10-27,44.01082034952855,21.062412483980022
B-01663,M-10,Silk,Op-06,Night,1125.5828543490584,145.8233227822798,36.177623499918575,4.245063886632115,2025-09-18,75.06999706146166,36.67833200922074
B-01664,M-08,Cotton,Op-09,Morning,1424.1662006235815,194.8651141100582,38.079172993167624,6.483331600303324,2025-10-30,75.77384406091657,22.51225407040604
B-01665,M-06,Denim,Op-02,Evening,1016.842861981813,199.63014405022966,31.039799539834352,7.406846243632451,2025-11-18,55.944476582554074,22.79837954453988
B-01666,M-06,Denim,Op-12,Morning,863.6282208308163,136.86626979763827,30.2837689808443,1.9076790630066771,2025-07-25,68.13262793780704,28.5488384171312
B-01667,M-01,Wool,Op-14,Night,1591.390014957115,235.8633330627107,56.656590730363384,7.587010067255552,2025-10-04,49.39492644758649,27.519198192813274
B-01668,M-01,Silk,Op-15,Night,1242.1915324128101,269.8264495977021,43.745063018012615,13.245827780573968,2026-03-21,38.528018900325925,22.724673030914513
B-01669,M-06,Wool,Op-08,Night,8813.267449557421,103.71414375301977,120.14614957931605,13.440997371081371,2026-01-31,41.345038362190415,38.585613033716186
B-01670,M-05,Wool,Op-13,Night,851.2916384252194,204.25355076481316,13.948581481070352,3.4093979370980705,2025-09-05,45.271584634151615,26.429249558956087
B-01671,M-09,Denim,Op-20,Night,807.7742500927411,257.7103684016513,39.61270379574383,3.340741963661757,2026-07-24,31.422869592196125,32.58709885257877
B-01672,M-10,Polyester,Op-12,Night,996.8207219346821,123.73114063925046,34.78967591402518,8.98542255514543,2025-08-06,75.31771055478231,35.68123559656958
B-01673,M-04,Polyester,Op-16,Night,972.5847449113991,208.37603465524398,47.26884884108507,2.2774277782595753,2026-01-31,63.9472712140335,34.50192037795301
B-01674,M-02,Denim,Op-11,Night,890.5960381176075,103.69128380860452,15.80768542841723,8.638518501980109,2026-08-16,65.33952521984072,35.80814951765976
B-01675,M-10,Cotton,Op-14,Evening,892.6293035555354,202.51818505345926,25.841980878921643,5.628411339580026,2025-09-29,,37.210229731748896
B-01676,M-02,Denim,Op-16,Night,1699.3679661530045,216.12395209647076,35.657655559124464,11.823261982639568,2026-07-25,46.63364932651619,36.62833243860622
B-01677,M-09,Wool,Op-01,Evening,1319.1482120049363,142.80142263477484,64.21534442273924,7.657371302766707,2026-01-03,45.90876047543516,25.334068612744286
B-01678,M-02,Polyester,Op-11,Night,740.111158230096,257.46516749147906,14.888425555914099,14.77830943276501,2026-05-25,30.99507418700389,33.9805482808419
B-01679,M-04,Wool,Op-13,Night,560.7317364924567,180.57791579132618,16.85327408948293,14.09304934239225,2025-10-15,30.588254718349884,31.757713838595635
B-01680,M-06,Silk,Op-19,Evening,1810.0762465565713,116.80034290412513,494.98911474733023,10.541364418413105,2026-03-20,64.00548492166386,33.381600337245665
B-01681,M-08,Silk,Op-08,Night,562.959089365259,194.21657014090263,120.95180819140253,6.5713427868186685,2026-02-13,45.507361054540105,29.026734503081947
B-01682,M-04,Wool,Op-18,Night,1968.8927984129637,117.72659494991615,85.07057855767712,13.911232177742217,2026-02-06,54.01183567355133,32.47484490999082
B-01683,M-05,Silk,Op-12,Night,1040.6945437238833,186.08438161759338,173.11953576603614,6.733258723901995,2026-07-30,48.736551126787994,38.5105864329379
B-01684,M-05,Wool,Op-19,Evening,662.1850287156441,185.57390297059823,10.427867530388776,2.3812032742593265,2026-05-28,,32.3818619054224
B-01685,M-09,Wool,Op-14,Evening,1283.5598959502017,101.44398940074355,63.06229814590676,5.432348877777054,2025-12-16,63.85953618363277,29.68077880455697
B-01686,M-06,Denim,Op-12,Evening,1811.1556940993162,171.81415580863023,77.56291599398389,1.6368115806118444,2025-08-05,72.28131500575094,38.22468620629343
B-01687,M-04,Polyester,Op-17,Night,691.9249113796473,299.58302688245755,13.44236054166051,4.620179101738834,2026-08-13,66.2102456404185,38.16069752671443
B-01688,M-03,Polyester,Op-14,Evening,1862.387832015599,161.8963158389734,22.61271457183763,14.669785113376786,2025-09-03,44.06300101902373,39.06871649515671
B-01689,M-01,Denim,Op-06,Morning,1563.9080175047195,206.42222676740073,27.575419914602307,7.690279079718229,2026-06-28,41.174715712792,34.11191579552984
B-01690,M-08,Silk,Op-13,Morning,1329.2626939771524,150.64907260805018,26.176404916804167,14.378699316938985,2025-08-01,31.431559691782642,23.994565602224732
B-01691,M-02,Silk,Op-17,Evening,54.45015889913398,146.5460483740107,29.337659674961806,7.878887263762993,2025-11-27,73.62327616292694,34.24126842818342
B-01692,M-02,Denim,Op-19,Night,749.6214264664097,257.27347719233956,33.2476267361748,4.500794619142145,2026-02-06,50.852436416045045,27.009404046358558
B-01693,M-06,Denim,Op-01,Evening,689.8166880701121,213.12897647695772,18.89015137672634,2.9888625322028712,2026-01-11,65.23979180660933,38.10156255588962
B-01694,M-03,Cotton,Op-06,Morning,1232.1383903974638,285.4845672965524,46.29044062302728,8.293879441091,2026-05-15,54.379921902478046,31.566582054086084
B-01695,M-10,Denim,Op-18,Morning,660.3250626305471,264.2221055483032,16.559631172798294,7.0970703843456295,2026-01-03,33.617425494874276,35.72365338396426
B-01696,M-05,Polyester,Op-04,Night,650.551242642581,226.75580790865013,29.084987030384646,13.321838948070983,2025-11-15,74.38767547069932,39.15326949617946
B-01697,M-05,Cotton,Op-02,Night,503.2113790182128,176.04823328267804,17.236337278600185,12.459596118677043,2026-01-20,48.31265029992371,32.030970127594124
B-01698,M-02,Cotton,Op-05,Morning,1047.5379560582346,280.8947854562575,31.15379406836729,8.045196835405648,2026-06-10,53.239210296875044,39.95027491323792
B-01699,M-08,Wool,Op-03,Evening,767.5973778928716,202.6138845726876,29.415061782232154,12.39623429727902,2026-01-15,68.84301634491408,35.77163530216942
B-01700,M-03,Denim,Op-06,Morning,881.3267436000324,272.4168171680463,43.20633743626649,13.508208515267711,2026-05-21,39.707634830927454,22.609112731027878
B-01701,M-01,Wool,Op-02,Morning,1802.485945475552,278.64722944198934,57.345214500969554,13.409269384741533,2025-10-21,57.084341201686414,32.928034733316
B-01702,M-07,Wool,Op-08,Evening,576.8095237854936,249.10061707055453,17.115353422700124,8.074648466702325,2025-08-24,62.38545373951149,30.052796099510708
B-01703,M-05,Cotton,Op-02,Night,757.6836642166502,155.7427430282298,12.217298907507168,3.223937687215381,2025-10-07,39.78331478126712,39.4595476084061
B-01704,M-02,Denim,Op-12,Morning,903.9056364578114,218.11793154771698,37.429028287347755,9.542500067312986,2026-04-07,37.69870648719145,35.87434851570425
B-01705,M-04,Wool,Op-12,Night,855.9765563058367,157.73326053509209,11.375353953561522,14.131830116432958,2026-07-25,71.2835722989739,33.95594066125048
B-01706,M-06,Polyester,Op-20,Morning,1127.3961213538637,211.8603744153654,26.03728918889086,3.6237580317728773,2026-06-13,52.41132910541123,32.0205175497738
B-01707,M-10,Wool,Op-19,Evening,1671.4172284257309,268.0899163277611,72.72196621191596,5.530532572076991,2025-10-31,71.93285772462286,22.071531322060302
B-01708,M-06,Denim,Op-19,Night,729.1256475014249,116.58543050194521,17.883678785624745,9.984855662174157,2026-06-20,53.59686828776472,38.157812008256656
B-01709,M-02,Wool,Op-18,Night,930.728395156443,200.14698122883968,37.585114619595494,7.383246600761258,2026-02-13,47.22140231085942,33.87482597396657
B-01710,M-08,Polyester,Op-17,Morning,1779.475953545205,294.5713209420686,65.98880304209068,4.733186689855063,2026-04-28,65.80467412449808,27.885164709914903
B-01711,M-07,Polyester,Op-19,Morning,1213.9725355238306,298.75462055358634,55.983606549199436,11.204629901070499,2026-05-31,77.62456502171622,36.699390989623716
B-01712,M-02,Cotton,Op-04,Morning,7525.289001352044,191.83182607518228,152.5250464830488,4.525038346856381,2026-05-25,48.516008772526106,20.404724652799008
B-01713,M-02,Cotton,Op-01,Night,1961.0468374580958,282.2908006909679,47.89134590868149,3.263978896621512,2025-10-08,48.44412607779446,28.47912358926524
B-01714,M-09,Cotton,Op-10,Morning,1697.7439454058697,204.80753397351737,25.95589194930085,9.00939743760275,2026-02-18,72.65067794939628,36.11856306830717
B-01715,M-06,Polyester,Op-03,Night,1570.8718761254515,187.0872257804071,38.04253818099643,5.125084642875007,2025-12-09,32.500941045109315,29.74499120690902
B-01716,M-03,Polyester,Op-11,Evening,877.2695595146013,238.93434591939152,38.55609190561369,11.772795422418218,2026-01-30,42.23947595147124,20.988948733586945
B-01717,M-01,Denim,Op-13,Morning,514.939611806455,287.42249878429436,5.334891048480876,9.786678235757883,2026-08-26,46.09233176006602,24.929558191534724
B-01718,M-02,Silk,Op-01,Night,853.2071255163157,127.54566030342822,28.67173271230308,9.570327090124039,2026-08-04,38.327279429690066,30.572596750732387
B-01719,M-07,Silk,Op-10,Morning,947.0625475203717,107.01298980374374,21.51762872230894,1.5215543285987454,2025-08-30,31.31736660969588,34.78249334273092
B-01720,M-09,Silk,Op-04,Evening,1694.4502789514954,186.34656476856983,35.48198308148218,7.3419734116194935,2025-10-17,55.64413012547868,34.26062912750208
B-01721,M-06,Wool,Op-07,Evening,682.3810243002904,211.2114670382923,20.311091417927717,5.577686725398349,2026-01-25,52.12456568340187,32.93893416674611
B-01722,M-03,Denim,Op-20,Evening,1430.4182256512643,208.84000042272555,53.14879243600965,11.357149207105389,2026-08-20,65.296830885581,30.683797836172385
B-01723,M-09,Denim,Op-20,Morning,1810.3394034089192,186.45425755763372,60.2882006662564,6.778683018483111,2026-02-22,,35.2849124170476
B-01724,M-07,Cotton,Op-20,Morning,606.5101703338828,278.4224031382163,24.473756292936645,1.430963431326962,2026-06-24,,34.96792712419486
B-01725,M-09,Wool,Op-18,Morning,54.51592801495365,110.82688168046415,27.941093503045103,9.355996050982874,2026-02-14,,28.55681141254106
B-01726,M-06,Polyester,Op-03,Evening,1218.5610885119204,120.91089163020484,56.315712397062065,9.574853099359167,2026-02-24,66.89765601264693,35.34556602107297
B-01727,M-03,Denim,Op-10,Evening,1114.2061128331657,290.6145537244274,30.546602193474587,13.116011671157604,2025-10-23,44.82507855119695,23.18566074698917
B-01728,M-02,Wool,Op-19,Evening,1102.8480619339498,215.14386106624085,15.652618475672362,9.167407252588472,2026-06-18,67.49934921899876,30.197798964112202
B-01729,M-08,Cotton,Op-09,Night,1787.437003329659,161.95291663703742,24.381484887764742,14.598164444292289,2025-08-18,35.893005433988506,39.16502344465006
B-01730,M-01,Silk,Op-14,Night,0.0,109.31598841730832,0.0,10.871584052945929,2026-06-24,,37.005974731435835
B-01731,M-10,Cotton,Op-02,Morning,1892.7831125636444,218.0598143511199,45.74975811320077,9.820099896251325,2025-10-08,72.2709600850385,25.93600410103678
B-01732,M-04,Polyester,Op-09,Evening,1858.9278787919666,280.19269920775275,79.83904038544195,14.670758866812193,2026-05-29,75.09191582208356,22.54744072066722
B-01733,M-01,Cotton,Op-16,Night,1114.7577171643911,298.1602711891876,25.493930648926522,7.6119335006032145,2025-09-28,57.691804125111034,30.59549830513597
B-01734,M-03,Denim,Op-03,Evening,612.5331333393773,279.1302460803837,21.459404107233095,12.237461375368015,2025-11-23,36.976339027983464,35.53536542700146
B-01735,M-09,Cotton,Op-03,Morning,1113.7156818764333,150.80422981911255,182.27062754249593,13.036202969031255,2025-11-06,65.00941296470265,30.954798189382736
B-01736,M-02,Silk,Op-06,Evening,1210.8796413667878,138.7400585571404,219.36585098489996,3.9173715061235552,2026-07-17,63.06519811434334,38.22512303668576
B-01737,M-10,Polyester,Op-07,Morning,1473.1204058549813,542.019367807681,397.23416971755876,11.476463215714872,2026-08-11,73.43786152682935,30.731093420215988
B-01738,M-02,Wool,Op-19,Evening,1084.3237467222837,202.25914924920693,18.337634376184102,14.007069043595532,2025-11-13,73.71482801110872,22.69050984578369
B-01739,M-07,Wool,Op-18,Night,1036.460824383367,158.14877317813477,37.461962443996214,9.606793344187672,2026-05-10,75.13880238822725,39.245830833451734
B-01740,M-07,Cotton,Op-20,Night,1757.23880210163,205.0404400461594,69.75939765101327,3.916577256040556,2025-12-07,56.23442060467387,31.101652028753023
B-01741,M-02,Cotton,Op-09,Evening,829.8244845610236,173.66207641734633,33.362063333943155,6.096384569003928,2026-08-04,77.97197978705825,28.878899206534378
B-01742,M-05,Polyester,Op-12,Evening,1626.2170720616587,153.10883696064826,77.74081974240893,9.006175651204249,2026-04-18,74.7151446659324,29.50395438913899
B-01743,M-07,Silk,Op-18,Evening,821.6873439862424,114.83182115480615,30.546834670608348,13.48035422402649,2026-08-08,72.38405989811083,39.8517975186769
B-01744,M-05,Wool,Op-17,Morning,1905.0318900007242,265.38980501682215,90.26483615010973,12.821968663681217,2025-11-20,58.45707852271342,27.647291958334215
B-01745,M-05,Denim,Op-05,Night,1148.1757634238415,207.7638734499338,13.684765161901119,7.2456002997526285,2026-08-03,58.24091569800986,29.410101579846543
B-01746,M-08,Wool,Op-11,Evening,1823.0722790115478,188.87876378315394,36.117985591630365,9.245211079102882,2026-07-18,36.95939013789935,20.067756959652783
B-01747,M-09,Silk,Op-11,Morning,1556.8790482000254,119.83890602257571,26.87222818320028,13.72442416541055,2026-08-06,40.75112846780923,24.091872285835514
B-01748,M-02,Cotton,Op-04,Evening,520.9725694570471,254.36109369564693,11.154606137604462,13.25048343743362,2025-07-25,60.70813513080994,23.763999633597244
B-01749,M-08,Denim,Op-02,Night,1213.890046047445,290.86919032466017,26.6010577171087,4.462919205448399,2025-09-02,66.5822951959944,28.788964465858406
B-01750,M-05,Cotton,Op-06,Morning,1183.8739055331707,114.2413435082465,15.075373193059955,12.181623193025075,2026-07-16,42.165096399148354,34.50824246385941
B-01751,M-01,Cotton,Op-06,Evening,1932.647834248529,138.60299708113973,56.27025237786134,13.358389066899127,2025-08-04,70.47366048077171,39.357198481628316
B-01752,M-03,Silk,Op-19,Evening,1591.0959407689272,174.1421314075568,78.41204792646398,3.5811553322757135,2026-01-14,52.15379664667244,23.314980307769098
B-01753,M-08,Polyester,Op-05,Evening,644.3697367110746,217.8423446905241,9.438232383322775,9.770493973556782,2025-10-27,56.90397714370271,33.24371771423667
B-01754,M-04,Cotton,Op-02,Morning,1332.5277863079366,157.4425142254723,15.327058122012216,14.162464886214792,2026-02-07,68.10358267198629,39.45028964319485
B-01755,M-10,Cotton,Op-01,Evening,927.699762771063,139.0845173276698,209.9853207592412,1.156164222365627,2026-03-02,42.11628651231607,33.57551967040858
B-01756,M-05,Cotton,Op-03,Night,1831.7271724474979,238.75158406981504,31.288936454022682,6.524806978684447,2026-03-27,48.623446945605416,29.114716280169695
B-01757,M-03,Wool,Op-12,Evening,1451.0011511239823,172.8305638209211,35.64832528349425,12.93311488966861,2025-08-03,67.82763300289082,32.2102632818432
B-01758,M-01,Cotton,Op-14,Evening,6144.935926501558,255.23037282112458,152.66422635251973,7.809727385875211,2025-11-09,41.23750190886788,23.903492300800124
B-01759,M-09,Cotton,Op-03,Night,1177.3195414595848,215.92217984565679,12.496834905354145,13.28016860519672,2026-02-10,73.38736950408654,29.021521436497192
B-01760,M-05,Polyester,Op-07,Night,1139.6657085714546,221.23870748482807,40.87001234444491,8.808706627372864,2026-05-20,62.56680529001027,23.08151464946167
B-01761,M-01,Denim,Op-16,Evening,85.25172611316664,250.1047961393498,37.9689110695557,5.74722658567752,2026-02-15,65.49477166907268,20.957311978122142
B-01762,M-01,Cotton,Op-16,Morning,1692.9305671958339,226.1559466209864,57.380141308697205,9.225864810097177,2026-02-14,47.67744271021685,29.64902940762235
B-01763,M-10,Cotton,Op-06,Night,1208.6931708723357,239.662664788112,12.36753073935474,7.071757063497434,2025-11-07,40.11365908710152,24.278675656020944
B-01764,M-01,Wool,Op-02,Night,951.4365733380087,249.78352809570393,273.58255381919196,12.118277923726534,2026-01-24,40.1233771047875,39.18087993742816
B-01765,M-07,Wool,Op-09,Morning,1560.1479227924467,244.4866846044826,60.29208125768599,2.1906106982849956,2026-08-20,40.99955634484653,20.176296665889453
B-01766,M-01,Silk,Op-11,Evening,1016.657432642765,257.33050321526935,17.217018663958047,5.745107079118368,2026-03-09,70.96668761494305,22.61396507496626
B-01767,M-03,Cotton,Op-06,Night,1011.3148093759048,181.69747777645466,24.32078702436989,5.881839351801697,2025-08-15,68.182351626161,21.939027852534295
B-01768,M-03,Cotton,Op-05,Evening,1755.859999273189,113.3594154524344,38.015950821382226,14.192809107399004,2026-02-19,79.31584211360064,21.7713634765016
B-01769,M-03,Cotton,Op-15,Morning,1058.6009990530342,749.9628370730787,361.1141657419482,9.342975369634274,2026-07-12,62.218285024628365,35.15019645637012
B-01770,M-03,Cotton,Op-20,Night,1366.0125877945554,277.94706695661137,40.654876883718444,10.8042889543733,2025-09-23,40.084998131551274,28.594907621513336
B-01771,M-01,Silk,Op-19,Morning,582.8264401256084,290.92750267201114,6.425830519358006,2.8000816511562987,2026-01-17,64.87306336133634,30.124620721817603
B-01772,M-10,Silk,Op-19,Night,1887.1212137965424,270.3673617637867,46.30183841278502,8.339610990653696,2026-01-02,41.44711680697226,22.432457813601886
B-01773,M-01,Silk,Op-08,Evening,883.1424215691358,201.33824020125974,31.82417272345635,14.529730145728006,2025-11-27,58.747674661482066,37.79862111780196
B-01774,M-03,Wool,Op-19,Evening,1212.8697898808007,270.92151254667425,18.378037327160627,7.599153542421965,2026-05-31,73.43140852551805,25.831535391515306
B-01775,M-09,Polyester,Op-06,Night,1782.9716965444075,217.48303275853334,367.7284312127744,13.447293575485443,2025-08-06,76.89136034961916,21.07256780742898
B-01776,M-04,Polyester,Op-05,Morning,1438.7875956051757,258.7182394404647,22.124586933964796,4.928263023641165,2026-04-20,57.83991921865858,34.17457159809799
B-01777,M-09,Cotton,Op-03,Evening,1721.1003589269003,221.22191997059463,52.08057954533133,14.293524119591126,2026-02-24,46.97644595653466,22.162918846743974
B-01778,M-03,Cotton,Op-07,Morning,628.7161575641583,293.90530466480135,15.557471985142259,1.5415894156006815,2026-04-08,67.6751950553654,30.50204796284488
B-01779,M-03,Cotton,Op-08,Evening,598.763246762982,224.43338483472155,13.271228282418274,9.193084611473374,2025-08-25,44.04416365337999,38.204434028206244
B-01780,M-07,Silk,Op-13,Morning,1174.5881158881593,208.75249118373114,15.541173343985271,2.4032462944680053,2026-08-26,76.60808596068162,27.490723049020822
B-01781,M-08,Denim,Op-12,Evening,1080.936760512995,220.04050941851614,23.11218382520463,8.191137405498614,2025-11-01,64.7270987018637,21.109678841358214
B-01782,M-10,Cotton,Op-14,Night,1728.8458652601535,115.97873755827217,42.23836007015267,12.976803365743406,2025-09-10,34.59480460385531,36.68908429783393
B-01783,M-10,Wool,Op-07,Morning,1418.3135948858237,130.57742312959962,31.906717220919493,1.9263621041525318,2026-08-13,40.79691020100675,22.557076358173912
B-01784,M-03,Polyester,Op-19,Morning,7369.042174800694,217.7518927130019,141.4520829390181,12.058153503316401,2026-05-16,62.81199466241793,32.17516650259106
B-01785,M-07,Denim,Op-15,Morning,1763.2490450920748,146.00009050967998,80.41227701573168,1.0800930415875047,2026-02-12,62.565994861311964,24.049243672776626
B-01786,M-01,Silk,Op-19,Evening,1788.5694945599842,115.34547438564118,37.55340159443732,2.489437675797083,2025-07-25,54.758579612333314,32.1844532553871
B-01787,M-05,Wool,Op-07,Night,1575.196575049056,218.98320418377432,29.283135305966553,5.547537536479766,2026-05-04,31.268574402115778,35.00300562597035
B-01788,M-03,Denim,Op-05,Evening,1751.7106151939427,184.05805201085104,43.548897500199914,9.079084196844716,2026-06-28,73.6474365204501,37.272460018399066
B-01789,M-06,Wool,Op-11,Evening,813.3333390722646,255.02921554571893,14.57832322217561,7.063122850429837,2025-09-17,39.60209967795021,38.08850684634301
B-01790,M-08,Wool,Op-20,Morning,538.7107522868466,104.05599475348399,12.282841953162206,9.7124149903597,2025-08-14,63.08375303587652,26.22083410113968
B-01791,M-10,Wool,Op-13,Evening,1009.2408725899141,236.03170935177573,50.44885104443057,1.8138730743756002,2026-05-07,76.45581763456627,24.45042088354893
B-01792,M-08,Polyester,Op-12,Night,757.2840406807804,254.3092914624755,33.58558534679928,4.12777562901475,2026-07-29,34.042340082162696,37.498666487012976
B-01793,M-04,Cotton,Op-03,Night,1105.355588674402,240.47922850808536,34.207324445680634,8.79892305757484,2026-02-21,72.64780568368744,26.301119386373088
B-01794,M-08,Denim,Op-19,Night,1228.0585568068257,170.78116525137176,40.61973322233044,13.480370903789211,2026-04-12,38.29389623312677,22.990172790413922
B-01795,M-06,Polyester,Op-12,Morning,1486.241344977413,138.92385086491305,54.596225803574285,6.470044191564738,2026-01-16,77.32819214893718,24.932348453813482
B-01796,M-09,Denim,Op-03,Evening,1610.2240905463862,189.6257398930319,52.77253120530203,14.125363814634161,2026-05-13,66.83283676093953,29.158491597217957
B-01797,M-01,Wool,Op-11,Night,1538.920165137651,218.43803608584363,28.552440816772677,13.301766173565062,2026-03-24,47.84443311402006,25.997714801116096
B-01798,M-06,Wool,Op-13,Evening,556.6744520968927,108.60279287601107,19.252982699603617,13.180772703529959,2026-03-26,63.919657320295364,33.21064830872972
B-01799,M-03,Polyester,Op-12,Night,1773.8287170411572,196.0533851331255,67.31019975558578,13.185751599816204,2025-10-30,47.972251309111954,38.53415008678181
B-01800,M-05,Wool,Op-19,Morning,885.765704036641,212.81698433772502,20.010709424856987,8.462427860835579,2026-04-23,36.894941086516695,31.824858115012283
B-01801,M-04,Cotton,Op-15,Night,578.5231502144036,289.731231541313,14.046164708226714,9.98086516690003,2026-01-28,73.84594659354235,33.521120100265065
B-01802,M-09,Cotton,Op-16,Night,1269.032108493217,235.14935206943542,59.59769731150703,14.443532552820125,2026-02-26,42.68347295608483,37.49954117248235
B-01803,M-09,Silk,Op-11,Morning,1505.6232719884347,286.25332548026756,17.58602715922422,6.570300224683159,2026-05-12,77.65080880202214,34.0556575433195
B-01804,M-08,Silk,Op-09,Night,1860.309247728579,196.8945618066385,53.51485003209408,7.44457778688966,2025-09-28,58.323330298981716,22.98769093542456
B-01805,M-01,Wool,Op-14,Evening,1746.6908250766185,103.09649182750307,68.35258904838219,4.820840244541198,2025-08-13,30.12272932219221,28.31422618299697
B-01806,M-06,Denim,Op-07,Morning,1698.1577436719429,289.03795222540134,79.75553728172063,9.51906458159101,2025-12-31,,25.09253733305791
B-01807,M-06,Polyester,Op-15,Night,1662.973630820564,214.8856966006289,64.01743567238576,10.738963020065103,2026-07-26,,38.486327100148586
B-01808,M-03,Denim,Op-06,Night,1052.561761377101,242.60564045781933,17.549919449252588,1.5638942782954302,2026-06-23,49.320778091529064,28.126460636911585
B-01809,M-10,Silk,Op-08,Night,534.6282208276552,126.67624732754857,12.753310345337686,10.16470094115877,2025-09-07,70.11444081818438,39.764069854539486
B-01810,M-08,Polyester,Op-02,Morning,1399.0688333916526,287.42899336302435,18.970004300681023,3.3385849387341366,2026-06-26,65.88227931713713,35.099574662983265
B-01811,M-01,Wool,Op-06,Night,1791.8740777745975,262.62100942216875,41.91147107110573,1.4676420920840823,2025-08-21,34.55422074400258,20.982537877837046
B-01812,M-04,Polyester,Op-05,Morning,1263.9334860198892,206.46954559092575,14.942229556920397,4.747334636772197,2026-06-11,75.5798443280137,27.365255797438266
B-01813,M-10,Polyester,Op-01,Evening,950.3406673120796,206.2218845088311,40.64282017951348,6.715105516235249,2026-02-22,43.69212595496296,22.626464995286348
B-01814,M-03,Polyester,Op-14,Evening,1994.2178631862878,165.90842670477642,51.213870679940165,6.342694618472455,2026-07-14,60.90187623384785,34.36882949471082
B-01815,M-01,Wool,Op-06,Evening,1857.394275472723,212.00079784578367,77.60581808363096,7.305461069683034,2025-10-21,62.333637657995254,39.05607696498346
B-01816,M-01,Cotton,Op-01,Evening,560.0196958026866,166.46198214799193,24.109276876314347,7.587625589317118,2026-06-25,45.72587861045526,34.00375121660913
B-01817,M-09,Wool,Op-06,Night,1597.0176427779074,297.86665736565504,39.106411054168746,4.815667070502407,2026-07-13,73.74947475122107,35.33245330348972
B-01818,M-09,Silk,Op-13,Evening,1601.186815485453,120.8151912836494,58.0127469353127,12.050668752767733,2026-05-17,56.61653012935513,25.845803454185063
B-01819,M-03,Polyester,Op-06,Night,1462.4299980716135,141.89724454391995,47.93914966020105,1.425563807361366,2025-12-10,,28.672451738033477
B-01820,M-10,Polyester,Op-06,Morning,1814.9079175558977,285.6433591295189,72.31189570001187,8.40327305419473,2025-08-17,67.69017418842725,28.786065446559938
B-01821,M-04,Silk,Op-02,Evening,807.2022874087504,174.2129469607063,35.04986958748275,9.879191983390607,2026-04-25,30.90789828035394,34.44922620677908
B-01822,M-02,Wool,Op-02,Evening,1098.712491640927,189.58848343543286,25.225388727303468,12.917950971031434,2026-02-05,68.78273176630168,25.7629897806675
B-01823,M-09,Silk,Op-04,Night,1518.317348585895,212.63961848963226,452.30088905819395,3.271213995350957,2025-11-13,45.49649546145832,37.99966553757308
B-01824,M-01,Wool,Op-10,Night,1650.5187949711542,288.39488642871805,60.78926885971739,4.026640034186656,2026-02-04,68.57424374084628,20.40435040295595
B-01825,M-08,Cotton,Op-12,Evening,1203.923417180362,169.35201438401373,41.39113376413378,13.073660932103248,2026-04-21,72.71338463287654,20.44603409797287
B-01826,M-05,Cotton,Op-03,Night,83.13612116840889,183.13220030008983,44.429690125195144,12.648570349062863,2025-07-31,45.49198857638392,38.860976212752405
B-01827,M-07,Wool,Op-07,Night,878.2927421418773,164.95012179344042,27.541733813102415,12.687178896119166,2026-03-16,68.09026274774763,26.581917606295193
B-01828,M-01,Silk,Op-06,Evening,592.5204443796432,141.74917647972586,22.94253879100951,7.801487824045587,2026-06-07,34.29868676396058,36.86664709783875
B-01829,M-03,Silk,Op-03,Morning,1915.4505059727421,238.69338119280542,94.00809309591122,14.165619211670599,2025-11-08,57.72562778454825,32.004372221239386
B-01830,M-08,Denim,Op-02,Night,1463.1937202963904,106.15731377214932,48.80238433118826,11.133238872827325,2025-12-03,75.27343460687078,35.911604995886535
B-01831,M-03,Polyester,Op-15,Night,1506.9552696402745,298.03835785033436,363.3925228914365,2.2692692391307365,2026-02-09,63.36224143166198,25.667953891411877
B-01832,M-08,Wool,Op-14,Evening,730.1852481622432,141.34932914804784,31.697211583681714,9.702814092604989,2026-04-28,36.41149736518871,25.303617502606457
B-01833,M-05,Polyester,Op-04,Night,990.637259002458,197.61203125393257,33.93755932863201,14.175964692041763,2026-07-12,41.35745444184732,27.792520347160206
B-01834,M-10,Silk,Op-06,Morning,1633.0083942559584,280.33067734254104,17.950637711174643,13.816621826029213,2026-06-25,68.83200371863114,24.56661673186621
B-01835,M-07,Silk,Op-10,Night,1075.6608955334357,574.6229798873546,308.1181317259856,10.945427064136172,2025-10-04,63.05652934128584,20.879432832429096
B-01836,M-09,Denim,Op-13,Evening,1501.9006031836136,185.88375737045067,60.96802651866851,7.1780292391992075,2026-03-22,33.28139976678702,28.028870985200076
B-01837,M-05,Cotton,Op-14,Morning,1872.7645057798966,182.69942741267437,38.733335048218166,6.930201576307104,2026-02-11,65.1313553161826,38.85544002210553
B-01838,M-04,Silk,Op-11,Night,1160.2163098069054,259.1946487104602,262.8265737072052,9.535709971236539,2026-05-07,35.52931719819774,32.55465471124531
B-01839,M-08,Denim,Op-03,Morning,1293.6549014906577,275.24067244499696,58.17575803131048,7.474919836174134,2025-10-06,43.972121111794706,24.61932696432063
B-01840,M-06,Wool,Op-15,Night,756.5162816273426,185.17371217662873,18.190999580151093,3.6204236089772577,2026-08-23,68.66520200571877,29.48745279949238
B-01841,M-05,Polyester,Op-03,Evening,1041.6494609397002,270.4428413445959,47.98844383958087,8.752835360122134,2025-10-17,65.89339255656319,37.94077032501369
B-01842,M-06,Silk,Op-14,Night,992.7635815067947,290.49025262927705,20.833615511906313,1.3482623482044762,2026-01-17,48.84177805080829,37.91597715017683
B-01843,M-04,Silk,Op-09,Morning,909.6221754819776,160.52445701637774,41.65744437688561,9.57238738785691,2026-03-24,51.91663878071769,34.53469672706685
B-01844,M-05,Silk,Op-19,Evening,1511.2990624142908,140.8933440395151,20.551689191764318,14.05754663304703,2026-04-04,43.224643667373925,22.997885906563162
B-01845,M-09,Polyester,Op-05,Morning,1345.0756109992485,122.75249249613036,45.960669251988215,2.9428623775768306,2026-08-03,45.00152402977483,25.633060193689275
B-01846,M-10,Wool,Op-17,Night,1725.1179192090221,252.26993124057847,17.819518710379224,4.674782366030675,2026-04-11,42.265524899298995,39.31583060213936
B-01847,M-01,Polyester,Op-04,Evening,1819.5807995903237,139.945703824481,50.246033309571295,14.26198052325675,2025-08-03,,26.846145696550394
B-01848,M-07,Silk,Op-11,Evening,50.559965262785205,217.53381029465206,24.85595581062523,5.45115061589552,2025-11-01,57.69154579339117,34.614137687257724
B-01849,M-05,Denim,Op-03,Morning,697.7549267052713,232.8688582929429,22.285834233989704,3.9967343871840786,2025-08-22,51.64255533978355,23.95341873748538
B-01850,M-03,Cotton,Op-07,Night,674.0801890768533,104.62137055749605,25.8436480840212,1.7158429334937606,2026-01-03,77.7129220757655,22.845724372218715
B-01851,M-06,Denim,Op-01,Night,601.8893063342393,121.63207044703643,28.76634728008833,8.124267519730687,2026-01-19,53.243546507717184,39.03160618879739
B-01852,M-09,Silk,Op-07,Evening,1669.4129638136976,220.42036602546995,56.9542810697321,7.369444443502154,2025-09-05,47.808926716421055,38.94175093951111
B-01853,M-04,Silk,Op-06,Morning,1368.6087915289918,146.38022435378298,37.915337049533285,1.653769450391583,2026-01-31,77.25942898797723,26.27470517689308
B-01854,M-03,Silk,Op-14,Morning,671.9599153785603,267.3848659818584,30.549020997837495,1.3868456599830288,2025-09-26,71.69953810495483,22.805700255759337
B-01855,M-07,Wool,Op-01,Morning,1594.658956004236,132.93405250146103,70.75069312525602,8.921451900032555,2025-11-18,45.63281571776098,23.56466197823167
B-01856,M-05,Denim,Op-19,Morning,1105.2841497608442,179.70874287307652,27.107257818700006,3.3784134472926803,2026-06-10,49.15328380428893,37.43233692657701
B-01857,M-08,Silk,Op-07,Morning,1927.405343749682,289.2617798416775,49.554433195558396,3.0285812303028443,2026-03-26,38.86556267613224,37.25348140663778
B-01858,M-01,Polyester,Op-06,Night,506.56097342451403,154.7743639410742,7.305447380749756,9.36680590473784,2025-10-19,69.96329829799839,22.66777234186519
B-01859,M-03,Polyester,Op-07,Morning,1883.1389803584975,250.22967356451653,75.96249310897501,9.2569144108931,2025-12-04,68.4593394997964,28.577087226132768
B-01860,M-02,Polyester,Op-07,Morning,1057.7044869118035,148.81891449852048,52.09732353305122,11.206187898101561,2026-05-02,,28.393445843145365
B-01861,M-07,Denim,Op-12,Morning,1024.2277734621516,284.3454841062132,27.984955180519158,14.061475679939113,2026-01-15,42.09264735323731,35.96442363176027
B-01862,M-01,Polyester,Op-09,Night,1876.287090845522,190.02485452704775,33.724393848347425,11.420252042723126,2026-02-19,53.34837045818989,24.55601511425712
B-01863,M-05,Denim,Op-06,Morning,1138.1467913845183,251.098931402843,33.29923168427495,9.471000792530734,2026-08-13,64.43146449502717,25.64652701463885
B-01864,M-02,Wool,Op-01,Morning,566.5928974539905,263.50648319162417,9.514061118921196,14.858490271358246,2026-01-07,50.34395313123355,20.21927306263087
B-01865,M-08,Denim,Op-09,Night,1478.7903166256283,222.41586364077182,55.483267527150716,12.030106074197615,2025-11-21,42.69420054805341,35.27263831094268
B-01866,M-06,Silk,Op-14,Morning,984.2217465707649,209.0976296113924,26.42404608539951,3.061833318976574,2025-10-13,52.628225171779135,37.623946791112814
B-01867,M-09,Polyester,Op-18,Evening,1759.3500597131329,218.05067305193887,45.647486872406574,3.6862739834329945,2026-06-10,59.05531223489482,30.119666583141267
B-01868,M-06,Wool,Op-02,Night,679.4456592741055,183.34173276944597,15.094061486587702,2.01867326735478,2025-09-09,34.93845256993756,28.318330658654318
B-01869,M-03,Polyester,Op-16,Morning,1888.316488793335,175.14116107605412,38.530416876999965,11.6100137090094,2025-10-10,56.512376318312135,34.08171337284671
B-01870,M-01,Cotton,Op-17,Evening,1912.8574592574937,206.01769938288479,26.796175653917025,12.638536997993494,2025-12-08,,27.30091386952227
B-01871,M-01,Cotton,Op-15,Morning,1510.5674715812731,101.5519296674849,331.8119093365569,7.654101671917116,2025-12-22,39.64009513332296,32.54751008870724
B-01872,M-10,Wool,Op-09,Night,1726.2473847885,201.5568373902242,71.52191376773811,7.941760435456337,2026-02-27,76.52117465893889,37.79931737493363
B-01873,M-03,Denim,Op-13,Night,944.3836299751762,209.0016831447881,40.85932589846433,4.13456126627959,2026-04-19,52.19583490232699,29.684261315195812
B-01874,M-02,Denim,Op-06,Evening,1844.0425479874896,182.92401247929558,64.31149752947111,1.247862231025321,2025-09-14,73.08869198946773,23.485573570027213
B-01875,M-04,Cotton,Op-18,Morning,537.4563506511968,771.5264370164793,200.9377425043603,14.803444229614897,2026-05-16,35.03468005519015,28.473863039992846
B-01876,M-09,Denim,Op-17,Night,856.5481404593432,705.911669831793,207.690766069366,9.779937516855645,2025-11-03,46.81843559418549,33.44168781212126
B-01877,M-07,Wool,Op-12,Morning,1786.3815136436024,111.71817754202709,68.09440977973041,4.0167477589980445,2025-10-18,79.92801242425344,28.66152205173585
B-01878,M-03,Denim,Op-14,Night,773.9945732855206,221.97374699710753,26.421622979360688,11.16548495717186,2025-09-25,45.72383179332553,36.577942239517554
B-01879,M-08,Denim,Op-11,Morning,7004.51361289563,211.52847866863172,176.11105884852577,9.07465186410294,2026-06-07,38.2767646346933,28.054647397339323
B-01880,M-03,Wool,Op-05,Morning,1223.807611200009,288.06323064785283,38.96723824033304,5.111469787018107,2025-09-27,50.78517891424645,35.73913620958083
B-01881,M-07,Polyester,Op-02,Morning,1320.5422196366717,110.6680326010367,29.493257772727265,6.580395278058381,2025-10-29,43.53668662108662,39.98670245662231
B-01882,M-03,Denim,Op-06,Night,1826.7448021907953,235.2467470080955,82.81498589583187,5.772829728689266,2025-08-22,57.176718918706186,36.81071759898387
B-01883,M-10,Wool,Op-01,Night,740.5908125092178,167.91462824163392,32.72878322887846,5.693124522990003,2025-09-19,32.10223980379723,31.96475519703793
B-01884,M-01,Cotton,Op-09,Night,1072.3615817382765,248.0071889968354,41.14968176648375,9.787805790410358,2025-11-27,48.78243677465004,22.82119598984594
B-01885,M-03,Cotton,Op-06,Morning,1781.8477534118606,237.17089848029838,58.47212513840875,1.250298776487453,2026-02-18,40.81164471954956,21.38959969767064
B-01886,M-07,Wool,Op-14,Night,5418.404941238487,122.1158374137319,190.12240229777893,12.736729488307393,2025-12-15,57.77544891977416,33.7993802428345
B-01887,M-09,Wool,Op-02,Evening,689.154043981114,178.59176132733646,23.268725000428987,12.9201417486356,2026-03-22,75.31271183689341,30.127433470902908
B-01888,M-10,Wool,Op-16,Evening,1562.2210018978358,266.55173369054285,43.781145165023084,2.7011563735273265,2025-10-05,70.50346541146138,29.625523010232335
B-01889,M-07,Silk,Op-13,Night,1135.8496279954975,201.84231704920853,19.549795391596376,14.23070774752445,2026-03-21,57.41018863960758,39.06355076526279
B-01890,M-10,Polyester,Op-14,Morning,1586.2039682489496,262.4479077217494,70.48649359660193,10.507803638688067,2026-05-28,60.34611401132702,31.296255621723645
B-01891,M-09,Polyester,Op-04,Evening,1732.4698957467501,124.45774423611991,77.59861337150296,12.880227198432294,2025-08-17,50.703430972022126,25.073936599916216
B-01892,M-08,Wool,Op-15,Morning,1148.0371994506124,261.67293803536336,16.083002676990688,4.687650567381823,2025-08-03,30.19646607111089,29.90918385805889
B-01893,M-03,Wool,Op-07,Morning,1631.5639332873645,155.21502721388208,67.31769113753984,7.211039052448702,2025-08-16,34.35167825457771,25.733184968945054
B-01894,M-03,Cotton,Op-02,Morning,727.3818678534792,229.43191222539147,10.44437816917956,13.843961939263016,2026-03-02,63.991837987886015,36.220433785844534
B-01895,M-01,Silk,Op-02,Evening,876.0977390030816,513.366989485296,312.66904007826764,11.01147859065325,2026-05-28,61.97769131886556,33.275334722433996
B-01896,M-03,Denim,Op-20,Morning,1518.0698543230308,194.56089282254493,68.17933014591136,13.596634615155605,2025-09-24,46.807983249254946,25.88643488462472
B-01897,M-08,Denim,Op-08,Morning,1695.4814821384782,202.99596212966895,43.068026366108604,2.8302863524098996,2026-05-29,40.75357357325262,33.12455980817613
B-01898,M-04,Polyester,Op-16,Evening,1754.7097874989568,289.9910018664408,42.2142236419504,12.278916953848857,2025-08-10,48.877271149777854,35.77372858462848
B-01899,M-07,Polyester,Op-13,Evening,750.6501316484508,106.67864097317148,13.70726669415173,6.400033978654281,2026-07-05,75.17796518486409,24.77973175511353
B-01900,M-09,Polyester,Op-07,Morning,1954.7311778615606,105.00082257011843,91.30960139734408,12.00095010551256,2025-08-25,46.06849778704352,20.749759137393188
B-01901,M-03,Denim,Op-20,Night,709.4634953143755,210.35585674513908,10.373965331680536,4.836758904013669,2026-07-26,33.25964010923455,20.998449713267583
B-01902,M-08,Denim,Op-13,Morning,607.0505208340701,252.11162310398458,16.229347800197388,7.797926831968009,2025-09-28,,26.857841826979595
B-01903,M-09,Wool,Op-04,Night,1893.420103358935,282.15036254762947,47.79820341125563,11.019470721716077,2026-04-13,74.23411887108439,26.392960551752495
B-01904,M-09,Cotton,Op-12,Night,1420.568272781342,224.72518945945285,60.86416957957375,7.743797732172773,2026-01-25,50.032892421897664,39.72360623217391
B-01905,M-01,Polyester,Op-13,Evening,1152.4702968320678,245.4584954479137,30.101270271258983,4.773863705534433,2026-02-20,35.00846631186649,27.048620511054814
B-01906,M-02,Polyester,Op-11,Evening,524.8056868410061,262.9584003271792,8.921630104707988,6.028707633448541,2026-05-15,59.02090828900735,21.479263745419118
B-01907,M-05,Denim,Op-01,Evening,1834.5405879913399,221.73750557656015,40.27205983499118,14.303976702386798,2025-08-15,79.93750171956584,27.437202306661888
B-01908,M-10,Denim,Op-14,Night,1787.534082738645,299.72228540749086,43.282614403100276,9.814977279254403,2026-03-25,69.75703612557612,35.63491717630549
B-01909,M-10,Denim,Op-10,Night,1361.4055703856307,266.61138825284274,21.481656429025907,10.633594267654777,2025-09-13,31.058190699101914,26.73411337795067
B-01910,M-09,Polyester,Op-20,Night,849.4583181170586,281.09789549826513,29.455275431001642,1.5165060447507541,2026-03-26,40.990035598096185,26.191387044764628
B-01911,M-07,Wool,Op-18,Night,0.0,143.6538965706772,0.0,3.2993749411241624,2026-07-04,41.839901729805945,30.05059253403311
B-01912,M-10,Polyester,Op-17,Evening,1921.4037524115834,192.77304428576952,69.43868097276204,1.823144231624919,2026-08-22,66.46332029183168,26.57690576417979
B-01913,M-08,Cotton,Op-13,Evening,7321.332101429698,214.14874834666398,192.71748377359887,11.810135067304506,2026-04-01,76.4004370887277,25.222542888661543
B-01914,M-06,Wool,Op-04,Morning,1852.0802852159857,117.9756560201276,44.12254375123366,2.847017560553352,2026-08-27,54.77545886653191,22.13238545610847
B-01915,M-05,Wool,Op-18,Morning,722.5780673262165,227.20807102637718,24.539116418472435,14.292936044348265,2025-10-15,79.83668851471907,27.504822649938298
B-01916,M-04,Cotton,Op-05,Evening,1784.401480286122,123.4924145592768,287.99176931839173,10.65390175472751,2026-02-19,50.44218308625341,24.122923205603282
B-01917,M-07,Cotton,Op-19,Night,1543.1107228839587,150.54853374969062,363.8995057591096,5.359679030628292,2026-02-26,36.05406491207314,37.29318227779783
B-01918,M-10,Polyester,Op-15,Night,1354.1490246422818,182.09862290826834,19.167913918100744,3.6954188161339525,2025-09-21,67.25663742492,22.541125307153486
B-01919,M-01,Cotton,Op-17,Evening,1565.217556394755,141.76740409039678,60.01539502981041,5.294818518939652,2026-06-06,53.76137335008701,28.987026334590922
B-01920,M-02,Cotton,Op-08,Evening,1435.1476901650415,228.87923245637313,39.495135149242195,10.996760629176402,2026-03-29,44.63063637117327,26.446666236009474
B-01921,M-06,Denim,Op-18,Evening,961.1932595502891,296.9875737941727,11.256852157935123,12.396726969900016,2026-02-17,38.23273441280148,20.11188311763739
B-01922,M-06,Wool,Op-20,Evening,866.0951765643879,122.8582571673713,16.130470548005956,8.46673360849601,2025-12-26,72.89976113636793,34.73500441826455
B-01923,M-01,Silk,Op-08,Morning,1098.948884038679,201.57884190625552,33.374868830072074,12.342881893046698,2025-10-06,71.95608015530824,38.194366238155524
B-01924,M-05,Wool,Op-10,Night,1541.4121196537944,122.36007424678743,54.50744671560299,8.91404543935575,2026-03-14,42.43459047355675,28.63433770053222
B-01925,M-09,Polyester,Op-11,Morning,885.4789067806717,110.43701155935221,12.763472061350187,1.1432739897226052,2025-12-20,31.107976777226078,20.166994750275393
B-01926,M-10,Cotton,Op-01,Night,859.2330718551948,144.24430283645984,27.34294594712787,14.815152318518555,2026-04-22,45.30030526044716,22.54841566718798
B-01927,M-08,Polyester,Op-05,Night,1786.9361830962625,235.61207535753505,69.91241233043684,5.145149247896304,2026-01-02,58.08080798957275,34.297119484008185
B-01928,M-09,Silk,Op-11,Night,1499.8076829465333,274.1620849551236,53.48735916701793,13.18147641681746,2026-03-14,58.946827970350164,28.597127382224244
B-01929,M-06,Cotton,Op-13,Morning,1727.3180020556947,101.13042096823695,77.52408639343447,14.887958126207916,2025-12-13,39.14468861645996,29.404979713199523
B-01930,M-01,Silk,Op-10,Night,837.5605985662991,195.35904478007666,20.558016982306434,2.8561505225365087,2026-07-11,49.753816269409626,23.54270909586005
B-01931,M-03,Silk,Op-15,Night,1060.196325189083,298.63415791966656,12.796377947503927,14.927382410252811,2025-08-18,35.73931393303062,34.519375586566944
B-01932,M-05,Wool,Op-15,Morning,545.288023005783,121.06677884899287,8.979199759210267,14.516799198111077,2026-04-16,77.04317739473487,23.878556405613608
B-01933,M-04,Polyester,Op-04,Night,860.8026297739204,203.10939881502844,19.26659358880535,8.975864848495739,2026-05-08,41.079671521972365,35.13245576179891
B-01934,M-10,Polyester,Op-14,Morning,1883.1969882941155,231.3445412913461,40.713333276445226,7.108916720250564,2025-12-08,69.49560008514227,36.3582925209333
B-01935,M-08,Wool,Op-16,Morning,1009.5718157541265,287.1910307457207,42.450875509106986,3.306374537085807,2026-08-23,32.10752084814671,29.081106452190983
B-01936,M-05,Denim,Op-11,Night,1657.5021594661187,283.9061257825665,68.18271806303736,8.464809301166564,2026-05-11,35.003233578326665,31.773779486720322
B-01937,M-10,Cotton,Op-12,Evening,639.9921804047397,134.53148021951796,23.568692921073662,1.1720692561793926,2025-09-10,59.682628972340524,37.73468783891809
B-01938,M-07,Polyester,Op-19,Evening,1973.0601313864731,112.6067304999523,96.56365836491386,13.642015192120947,2025-10-30,70.70341436933404,26.2848304099901
B-01939,M-05,Denim,Op-14,Evening,931.9066222571225,277.8609447656437,13.792320504852881,13.33048007903865,2026-03-06,67.88288083014862,31.26940947625704
B-01940,M-10,Wool,Op-11,Evening,1297.9576017447475,171.3592511309869,13.749532899981258,12.091038464174925,2026-05-03,67.90646032484224,38.2122501474521
B-01941,M-02,Wool,Op-20,Evening,1713.6548252345692,287.69241062493376,18.56541008353122,12.0502062875141,2025-09-22,36.50972299351834,21.625582096817755
B-01942,M-09,Silk,Op-20,Night,1443.1178387421064,225.93453037197747,50.47592844242257,14.816791999054972,2025-10-17,49.90215870520478,26.638125697949935
B-01943,M-08,Silk,Op-19,Evening,1738.413008761391,287.35478990460035,76.92820564589064,12.24373832650654,2025-08-06,51.33369903079024,32.69828470624128
B-01944,M-08,Wool,Op-15,Night,1235.9145324676092,143.33732874107852,17.85141152185004,3.3761281564702212,2025-11-25,30.007887228902838,34.36475989962568
B-01945,M-09,Polyester,Op-20,Evening,865.7586495439107,159.57526630455868,10.584372517953161,8.845318041914757,2026-07-17,49.89786386478846,33.49347984046324
B-01946,M-06,Cotton,Op-09,Morning,685.9087913966591,199.84230070665336,31.434354177255177,5.717507029855618,2026-01-22,44.790668137567984,21.340561580750453
B-01947,M-04,Cotton,Op-07,Night,1537.727879187576,124.32363136392988,41.05463234615404,1.9106434083199686,2025-12-13,78.74362667156215,33.6234510087901
B-01948,M-08,Wool,Op-03,Evening,1552.5965611336774,251.26635729603183,16.210852239808258,11.919470833442912,2026-03-08,53.89386528265288,28.59765516249696
B-01949,M-10,Polyester,Op-04,Evening,1889.835672712757,220.66157567778862,93.67417755519187,3.8441551206595532,2025-12-31,75.98017097107183,38.29863803540593
B-01950,M-04,Silk,Op-03,Night,1811.0848447084682,299.55687756401295,34.840951831732696,4.425606633725816,2025-09-25,72.1124792599617,36.46056617591529
B-01951,M-06,Polyester,Op-05,Night,647.6563235014862,295.88410273551995,6.583482347937899,5.144343721288545,2026-02-06,,37.41783580935612
B-01952,M-09,Polyester,Op-19,Evening,531.5372108294033,193.17426173927367,6.962835494523086,4.34200557509089,2026-03-23,64.4920641717982,31.311286511359086
B-01953,M-09,Silk,Op-18,Morning,743.9424444735756,177.60985401168284,165.63985307299893,3.5984568953760645,2025-12-13,69.61111736219644,28.3214047110656
B-01954,M-04,Denim,Op-03,Evening,636.2572715921212,125.78746108396344,27.39107225579016,4.354537648394874,2025-09-05,72.97638526237449,38.49225064665944
B-01955,M-04,Silk,Op-17,Night,0.0,154.48928822176634,0.0,8.688179671063349,2025-10-25,66.09265802665561,39.867455763203495
B-01956,M-06,Wool,Op-11,Evening,573.9379985357067,238.8711777990542,27.64121683286103,12.651160969054677,2026-07-12,72.31743899332116,33.56927098154321
B-01957,M-07,Polyester,Op-19,Evening,1266.5071453168803,282.7629596672425,22.60541242237614,14.549369917881322,2025-11-10,72.35787285015539,26.195171265172412
B-01958,M-10,Cotton,Op-05,Night,1322.1800974727275,190.6029500760377,52.982345044472865,13.288616790698262,2026-04-27,35.00158355335768,25.154801226230372
B-01959,M-07,Denim,Op-01,Evening,642.4799674659682,164.15288280434004,28.541645473097585,6.420175516755764,2026-04-22,61.1296898281345,23.16265291438729
B-01960,M-07,Cotton,Op-02,Morning,1171.3133531994113,283.4043423761113,11.88860070976709,7.550178790875043,2025-10-12,43.75201294703667,22.836576573753497
B-01961,M-05,Denim,Op-09,Morning,1298.2362274772536,121.43133938538469,345.60118562379927,6.484188690836495,2026-02-17,59.46358806185434,25.513717938054008
B-01962,M-01,Silk,Op-05,Evening,1920.1867584224308,120.0880835723932,94.29133427421624,3.17826454139011,2026-01-25,78.00063286263594,20.755684436244927
B-01963,M-05,Denim,Op-04,Night,506.96672462748313,274.7337311302663,18.33812855552192,5.302552533828493,2025-08-06,76.92944290886483,26.33890577271171
B-01964,M-01,Denim,Op-16,Evening,620.0488546489049,148.4659622907478,16.834361333335515,11.83151085070951,2026-04-16,56.43429268394098,38.559381235740894
B-01965,M-10,Polyester,Op-06,Night,1804.7185487208847,189.7910874956475,82.00090071729255,14.709475901827794,2025-11-26,77.99171906994384,26.582734111121606
B-01966,M-06,Cotton,Op-08,Evening,1771.417061323474,142.13607946551258,30.08191285410967,9.740065610965775,2025-11-25,33.63411577949074,36.73421441166923
B-01967,M-07,Wool,Op-18,Morning,606.2220520786468,180.04381910776223,16.719422634518597,9.076909940395009,2026-07-04,72.74584792798855,39.484850510434725
B-01968,M-05,Polyester,Op-19,Night,590.6703844779054,249.82311580517413,17.776781108878048,8.912425587135125,2025-08-03,52.39456724222316,26.185377575843795
B-01969,M-09,Polyester,Op-08,Morning,0.0,251.40237354947206,0.0,8.614511750896975,2026-02-01,73.8423887077056,30.87087829298884
B-01970,M-01,Wool,Op-04,Evening,810.2615572153419,224.70156199124443,31.646915813983153,6.008034709193986,2026-05-21,72.2202806146033,29.065994772930857
B-01971,M-06,Silk,Op-06,Morning,643.3043114543557,179.20486926046925,13.580515538373124,14.765380110613581,2026-04-15,70.42301447385742,23.198816047338575
B-01972,M-06,Denim,Op-15,Morning,7185.390413787375,230.07311209908914,112.3880565295562,11.597926632855177,2026-08-24,67.47633044039549,30.197481126128057
B-01973,M-05,Cotton,Op-19,Morning,1346.66276248072,290.4602769202213,63.592756824302505,12.101911119495158,2026-06-07,58.935032384612114,32.936113206981936
B-01974,M-10,Silk,Op-04,Night,1142.5141916524408,166.27882778852748,32.620178488440445,14.681381910006285,2026-06-15,73.17215667551667,26.46087169237205
B-01975,M-03,Denim,Op-09,Night,1122.6171935116986,129.8191357342868,19.729154210830202,14.409470533385626,2026-01-31,50.21562156098794,37.50658165275816
B-01976,M-05,Cotton,Op-09,Night,1321.8062159558297,104.79227702485396,15.952661521776792,11.69908677379232,2025-10-01,59.04569491231392,32.51179166939505
B-01977,M-05,Denim,Op-17,Evening,816.557495312923,114.86617447071603,28.159795956844533,5.044800421253365,2026-07-08,61.37195038410755,31.323719686347502
B-01978,M-03,Cotton,Op-05,Morning,1323.8769070668413,154.60575913517187,45.884480528913734,4.423104962821953,2026-08-11,36.85298417682906,36.981417498069845
B-01979,M-10,Silk,Op-07,Evening,779.7665187560897,135.4418759642479,147.6069438769067,13.222498421365913,2025-11-22,67.13654318816597,33.18798159810743
B-01980,M-04,Polyester,Op-11,Night,1969.1761446692356,259.44791500456006,79.47058899226711,5.224909123907871,2026-08-21,,36.951295925569895
B-01981,M-08,Polyester,Op-06,Morning,945.6208248169976,185.31057084832793,19.57479957614159,3.603348235474373,2026-07-03,35.55262221890547,34.45524065679393
B-01982,M-07,Denim,Op-05,Morning,1730.0890486193805,299.1217423028852,72.80647649304392,2.0726773950150816,2026-06-27,,29.460702501674007
B-01983,M-02,Denim,Op-04,Night,1683.4263448118502,251.9994316661937,82.41655291486445,5.8859290942267535,2026-06-03,52.69266278425262,31.899367146829405
B-01984,M-07,Cotton,Op-05,Morning,991.3209064077394,284.62877754337154,28.29275389765467,4.770996854526918,2025-08-04,79.45372327368523,33.405273736551834
B-01985,M-07,Cotton,Op-05,Evening,1420.0856420954074,154.50623380804137,33.94980234984637,4.838434005160533,2026-05-27,35.67772719217469,22.281005954107975
B-01986,M-01,Wool,Op-09,Evening,1644.2832168445575,221.5942335196325,79.63958011719399,2.436183844634291,2025-08-13,72.61182624879555,32.02735253980133
B-01987,M-03,Denim,Op-12,Evening,1505.2782011168115,135.0349727408362,15.950545835373143,7.632967072309512,2026-07-10,62.424879877360205,20.565294020999552
B-01988,M-09,Cotton,Op-05,Evening,694.1045008978518,150.33288700909415,25.637210046218918,7.013687729289457,2026-03-04,54.37202368798942,22.760552178757937
B-01989,M-10,Cotton,Op-11,Night,1394.2070925448022,158.89281976823204,22.528956224055246,1.1912383680940881,2025-11-03,33.88239576766453,27.833895510216788
B-01990,M-05,Wool,Op-18,Evening,1065.2294092219563,225.63652090207103,36.815657722911794,8.66132399030997,2026-04-19,41.55879415686971,26.876449825175047
B-01991,M-08,Denim,Op-02,Morning,1791.2825420651732,250.64268774777545,80.92422042331272,8.747600375667808,2025-12-14,48.11464991582431,27.30102555083611
B-01992,M-09,Cotton,Op-19,Morning,558.8653640608196,297.5965288840522,6.438080647761737,10.301255751921872,2025-11-08,,33.622753981447815
B-01993,M-07,Wool,Op-17,Morning,1408.2939123369083,196.9556120180894,45.06475264016274,2.480904696516938,2026-02-07,43.896100538467955,37.80628912427302
B-01994,M-09,Silk,Op-17,Evening,1120.124862760863,114.53643116816218,34.063563690404614,10.997701383632279,2026-04-11,65.14254116980163,32.28087213945127
B-01995,M-06,Silk,Op-14,Morning,1150.676603311059,218.65421859759846,250.21690300575224,4.267536324197694,2026-06-13,77.06295320888239,31.775890583604593
B-01996,M-03,Cotton,Op-12,Evening,5652.267435886804,132.3232121460595,176.26861704546087,5.099698714443646,2026-08-27,63.97540113682777,26.309784129644477
B-01997,M-05,Denim,Op-15,Morning,602.5275722758494,102.51852253349895,146.1327398453212,13.57512926365027,2025-10-28,59.06696084661493,27.036537941736228
B-01998,M-02,Silk,Op-04,Evening,1263.5032753051073,298.31955510599704,35.017766153084,14.76502381315244,2026-08-26,,32.70049132283219
B-01999,M-04,Polyester,Op-16,Morning,1236.7114537019932,236.49581324737238,15.996158198894008,2.422043619295339,2026-01-06,46.41760369053591,21.50544482007208
B-02000,M-10,Cotton,Op-13,Morning,793.7588628413506,197.05065091864537,10.552325266865102,11.98684049627905,2025-11-23,54.27479455829363,26.709532211217393
B-02001,M-09,Denim,Op-16,Evening,1325.4432847746943,154.25371729663536,24.500840258392934,9.609078490840064,2026-02-10,78.85938695662091,22.226286429551003
B-02002,M-04,Polyester,Op-14,Morning,1209.641807149062,293.72276306918593,60.09686655880809,11.805336867779939,2026-07-09,74.9114596581415,26.674296969515858
B-02003,M-02,Wool,Op-18,Night,654.249224096236,110.59458120922017,9.510884478550338,12.978436778756393,2026-02-19,76.36324351034932,21.811707150922036
B-02004,M-01,Polyester,Op-09,Night,549.7612366336607,120.90151252854483,22.618343330094675,3.9318774352039325,2026-08-21,78.50383094550006,33.35720444479361
B-02005,M-07,Wool,Op-20,Night,1664.2091055372832,207.01474995584294,53.994273144228345,12.16484568798224,2026-04-21,59.79037661949848,26.29092195206715
B-02006,M-02,Cotton,Op-18,Morning,1300.2628792017701,264.69061075186414,18.191354026755356,14.744181043343227,2026-04-13,50.55212827104653,35.267813568827194
B-02007,M-09,Polyester,Op-05,Night,1665.2470541724329,174.28338239864644,24.595710159369563,1.5514622804556133,2026-05-06,48.16230892810886,32.2128550184329
B-02008,M-03,Cotton,Op-17,Evening,1886.0517386453819,115.53448265456771,48.33953229337474,14.020094077664327,2025-12-14,65.35687589678432,26.594243508284073
B-02009,M-06,Polyester,Op-14,Evening,60.696143524985885,220.29422017624148,29.350909223984466,10.403000900369232,2026-06-07,49.458230825674,29.75626963615198
B-02010,M-02,Wool,Op-05,Night,937.7347813609509,253.02230208796996,9.806180555992698,11.696176759320089,2025-09-02,44.62227304986979,21.62780633265966
B-02011,M-06,Silk,Op-19,Morning,1141.1757998637281,182.06751886715418,52.09373680788481,14.837458300958081,2026-04-03,53.490103784883985,25.128367391508412
B-02012,M-01,Silk,Op-14,Evening,1236.6019244803679,219.83512704211557,41.525358947318466,2.3393619459949777,2026-08-15,49.14582036648871,38.88447348947574
B-02013,M-03,Polyester,Op-05,Night,1016.7527827136926,225.1334361263186,49.1575834321924,13.745755254093625,2025-08-16,43.69953002362951,30.102334369413487
B-02014,M-09,Silk,Op-01,Evening,758.594214947679,243.9327851193423,17.110225226124232,9.602734114841752,2025-08-16,63.98375655703174,27.024392613351395
B-02015,M-05,Silk,Op-13,Night,1526.3145058825557,143.10865702090908,74.48764986539526,6.875166428026072,2026-08-04,39.4087323026459,20.166096822466596
B-02016,M-05,Denim,Op-01,Morning,1147.5544679846284,293.86992288396505,47.74166845727671,2.9645292767495652,2025-10-13,59.3683389728743,24.019480655824793
B-02017,M-05,Denim,Op-05,Evening,1675.554483141463,122.52142980786236,82.81485806633071,13.768902340269449,2026-04-29,39.73148236016123,32.259546831787205
B-02018,M-06,Cotton,Op-05,Evening,1823.5948021495458,291.3127857122338,54.743943588059274,5.796382797053672,2025-09-19,35.27878211097317,23.766937465789002
B-02019,M-07,Silk,Op-13,Morning,1689.8445174099832,130.03072883677504,61.639967065453135,10.2362414516506,2026-06-22,46.17888020197559,26.824041447843072
B-02020,M-09,Denim,Op-17,Evening,1200.4991292998302,262.4066586051988,21.323451863882397,3.1828591352795788,2025-10-12,69.49741348835192,21.284704961148417
B-02021,M-01,Cotton,Op-14,Morning,1484.224571754748,270.98513130221426,27.403108041808874,4.537514788350887,2025-12-09,46.359580291445646,30.7424149657348
B-02022,M-05,Polyester,Op-10,Morning,1716.7343923812584,254.72732900115216,40.33155222825562,3.0340839675209423,2026-03-23,53.1914865908316,35.49655533309243
B-02023,M-06,Denim,Op-09,Night,1449.6602340765976,584.4661588184587,533.7327089777199,9.521642647410452,2025-08-15,37.63264900003035,36.611666502289026
B-02024,M-05,Silk,Op-03,Morning,575.2160346077153,179.32175986686894,23.03000245779839,6.180049568050439,2026-07-07,44.24001871247754,38.235086640029536
B-02025,M-04,Cotton,Op-14,Morning,595.8847462879081,242.93748988699082,19.644222561499653,8.382187863803114,2026-03-23,75.04339472007896,26.25891234696717
B-02026,M-02,Wool,Op-17,Evening,1251.132912111479,197.91218124552114,35.09858372039272,7.385475593240977,2025-10-31,40.281473776614064,35.114198449847855
B-02027,M-02,Cotton,Op-02,Morning,1937.7744125039085,152.16168543855525,86.91095799259385,10.558413754778575,2026-07-12,77.03585398195543,33.26916646032185
B-02028,M-03,Polyester,Op-01,Morning,1741.2214396355091,723.1210444857337,532.1376170428339,9.40173515915295,2025-08-30,37.813066990567776,30.710517653911992
B-02029,M-08,Polyester,Op-04,Night,1116.8410439474906,153.7594192333955,20.874089718390334,14.981778745778016,2025-08-19,33.585526044246635,20.8712136114484
B-02030,M-04,Cotton,Op-20,Evening,1956.6086879417294,295.84763366399693,95.64232713985947,10.168988286809903,2025-11-19,74.00533336032024,24.279234616815906
B-02031,M-01,Polyester,Op-10,Evening,714.177275209347,120.22503763633165,17.61638739222173,2.5709615494618205,2026-06-29,58.65639616362823,35.619488014361046
B-02032,M-09,Denim,Op-02,Night,1966.8439816791897,186.8840276236659,85.14277052812405,3.106279710825028,2026-07-05,53.29833740930684,33.580743308448795
B-02033,M-10,Cotton,Op-17,Evening,1188.1524349348892,218.7213652098335,14.212849217846596,4.742825970223947,2026-07-08,62.2958263202757,39.71943887900687
B-02034,M-01,Cotton,Op-03,Morning,1829.7960060577516,212.45650055350455,42.57497997098757,4.529381233872199,2026-01-15,77.7444855004629,29.66708606117798
B-02035,M-09,Denim,Op-17,Night,772.2464424062617,148.8904420513324,14.887936901236108,12.659886582280196,2026-08-26,60.720500465858294,38.26491238976632
B-02036,M-07,Cotton,Op-14,Morning,681.7078607733522,101.217506195118,15.226479310238744,8.110068526623913,2025-11-18,79.91534651909942,33.89930537637278
B-02037,M-10,Wool,Op-13,Evening,1815.2878745392575,256.344453197592,29.02089576134826,1.2158123250715496,2025-12-24,70.84302402705111,26.010535144769918
B-02038,M-07,Wool,Op-04,Morning,839.4962596056118,193.7159608750278,33.99055847048944,6.948150978952154,2026-05-26,44.44436496871134,23.444366444140655
B-02039,M-09,Cotton,Op-01,Morning,1985.1646756023756,255.55831608393808,30.70613608420257,5.143117547401577,2025-09-28,42.24044807060667,24.353317521318765
B-02040,M-03,Polyester,Op-04,Evening,1326.9958245384519,221.08007439066884,28.786961583246438,10.877037249283921,2025-11-01,,33.60426741867336
B-02041,M-05,Denim,Op-16,Morning,995.4665080952698,236.30290708846758,20.7886917310404,5.892266970970796,2026-02-09,40.63115948096565,27.48672307393479
B-02042,M-06,Polyester,Op-03,Evening,0.0,266.0277804553307,0.0,12.943559448198508,2026-07-30,40.987515008343976,21.295443990504033
B-02043,M-01,Polyester,Op-07,Evening,817.2929387951206,178.68709788737203,34.470030830178345,1.8978935313233656,2026-08-04,41.313479237921754,35.858045566592715
B-02044,M-04,Cotton,Op-20,Night,810.6272373315655,167.1827690213379,29.363964913671218,2.87933786731241,2026-05-06,33.70863151424612,39.84343428896819
B-02045,M-02,Denim,Op-20,Morning,1313.1447637974782,253.09970008105992,22.943680171769405,12.761080235628137,2026-08-20,70.33573840223637,20.330788985797533
B-02046,M-06,Wool,Op-13,Night,1482.3579531767466,175.1518695607926,26.76821130005211,14.754757114855497,2026-04-01,63.2702396319127,39.13097817458413
B-02047,M-05,Wool,Op-03,Morning,1795.9355421725345,164.27046116304507,74.91526253113743,14.853907315329295,2026-08-26,37.884433603657364,30.32679637676653
B-02048,M-03,Denim,Op-17,Night,1148.9637209060538,193.61681203752934,13.99620086771153,14.808981137080375,2026-01-22,51.26540751505767,32.081442011981274
B-02049,M-02,Polyester,Op-18,Morning,1763.31512031539,229.6336097959087,18.525940817413183,6.65628144007939,2026-01-10,30.808476997725986,31.833376411870077
B-02050,M-09,Cotton,Op-11,Evening,501.8054208635269,223.21971242987092,6.0958758083594935,3.64623894268376,2026-04-17,39.594377485904765,33.06543131665487
B-02051,M-04,Denim,Op-01,Morning,970.1083422118345,129.8863804284038,19.605160731141492,9.122469177151475,2026-03-29,63.08825773636979,34.42271707198087
B-02052,M-08,Denim,Op-05,Morning,633.874627454876,115.73673138837957,12.848425750650474,6.966121678310133,2026-02-25,77.29222045313576,24.354580684940494
B-02053,M-07,Silk,Op-16,Night,651.3332031587884,221.11405477878606,19.18634392065667,10.518220235260449,2025-10-03,62.146560408038,37.22260486089563
B-02054,M-04,Wool,Op-01,Morning,701.6855611505966,157.88102614088254,26.185906466444468,10.274019627898925,2026-01-13,60.65609868707799,30.62006259485925
B-02055,M-07,Cotton,Op-06,Night,1456.0862755599492,276.2649778929904,54.060556905356144,9.204229284696153,2026-05-31,68.93006793502782,24.974143119329355
B-02056,M-03,Wool,Op-17,Evening,1853.2911775740135,177.14646557996664,61.641080572230976,11.907458622741053,2026-08-04,66.23946505977176,21.19052393743645
B-02057,M-03,Denim,Op-03,Night,695.2840238012036,293.4638344461182,23.48596719354238,12.359705037809187,2026-05-14,35.486190062356,22.435039952953566
B-02058,M-06,Wool,Op-05,Morning,1017.333761259775,106.98117181462186,42.80616516798547,8.582981109662743,2025-11-30,49.39225498429235,22.021529847434852
B-02059,M-05,Wool,Op-17,Evening,1872.615147918209,251.318786802826,34.34582470807744,12.513912340227883,2025-10-29,40.824528363305866,25.27145901837202
B-02060,M-06,Cotton,Op-17,Night,1647.595147048346,289.5834157868994,42.024214305120324,11.035720894274636,2025-07-28,74.0733382439778,32.77398189766345
B-02061,M-08,Denim,Op-09,Morning,1138.6424223954577,115.06428643348096,36.537444334874415,1.4404007334443651,2026-03-20,64.77378020945386,28.768577840223614
B-02062,M-08,Denim,Op-11,Evening,1336.4918714336245,155.47516266666028,57.237957874384406,7.66249515161287,2026-04-19,53.538011083385115,27.768544424557142
B-02063,M-05,Polyester,Op-06,Evening,1176.7460055313938,220.72890490119755,24.476552097862868,13.537281685331564,2026-05-12,73.31168114294613,37.8084440755833
B-02064,M-03,Polyester,Op-16,Morning,552.4737324620943,152.21335997906584,7.3303089853559635,4.901902838689921,2026-07-04,75.46801633624841,32.98485465675941
B-02065,M-08,Cotton,Op-14,Morning,703.0678940166517,131.13522510839508,33.48393329258382,9.825904474364924,2026-07-29,66.77070127535015,37.19287821130792
B-02066,M-07,Wool,Op-18,Morning,802.5568360796626,721.4575691973497,239.18107590547078,4.364520330427629,2026-08-11,47.93807837330689,38.29330214847499
B-02067,M-03,Polyester,Op-01,Morning,543.2868700041868,112.83909719956287,21.121028415255257,8.530922437750402,2025-08-10,65.93945174100128,24.306610550574632
B-02068,M-05,Polyester,Op-13,Evening,1715.9986602252686,182.37949567242225,69.60070312418846,11.449869259817469,2025-12-17,50.201497516423,33.5670125891004
B-02069,M-01,Polyester,Op-03,Evening,1987.8899274621663,169.07933241271922,75.01461693133837,6.7545709280445605,2026-05-20,38.28100297050857,24.08146116803614
B-02070,M-04,Polyester,Op-06,Evening,1875.568385231714,178.9209903322481,40.561066608911936,3.5178222556975776,2026-01-05,44.2549749691497,29.10103409616277
B-02071,M-03,Wool,Op-09,Evening,8016.457553060087,247.19689775141592,166.8900105618618,1.1098288973687247,2026-01-18,56.96152636682416,35.87533614059508
B-02072,M-06,Silk,Op-02,Morning,1482.537044607635,189.16992683974354,33.87627826039536,5.852091830260909,2026-03-01,71.79620365139067,35.168919139997286
B-02073,M-10,Polyester,Op-05,Evening,654.5287916633091,114.36150908909384,15.366421530597366,2.3198636905851044,2025-09-03,59.14346805960214,21.033243516579795
B-02074,M-07,Polyester,Op-12,Night,1629.799552871344,158.8696333030756,63.81135805822843,11.686313080521817,2026-08-03,67.27335191035277,24.916542652664326
B-02075,M-08,Denim,Op-11,Morning,1621.6649574081512,179.49078513340538,57.70641122036074,3.945886772381255,2026-01-07,56.063540344593456,38.42795176000393
B-02076,M-10,Silk,Op-01,Evening,759.3837464408919,236.551384946704,29.891289346143548,6.980842381945684,2025-08-22,,31.830575947107462
B-02077,M-06,Denim,Op-01,Morning,1272.4210272716673,262.79679491466175,55.271379330834066,11.11017811043279,2026-08-05,60.75366700092553,23.01585631664703
B-02078,M-01,Polyester,Op-06,Morning,1903.858377979724,127.39302476185897,73.99380891203752,7.835375812068028,2026-02-18,42.94443709852523,35.0904661485113
B-02079,M-10,Cotton,Op-19,Morning,711.327680855598,547.471778802264,166.11126819174322,3.533622895692032,2026-05-31,69.86295128240538,29.1396071925601
B-02080,M-06,Cotton,Op-02,Morning,1492.8358320513505,210.08607758942412,59.341260195273925,2.7091959031172577,2026-02-17,35.63489302191626,21.446211495455827
B-02081,M-04,Silk,Op-10,Evening,1567.823127843934,111.68619817091503,399.3793436844866,8.84378105835762,2025-08-25,34.2338077621345,38.07491541217883
B-02082,M-05,Polyester,Op-20,Morning,1889.283382159175,262.2906060827381,35.35220377512889,12.599540062978692,2025-08-06,58.48539252849666,26.121183964323517
B-02083,M-07,Polyester,Op-01,Night,990.8000330583938,225.69908601781242,19.144242143481975,3.417191501653585,2026-08-14,42.93201183186608,29.36121725590929
B-02084,M-05,Silk,Op-03,Morning,1382.9655045740924,284.635205691266,40.82226010700373,11.47325111984377,2025-11-04,63.321330707445654,31.654429519675574
B-02085,M-10,Polyester,Op-02,Morning,779.8457894519895,278.94209108537314,13.276579294940753,4.479504028179709,2026-06-15,34.56544387890804,35.000303584573906
B-02086,M-03,Cotton,Op-01,Evening,1057.843999311764,105.65698565819595,38.36406483990972,2.9189511955662732,2026-05-26,38.660181537995605,21.08820255500356
B-02087,M-02,Wool,Op-05,Morning,1755.511693704676,174.6630812731882,28.139939094650614,13.24407067405481,2026-02-06,40.667328728006325,26.50780847122479
B-02088,M-07,Silk,Op-16,Evening,1430.8387931284979,183.97391817406137,50.22990231282438,9.585966855786582,2026-06-11,68.08374526970917,30.91406032065897
B-02089,M-01,Wool,Op-14,Morning,6880.736550052451,159.81286192176862,146.7838013124715,6.028295140875343,2026-01-10,65.88516808546684,32.226110341107734
B-02090,M-05,Silk,Op-05,Evening,1129.084756952584,135.65496166440815,42.0047092038758,13.942021284979672,2026-07-27,68.1159380846988,29.627116642157045
B-02091,M-06,Cotton,Op-09,Morning,1845.9240082032827,127.23482847231423,21.136191358449434,4.505222709897687,2025-08-24,57.13506236283225,35.980207427047176
B-02092,M-08,Denim,Op-19,Evening,1976.0272252945408,190.98132057647945,82.32713604808767,6.029235968704122,2025-10-05,44.6362218919886,23.487134153017433
B-02093,M-03,Cotton,Op-17,Night,1933.1212471191448,182.72895096907962,71.45018559052191,14.333889726548387,2026-04-29,71.18988077175172,29.621022549526366
B-02094,M-10,Polyester,Op-01,Evening,1152.4762687556945,211.7446816425105,49.19160312285304,1.8126487182590534,2025-07-28,64.81317376502665,21.056492889682733
B-02095,M-04,Polyester,Op-06,Night,1737.4203941908363,147.41545751124292,37.34436843214677,5.531278934501204,2025-10-30,54.06551892791467,31.933258138649627
B-02096,M-08,Wool,Op-10,Evening,1388.7296069478875,159.55741464585978,57.896176207197506,1.7768700949948495,2026-04-09,30.12637749159545,22.02302115836857
B-02097,M-04,Wool,Op-06,Evening,1942.1469685750058,683.3642993596491,750.934492142702,8.177575348299198,2025-09-03,37.342408453671304,31.020627053603143
B-02098,M-07,Denim,Op-05,Night,793.5478089545594,252.9127436114204,19.123722665087918,1.3290339194565366,2025-11-01,48.77486206608105,22.214970156610182
B-02099,M-06,Cotton,Op-19,Evening,70.02976870526362,174.66099802457748,30.705856834102665,6.845319285505425,2026-06-02,45.02955613904592,33.132438989462585
B-02100,M-07,Polyester,Op-10,Evening,906.084137293975,270.8001646992738,25.36047258014357,9.00295612578207,2026-05-31,52.75055161534786,22.992734430178533
B-02101,M-03,Polyester,Op-08,Evening,917.73800503608,288.6326255706698,17.439163931535038,13.376981531820238,2026-07-14,34.1951270914099,30.333069785224858
B-02102,M-07,Polyester,Op-15,Morning,1116.1656342864358,275.3695996502913,271.98467715433327,8.385203278439628,2026-06-20,46.71076466853799,24.15776708209994
B-02103,M-10,Silk,Op-14,Morning,76.07110211741619,143.4968707725956,42.280143683083,5.6794492381998385,2026-05-25,77.99217133692594,30.401798752116687
B-02104,M-02,Wool,Op-08,Morning,1010.1634047543032,135.74122418652178,45.739697553117374,9.18910565674667,2026-02-19,63.26020517405336,34.25436005917099
B-02105,M-10,Polyester,Op-13,Morning,1056.7611810336696,115.07097924577836,36.91298549074798,14.416880170833192,2025-09-06,,28.700238548749503
B-02106,M-07,Silk,Op-13,Morning,1499.4579846924385,209.30274174024072,48.161126158677604,3.8736054163077815,2025-09-11,67.75715250580707,36.075039486081636
B-02107,M-04,Wool,Op-12,Morning,1232.8417408772623,122.78763662559706,59.35671657694826,2.175323260996974,2026-08-20,46.97824227817644,26.216923110347864
B-02108,M-03,Polyester,Op-04,Morning,1675.4341136651447,231.98485905181198,41.88858033042918,8.24707324624647,2026-05-18,38.36837653633257,39.56913344368568
B-02109,M-07,Silk,Op-05,Morning,660.3884036708672,198.75977914314922,30.015861318975045,13.235972162583165,2025-08-26,74.36455008886648,20.219318321128945
B-02110,M-03,Denim,Op-16,Night,907.2263262497877,107.79447279368462,29.917920354731372,12.869063785080241,2026-02-10,73.19333779941041,31.924621596847
B-02111,M-04,Silk,Op-20,Evening,1719.680408932129,257.26191054205594,288.01498372701195,13.461476628197858,2026-05-27,57.63737237983517,39.35294185465617
B-02112,M-06,Cotton,Op-17,Night,1774.315639331183,199.9644515497178,21.71517893386639,6.425928736197649,2026-01-14,,32.2614461976543
B-02113,M-03,Cotton,Op-06,Evening,1259.6916781506197,274.1781140053333,34.19124878311135,3.988461225945563,2025-11-14,51.319494738471256,38.78961775429751
B-02114,M-06,Denim,Op-11,Morning,1037.5514484985974,745.2442805270421,318.2628187556156,8.272338731245789,2025-12-14,61.59956720657344,36.01385601833462
B-02115,M-05,Wool,Op-12,Night,1007.7207655519665,231.59016562388283,16.92498769596909,11.04811156640888,2026-05-04,57.90244878147438,21.13229946269447
B-02116,M-04,Wool,Op-14,Night,65.50109231080512,156.52512119029862,33.11617099870929,10.427891203456188,2025-08-31,30.91743308368163,35.1136355409904
B-02117,M-06,Silk,Op-16,Night,823.8884014084363,276.89426271510547,28.534349681758677,2.1951629105719137,2026-04-12,52.21911811505325,36.9884453890978
B-02118,M-01,Wool,Op-08,Evening,938.4942737639501,184.15204155529216,22.239791930270243,10.893721324795205,2025-11-27,78.66303716819496,37.86277436758867
B-02119,M-02,Silk,Op-08,Evening,1997.2968189317862,100.70093270621166,24.827938847582818,1.3868165813178113,2025-12-12,71.1920257585597,23.98925373666104
B-02120,M-09,Denim,Op-12,Evening,855.7221098547534,185.22003079617204,25.783607085594703,11.227927786067667,2026-04-18,61.216776327560275,24.752424351208408
B-02121,M-02,Silk,Op-10,Night,1889.3211580978532,263.00155539675154,23.612687139811687,5.524656987645107,2026-07-14,79.11322806778482,34.17240800870262
B-02122,M-08,Polyester,Op-19,Morning,552.741069932958,133.681589802006,7.589358643762748,11.189982152702054,2026-08-22,39.18694629212139,30.22973538417667
B-02123,M-01,Silk,Op-08,Evening,1881.3292367452927,168.7921227167135,53.74093626662189,13.71384879184883,2026-01-29,77.24378209552722,20.122572946273614
B-02124,M-07,Wool,Op-17,Morning,536.9840835603393,281.73855326058117,7.7385147504683856,8.25770562628406,2026-05-11,,21.498880253969936
B-02125,M-02,Wool,Op-05,Morning,1075.2635367391085,288.0468385745779,12.611279983939582,10.700728121953132,2025-08-16,73.38094330945663,27.329132926799595
B-02126,M-10,Cotton,Op-17,Evening,1961.476455806621,103.43459813247391,73.68539193312584,14.267123143135246,2025-12-10,48.43387119245723,20.20180810043763
B-02127,M-01,Denim,Op-16,Morning,1970.8104560470313,293.12514456751853,69.94838518503752,3.253118156833858,2025-11-07,39.06239030330775,31.310778292393202
B-02128,M-09,Denim,Op-13,Morning,1609.1268704987983,136.2100720944295,50.85263887694456,14.426099214702083,2025-08-13,61.93696281446189,36.9409383774111
B-02129,M-10,Polyester,Op-05,Morning,1121.4152713848239,295.4365813189992,41.50827240696472,9.149699191477705,2025-09-06,73.34367913995894,39.0658479273258
B-02130,M-07,Denim,Op-01,Evening,1323.4080177780124,100.70217018213012,26.7200734644578,1.5602749703460839,2026-02-08,40.04256080255582,23.720168637119905
B-02131,M-01,Denim,Op-07,Night,957.4019565464912,172.01309871014564,35.3834489313113,6.887527660964271,2025-11-03,34.94331692280073,20.84723863905564
B-02132,M-03,Denim,Op-04,Night,1306.0022372646167,188.8288404440239,46.552160601117336,9.882159176356932,2026-06-10,71.38397036017702,28.553858182324092
B-02133,M-08,Cotton,Op-18,Evening,1930.3583357527382,267.92489917231217,62.58393023699035,6.964011347033733,2026-03-23,62.23584189073715,23.541418438318797
B-02134,M-09,Polyester,Op-03,Night,1971.9924367076642,203.66302304050447,65.40862551340827,13.986936188662062,2025-07-29,50.36674602516304,39.976896543692625
B-02135,M-06,Wool,Op-20,Evening,563.4034913539018,217.35095933827762,24.132899623713477,4.844017739514353,2026-01-09,,20.649626440717896
B-02136,M-01,Silk,Op-09,Night,913.5944554711339,259.3097108092997,22.35183120607241,5.035046161382137,2025-11-29,39.716317693688715,39.47871148208855
B-02137,M-04,Cotton,Op-05,Night,1402.0643171647407,221.9962985628943,36.663028720337344,8.846628750429025,2025-09-14,75.73478717606073,33.48882142733737
B-02138,M-01,Denim,Op-13,Night,1793.570576786411,136.21257982319287,76.54732876524508,8.619314606545844,2026-04-11,77.52751859718782,32.50795259760825
B-02139,M-01,Cotton,Op-13,Night,1480.3410883177894,267.87417270757805,43.46226664649851,14.222830317833411,2026-04-20,43.64608637663684,23.393221625134377
B-02140,M-06,Cotton,Op-07,Evening,1552.7936402363239,145.43825063644323,75.70548097828217,1.057420306022339,2025-07-27,,26.858702316734107
B-02141,M-08,Cotton,Op-07,Morning,1542.45119090877,180.26508878824478,441.15855649961236,3.696065362855765,2025-12-08,47.804483687737346,23.39678866602496
B-02142,M-07,Polyester,Op-17,Morning,1996.4755075632104,132.82288791915806,36.321579204251954,1.7633158242959162,2025-10-24,46.48655535731062,29.233183615228306
B-02143,M-06,Cotton,Op-01,Evening,952.1373676978377,140.17414713833153,24.26875732357804,11.839647958054318,2026-06-13,65.62889716236305,32.69903031521963
B-02144,M-05,Cotton,Op-03,Evening,1863.561411971354,293.906508307004,57.81744214836646,3.430950376755768,2025-11-24,,24.46025282823756
B-02145,M-02,Polyester,Op-16,Evening,636.8758539233679,187.28967976462258,20.18758397733651,9.145077706887943,2026-02-08,56.103678556866655,26.61817166156052
B-02146,M-01,Polyester,Op-14,Morning,1938.2014313882717,141.2034808582752,62.164184476706744,10.16763901751605,2025-09-17,32.16983470780259,21.328328089628698
B-02147,M-03,Silk,Op-11,Night,8341.297186040872,104.46935768537146,118.24763310992293,3.4011819670723105,2025-09-13,58.24245854997872,34.066819090378644
B-02148,M-03,Silk,Op-06,Night,1420.1861399468858,182.39193597915977,14.445097124806592,10.153193130670635,2026-02-17,79.75263762396236,38.756339304651235
B-02149,M-06,Polyester,Op-01,Morning,1828.1581465434585,113.2981590349533,24.982746718499698,14.34265220623783,2025-11-18,44.091283954984235,27.64069660822542
B-02150,M-07,Denim,Op-01,Morning,668.4091374933644,245.34811304586393,27.056392966222543,14.220651300476083,2025-08-06,60.53742474771548,34.31700031053622
B-02151,M-06,Polyester,Op-14,Evening,894.2214118294125,109.04592618404298,11.171247881313322,1.0262184148683602,2025-12-14,47.532464147700935,24.829284563984324
B-02152,M-01,Polyester,Op-13,Night,769.2924387405001,124.89977965358956,25.94380145299503,13.808297328643185,2026-04-10,37.01336067295845,30.752969279753586
B-02153,M-08,Polyester,Op-17,Evening,1315.2341865629505,119.81128684319759,23.07441234393487,5.4631770645077165,2026-04-08,32.56351662315766,27.91339828192632
B-02154,M-07,Denim,Op-15,Night,1342.4487999265698,238.5616787698201,58.621612158861524,8.44967804286589,2025-07-26,51.711834830569785,27.746668417133847
B-02155,M-08,Polyester,Op-05,Night,829.0520975979051,246.84366790577377,23.8946572165091,11.604752546361667,2026-08-02,50.96000036353672,25.946011984512786
B-02156,M-03,Cotton,Op-13,Evening,639.8208888390477,109.186006445818,28.13002318016681,2.562444792326485,2026-02-05,39.357251573111306,30.08353640676086
B-02157,M-07,Wool,Op-19,Night,853.4634979995305,287.0324021493556,20.955090659157086,14.368710725090049,2025-09-25,77.94523024226027,36.75125469352648
B-02158,M-06,Wool,Op-16,Evening,609.0258665039346,213.76374635329898,18.46949642296332,8.821540215121273,2025-11-16,72.49878835547977,39.91982101892211
B-02159,M-05,Cotton,Op-08,Evening,1017.8060465596764,137.1803423112534,43.763155377512554,1.0671975474431903,2025-12-02,55.45568462444396,31.110373334051914
B-02160,M-06,Polyester,Op-20,Night,1256.865451839201,283.29366973321135,55.5703517938645,9.793168672000096,2025-08-11,72.01681191105416,22.966034696154942
B-02161,M-02,Silk,Op-10,Morning,1512.7157816657727,134.0466064876661,43.11451414846964,3.656689814044152,2025-09-27,76.32503095221107,20.644307209007458
B-02162,M-02,Silk,Op-08,Morning,970.2129349011523,233.0154879996856,47.808902770321694,12.754811425965887,2026-04-04,48.018906077828476,28.53804174645674
B-02163,M-08,Silk,Op-05,Night,1675.874764518804,279.4408261863583,278.88996276817477,7.142671089122816,2025-11-22,41.70381019920576,28.237269307729033
B-02164,M-05,Polyester,Op-05,Evening,905.7036584247633,109.32718009231807,33.52275613823019,7.052868336733842,2026-08-22,71.37228679898067,20.493273765960215
B-02165,M-04,Cotton,Op-19,Evening,1898.7438117706095,147.38557230223645,36.83025217644005,10.710887770187075,2026-01-21,78.75509505501002,39.24556120304926
B-02166,M-03,Wool,Op-18,Morning,650.4965798181031,129.6565075791832,15.249679469265358,10.82849935874999,2025-09-29,66.28794377266378,33.48473123256398
B-02167,M-04,Cotton,Op-15,Night,754.6654096371832,216.15221839045063,17.769040652770805,7.771526240610131,2026-01-30,66.44170735611517,28.82720157371243
B-02168,M-05,Cotton,Op-10,Morning,940.2178660385216,142.2940640099493,10.777522298038404,4.72044926661326,2026-03-23,34.74152194220507,26.93714021857779
B-02169,M-10,Silk,Op-13,Morning,779.6207707494902,249.35408892388583,25.920374301459585,5.556565841472717,2026-08-21,63.41185084886719,34.33768351194555
B-02170,M-01,Polyester,Op-14,Morning,1938.0466120480976,104.28797332462266,32.39582062209464,11.34113710823399,2025-08-05,77.9393321970204,37.24543458705878
B-02171,M-10,Wool,Op-03,Night,990.2304593775982,134.49036797529308,31.271738297524102,9.418317093405857,2026-05-18,65.60939909897462,26.341475387261163
B-02172,M-05,Silk,Op-15,Evening,1536.3808551067925,184.26796332220965,53.535209276893134,12.95621742637643,2025-11-19,68.57749676439086,21.293310877011415
B-02173,M-03,Polyester,Op-11,Morning,852.9883264396244,211.50365293345504,18.476199990920552,14.396438196861528,2026-08-25,73.95310022761251,28.090328062302632
B-02174,M-01,Wool,Op-12,Morning,851.6086166123885,206.502973951304,19.547811607319954,2.5994783456127886,2025-12-23,57.46375040641243,20.02667278981584
B-02175,M-07,Polyester,Op-09,Morning,60.67239406630212,294.2437579921564,30.77825058603138,11.181392473979706,2025-10-22,47.48266902311188,21.85690173061241
B-02176,M-02,Silk,Op-15,Evening,1753.0435312683387,223.15851042027708,82.87707422048894,9.87303787363003,2026-04-11,57.05151445314057,38.54531265262818
B-02177,M-01,Denim,Op-16,Morning,1269.0848016103282,161.1518974287009,38.077231325824926,7.434218082312214,2026-08-02,39.32789560978078,32.726886306361784
B-02178,M-05,Cotton,Op-18,Evening,654.9507167199198,139.52955622392307,24.40438064144914,7.714847386793375,2026-08-18,74.37944953594291,31.327814412621947
B-02179,M-09,Cotton,Op-07,Night,1008.5428246158646,214.28227860884687,29.986003984928914,7.263317516932943,2026-02-13,62.956495631158035,21.01151132158021
B-02180,M-09,Wool,Op-13,Night,943.9889377159504,165.23701225558185,28.693207413696925,14.45284404181286,2026-04-07,39.13474063556914,26.224905051571938
B-02181,M-06,Polyester,Op-20,Night,1794.5404222244356,183.3340166412741,46.137647430095605,11.414113932434395,2026-03-07,72.81870491074011,26.20032711643698
B-02182,M-04,Silk,Op-14,Morning,1034.8343355325344,266.5711617235842,33.753957281481036,1.6208560673504162,2026-05-17,45.421054441434,33.5881711519026
B-02183,M-09,Cotton,Op-14,Evening,1154.4340389405415,207.98964544427687,53.158876305698655,3.766184201596456,2026-08-06,51.53583108040052,30.034059683526984
B-02184,M-02,Wool,Op-20,Morning,891.2527442059645,273.56570043298655,10.179955779150434,10.019379611563746,2025-11-24,31.01704155338005,34.49262673798788
B-02185,M-04,Polyester,Op-13,Evening,1996.0716902207196,274.5273375382396,48.39810876044658,5.1628124655606396,2026-07-07,42.87056150983527,27.62882164211218
B-02186,M-04,Polyester,Op-04,Morning,1058.5067275780716,163.6553092238961,234.4301113006284,9.69586769587664,2025-10-27,38.2131831860312,36.91962584892026
B-02187,M-01,Silk,Op-08,Night,1779.0949479178214,149.42901400605865,58.15253263730168,1.2459163798555373,2025-12-30,60.96039625149115,29.158188139294307
B-02188,M-01,Wool,Op-05,Night,1849.0091135276045,293.9851147131887,30.376674381288574,9.882343956578442,2026-05-19,68.20277949262191,21.676168669743284
B-02189,M-04,Wool,Op-09,Evening,1599.8072074294648,186.27309127760037,27.847207043128453,7.24351378566168,2025-12-22,45.430384081771834,32.14712766955488
B-02190,M-10,Denim,Op-01,Evening,1440.3744189708434,134.75977142704795,65.62297678392905,1.8935644859359904,2026-05-01,46.51788443495305,24.622806840196954
B-02191,M-08,Wool,Op-15,Morning,582.43018080294,135.32273851482458,5.993263126434235,8.682074478162692,2026-05-09,54.053359542373684,20.91704036749403
B-02192,M-07,Denim,Op-08,Evening,1982.1019129417248,231.76694007176764,47.16401858468771,6.1156858326217955,2026-08-23,53.521612383162065,25.33100240908574
B-02193,M-01,Wool,Op-18,Night,1473.566700902321,276.56235977347416,21.900539070304866,3.577820323136588,2026-06-27,,36.807230107706374
B-02194,M-04,Cotton,Op-05,Evening,822.4883353825868,107.4350576099292,23.340203750482363,2.9713660693019923,2026-06-19,,38.34606290928101
B-02195,M-10,Denim,Op-20,Evening,616.4987926675303,291.94536760779226,11.593368813709356,13.305892308621102,2026-05-01,67.73412604340706,38.66945583895116
B-02196,M-09,Denim,Op-02,Morning,1754.5539395151295,237.99823927086123,71.89449955028644,13.176629493947637,2026-01-02,69.84557828713149,26.9299012635365
B-02197,M-10,Polyester,Op-02,Evening,893.6844544773355,165.71843260561099,27.547732695789136,2.510680041121666,2026-04-03,76.75383079902343,25.82006726800563
B-02198,M-02,Wool,Op-01,Night,1086.999254699289,291.9856241167003,29.81015007115199,5.690688393138753,2025-11-13,68.92729107113445,37.1083230926236
B-02199,M-05,Silk,Op-13,Evening,1067.2577216793968,249.5491641865256,48.594709324014865,13.780543724287277,2026-06-08,67.74658665361191,24.54252731183731
B-02200,M-06,Denim,Op-13,Morning,1081.3725011552497,215.24588235558684,36.60068724644774,12.640098670097954,2026-04-29,39.41973837002461,35.69020271355106
B-02201,M-08,Cotton,Op-10,Evening,99.52826063783674,134.3940803687086,45.39273323274921,6.889551318572998,2025-10-04,71.64215464334188,20.384634069135203
B-02202,M-02,Silk,Op-17,Evening,1963.31479058593,136.50631020173478,65.27019602271957,6.0553222021026984,2026-08-14,67.64347222517853,33.15556814476357
B-02203,M-02,Denim,Op-16,Morning,1294.8487637075114,268.688088732948,43.81465717602648,4.2892798796674985,2026-03-19,52.12354634967592,23.109045843129145
B-02204,M-02,Polyester,Op-08,Night,875.8166364069803,166.76841286867716,32.78809527982717,7.597510032729394,2026-03-13,31.338529285156394,21.838758718416752
B-02205,M-04,Cotton,Op-11,Night,1143.4549710762608,272.9580443999791,15.721356271140186,10.725408051018793,2025-12-31,30.40504708236612,32.33424661534269
B-02206,M-09,Wool,Op-18,Evening,1671.3997696857414,298.3015376557004,45.970028421861045,8.436783119381161,2026-01-17,64.13897500970651,24.74628321789503
B-02207,M-02,Wool,Op-08,Morning,1784.1429983545754,133.48458954925024,44.66665902924692,4.7174984785926695,2026-03-15,52.27168376430151,34.24497783688028
B-02208,M-06,Denim,Op-02,Morning,1891.5984196745057,118.89141025374383,68.58278609124261,6.191258765627865,2026-04-25,65.44770617142109,24.519735313229848
B-02209,M-01,Cotton,Op-19,Morning,746.3254373410189,111.19605697233727,23.934683133936346,2.6942200344810843,2026-06-05,,38.59969566268269
B-02210,M-10,Denim,Op-07,Night,1694.5186632194736,166.53090018101022,67.61635354992255,9.297221070396253,2026-06-20,54.74760668524958,38.91475918804588
B-02211,M-03,Silk,Op-08,Morning,1595.8139472448686,109.27065388685591,32.38493683103188,8.695375366051675,2026-02-06,53.34957269509074,38.55684533212389
B-02212,M-03,Denim,Op-16,Morning,904.7501799366414,182.2692497763001,29.251533235720242,4.407175987689264,2025-10-13,36.45919589043747,37.14829693301601
B-02213,M-04,Polyester,Op-01,Night,1792.0440784348502,266.2269530807392,83.52730954649493,4.948592967055395,2026-07-10,57.386872216213696,21.664354054801407
B-02214,M-09,Silk,Op-10,Morning,1106.3940725977295,178.7352367778043,27.653314034864163,5.238575188651345,2026-05-11,53.033187235535195,25.03518773090896
B-02215,M-08,Silk,Op-11,Morning,1699.9205728773227,266.85110071703434,20.58082494554507,5.258554686799226,2026-03-12,53.450721527639395,37.47639552560105
B-02216,M-07,Wool,Op-20,Night,55.078607182233064,143.83686913046634,25.854206930520572,10.499549419001262,2026-07-23,59.12758481923001,31.058814963785043
B-02217,M-04,Polyester,Op-05,Morning,1307.3791195171484,262.25777078920794,22.953072446726434,4.030203167763402,2025-07-27,70.14649206871381,27.992769649878717
B-02218,M-08,Polyester,Op-07,Morning,1638.479660665224,118.17978029490956,55.778880993441575,8.206743237056202,2026-01-27,33.19378919309442,27.12835710315575
B-02219,M-08,Cotton,Op-15,Morning,1334.1733122308196,180.93108358093332,64.2140206525953,7.006671915609619,2026-05-13,41.33847766753833,29.11765176848206
B-02220,M-09,Silk,Op-05,Night,1775.6793766756855,129.04657381526877,55.95789498925166,1.416931022492893,2026-04-02,76.67621563583154,30.53499499761495
B-02221,M-08,Silk,Op-01,Night,1671.0769935597834,162.9377947742653,26.987561369288663,7.746705963704031,2025-09-30,78.43314565733688,33.44297373864814
B-02222,M-06,Wool,Op-01,Evening,699.84012197653,140.8529516666011,204.09168355491676,11.733963441890046,2026-06-07,,25.90754007681232
B-02223,M-07,Silk,Op-14,Night,754.570124592366,101.91163722961372,35.325648039064845,4.319842433366522,2026-07-22,41.75143935590668,28.440105016914462
B-02224,M-04,Wool,Op-19,Night,1818.7773766686469,191.3789109964856,21.9842890782887,6.752598669885291,2025-12-22,57.75045432374256,24.869080239435313
B-02225,M-10,Wool,Op-14,Morning,57.397736938698536,137.33979697543455,27.300140935049562,3.7776102094400295,2025-10-30,53.62301644269738,29.832266896806615
B-02226,M-04,Polyester,Op-14,Evening,1525.5960402658086,145.68369136638717,35.15403509056779,6.922202247384677,2026-03-29,57.86725323582334,37.77184989246584
B-02227,M-02,Polyester,Op-18,Night,700.3373987952252,197.85444517952163,7.501597970711183,11.45410242357687,2025-09-01,35.49298785263667,28.493669833939208
B-02228,M-05,Wool,Op-11,Morning,550.3387724708767,196.5906726433331,18.758942191576182,5.174762174113012,2026-04-21,,36.902145980108244
B-02229,M-03,Polyester,Op-07,Night,1180.8994426144855,181.58707421085927,58.96482003280539,7.961436722653886,2025-11-29,32.02194156063307,37.855867128413195
B-02230,M-06,Denim,Op-15,Night,772.230687288048,124.07659295492394,33.914029217056466,3.0100844882803335,2025-12-12,63.051352911718354,33.228816769015495
B-02231,M-04,Denim,Op-17,Night,1627.73958263938,189.93793467386794,47.24683322292648,9.579975061914464,2025-11-21,64.4142335184004,30.254729405704502
B-02232,M-01,Denim,Op-03,Night,1467.6461684639798,211.49490979513075,52.41278595425541,10.015192274702745,2026-05-17,60.64273869816819,34.38393121027309
B-02233,M-10,Wool,Op-09,Evening,1279.613729655901,236.3593622568773,41.457649728674134,7.292747512595993,2026-08-15,42.08356129863005,20.02836440267831
B-02234,M-07,Polyester,Op-18,Morning,1385.9828399129615,294.40979295514285,17.770201312100923,6.060696677319857,2026-08-26,49.70666214141559,24.035991626843803
B-02235,M-09,Cotton,Op-19,Morning,7218.974204898644,149.936212867865,128.49086230417652,9.52466805442053,2026-01-26,64.38865177727408,29.424733745832953
B-02236,M-08,Wool,Op-14,Evening,1844.0232844424336,272.3128568499913,39.57623584561013,3.296559259069782,2026-03-11,31.29805091769605,21.799711126992413
B-02237,M-08,Silk,Op-04,Morning,9706.097643728288,211.703230632165,184.9517666192678,6.225664248409764,2026-04-19,74.43580473063732,29.062726629569994
B-02238,M-07,Wool,Op-05,Evening,1765.5025631291614,202.45694861004262,87.1343255717523,12.05213758341637,2025-09-12,38.9676679632276,31.46445915112487
B-02239,M-05,Silk,Op-09,Morning,81.57367835663752,258.87046584953504,34.02706002502868,7.866697700912941,2025-07-29,31.990284161104366,35.26038795631335
B-02240,M-04,Wool,Op-14,Night,1920.3010962439473,158.34477743607218,91.86737291916556,4.170505683483529,2026-01-21,,22.582728081326685
B-02241,M-08,Cotton,Op-08,Evening,1567.8556136619577,248.33217774361773,22.578453074469696,7.991663859323424,2026-05-20,,29.494555705409667
B-02242,M-07,Cotton,Op-06,Morning,1339.7616433759877,149.3832990217581,358.7878380736993,14.680034659205681,2025-09-06,69.82904700075737,28.259841203857754
B-02243,M-05,Cotton,Op-07,Evening,683.080650621974,137.8667506994141,15.418902980596926,3.961287248419184,2025-09-19,57.84453191365472,35.74113307980733
B-02244,M-10,Denim,Op-05,Evening,627.0047214129341,192.90769270488386,30.026679949982388,11.473543376239098,2026-03-08,41.083192154369414,24.398490960787484
B-02245,M-05,Silk,Op-02,Evening,1931.230590678767,298.09314641231526,45.594441672752275,12.307234422046921,2026-05-15,39.40920845839727,24.239630415985225
B-02246,M-01,Wool,Op-11,Evening,91.3935189753087,291.3055498156018,39.548568336235085,12.04703576034371,2025-10-04,66.20043960807769,23.719264481162636
B-02247,M-09,Cotton,Op-05,Night,1806.7554979414588,154.44950727409426,65.31816149630988,2.1321764416494844,2026-01-18,,33.1364461302842
B-02248,M-04,Cotton,Op-12,Night,642.3980143484271,163.77036178731646,11.895085803190787,14.89940247157754,2025-10-24,63.921333350436846,34.601503332066585
B-02249,M-05,Polyester,Op-02,Morning,618.1731065058715,155.38033794818753,20.393671496033875,4.484577392704687,2026-07-09,41.727205037402655,23.85508643774079
B-02250,M-06,Cotton,Op-10,Morning,992.1552137627326,264.0690030095061,29.037697241677748,3.5752638498633758,2025-12-08,53.231353543427225,20.2731567285216
B-02251,M-09,Wool,Op-05,Night,583.7573313147116,295.5447023745287,19.671348091762322,12.068289801105779,2026-03-17,54.50557383182277,21.731747163587006
B-02252,M-07,Polyester,Op-08,Night,1638.1456260528162,138.14345060094905,68.99817073350421,8.954916771024871,2025-07-31,70.7105449191434,35.364955552926325
B-02253,M-10,Silk,Op-06,Evening,1818.9851373045797,287.53642043189404,68.91332978067217,6.677296172849503,2026-01-24,58.438455126143865,35.813190520912215
B-02254,M-01,Denim,Op-13,Morning,1993.2803423965681,102.73553022092882,37.6753730660782,5.97186501442107,2025-10-29,44.051396313510125,25.246317003310693
B-02255,M-02,Denim,Op-18,Night,1563.6857612228437,116.95189465506436,31.4509610798871,11.382523675206736,2026-06-12,64.67129210081367,25.01608265001793
B-02256,M-10,Wool,Op-19,Morning,1443.2908780167531,252.43422109673557,47.997209422403984,13.270798583223117,2026-01-24,72.60697819272379,39.29765988327706
B-02257,M-10,Wool,Op-19,Morning,1862.9833420105394,261.7026546520822,53.91698563300648,13.52534674039619,2026-06-11,30.581330064268332,39.31805983731622
B-02258,M-07,Silk,Op-09,Night,1697.2744843622643,125.44082386755618,25.340689595498006,6.543175341395637,2025-11-23,43.57303315104954,25.83317541001874
B-02259,M-10,Silk,Op-09,Morning,1708.6457488145104,101.84846291621564,34.463548962273734,5.375076397792835,2025-10-10,38.72052716082075,31.780778812166808
B-02260,M-09,Wool,Op-20,Night,888.4976817921495,197.66762879906375,17.669544320713317,10.13764655077296,2026-08-07,36.06523522825818,23.510229049309924
B-02261,M-10,Cotton,Op-18,Night,1960.6223211769409,179.43049998858407,25.419011520902032,9.38586126883437,2026-03-26,42.0771406357989,29.809190503149757
B-02262,M-04,Wool,Op-09,Night,552.1132188834904,618.6940463590138,179.38805954826503,6.581230025257769,2025-12-08,36.84401598459139,33.752028578414674
B-02263,M-02,Polyester,Op-08,Night,1944.4639135467285,266.30699448937503,59.27533781296757,7.489731126237601,2026-02-04,66.87447422299597,22.56270080501048
B-02264,M-06,Cotton,Op-18,Night,918.5904157699048,132.2327375792322,25.949813428012373,6.967932687563488,2026-07-07,36.55072772168072,33.97970216348971
B-02265,M-02,Wool,Op-05,Morning,1296.7169488469958,129.2751877336314,250.08446026297634,2.9568032553089227,2025-09-29,59.1707717630062,39.70019495658893
B-02266,M-02,Cotton,Op-15,Night,1804.1886748068314,114.45440245104739,40.39077342849571,13.262400099137318,2026-06-21,56.214299168737554,28.16533547852852
B-02267,M-04,Silk,Op-17,Night,945.6757371917629,161.16051648989577,39.67106498257669,13.387243133442741,2026-01-16,66.18976150873928,33.39446015662301
B-02268,M-08,Silk,Op-15,Night,885.6719945062175,223.60856241635116,31.64253148213861,7.440927345411313,2025-10-17,69.12208176000968,26.18512220946571
B-02269,M-08,Cotton,Op-16,Evening,1823.3186177259702,180.43009523898576,67.26042824364328,1.9327092231444603,2026-04-29,55.80254111708964,26.91944975614052
B-02270,M-06,Silk,Op-02,Night,1926.5493871229091,197.1216635993694,38.801181587443146,7.526663222177474,2025-07-30,62.72924000957301,22.069950071871354
B-02271,M-10,Polyester,Op-17,Evening,1878.4689882505977,233.98852267275325,76.22069774879728,1.1882166157678276,2025-08-29,40.23127362795099,33.65674532057798
B-02272,M-02,Silk,Op-03,Evening,1759.7893590110627,158.43536067640898,59.603281623248414,14.034400347885876,2025-12-23,57.64734467889462,33.930780447757854
B-02273,M-06,Cotton,Op-07,Evening,684.1100820119307,292.62293187697594,23.768637542713293,2.720258118518137,2025-11-26,42.744097820559176,36.27255760445961
B-02274,M-02,Cotton,Op-19,Night,1757.2237480645354,203.147237674809,77.7487316662492,6.277905295132888,2026-01-15,76.09227497738925,20.725046350295898
B-02275,M-05,Silk,Op-12,Evening,846.2266777816724,269.7472655507936,24.491142065542896,2.9487525878363985,2025-12-08,59.010948184527024,37.76215838022944
B-02276,M-04,Denim,Op-14,Evening,1619.8500107050893,260.9343235711117,27.415989886450927,11.310918922034908,2026-08-16,76.26648684372992,28.936684610398572
B-02277,M-04,Cotton,Op-12,Night,571.7165955537197,149.29197392750103,6.60752781888777,3.0047650543233893,2025-12-15,57.89743707172403,23.69890674423464
B-02278,M-04,Cotton,Op-17,Evening,553.9847433030018,266.3138996729723,7.09536150308773,9.280299040202348,2025-11-14,47.90426509466891,37.88456085480494
B-02279,M-05,Polyester,Op-08,Morning,1970.483109091739,223.25835805089218,53.545339196619175,3.5684995555638785,2026-05-30,63.953454948848425,35.26762519567125
B-02280,M-05,Wool,Op-08,Night,1792.448909368321,130.14648145929405,515.5889282454168,4.903726170086517,2026-01-18,34.67461807919949,24.217556812147045
B-02281,M-08,Silk,Op-13,Morning,617.1645331267343,185.4830240375419,24.77022229957658,8.453581621176781,2025-08-20,74.93465269010804,39.95392437322427
B-02282,M-08,Silk,Op-20,Morning,6753.592547271255,257.4202265071748,127.33839181137786,14.484836973599833,2026-01-22,65.36353629722277,21.595268509021423
B-02283,M-02,Denim,Op-19,Night,1366.0989006996365,286.70037534048697,66.3352175969399,1.4897462292261499,2026-07-22,68.46156017707189,34.45454556089254
B-02284,M-05,Denim,Op-13,Night,1896.0668334988154,252.44651240883857,77.00700959991786,8.285722705556381,2026-07-29,40.21337766167599,30.904714366511488
B-02285,M-03,Wool,Op-05,Night,1843.5038189568397,257.9424018421098,19.11386550919627,3.7337370926747555,2026-02-01,59.98431571140297,26.64346919062714
B-02286,M-07,Silk,Op-01,Night,800.331403682999,122.64412998668985,38.734009395007874,12.79806772955256,2025-08-21,42.925312607390595,25.69395937775111
B-02287,M-08,Denim,Op-04,Night,1068.6300845732783,101.9171280288789,13.998510822177588,4.973846076845911,2025-08-10,35.964979030090625,22.05617123471708
B-02288,M-07,Polyester,Op-09,Morning,1389.8892052630658,137.86954472597174,64.80727296421203,6.057399116574146,2026-08-11,73.10088580650084,28.486762795925515
B-02289,M-10,Wool,Op-02,Morning,1246.9070800934094,179.76732296795115,44.98709639794748,11.505444979269821,2026-05-13,33.65875493840011,21.78956765964835
B-02290,M-01,Cotton,Op-16,Evening,1230.4110698588725,258.08305006384205,36.946617637802994,13.82779172280944,2025-10-17,49.41834388357738,31.928200531692923
B-02291,M-10,Polyester,Op-07,Morning,1972.4159834636494,266.216881471319,40.66910512131667,13.76432791588295,2025-07-26,42.717004378880205,35.450528463251885
B-02292,M-03,Denim,Op-02,Morning,813.1138001425848,288.85323193111014,34.782994508164826,1.270261834050133,2025-11-19,78.26943518317148,22.985237939776123
B-02293,M-06,Denim,Op-20,Night,913.8838296021547,170.14046548614547,33.17007303550888,4.03460795850779,2026-03-09,59.27570212405398,26.96191095015748
B-02294,M-05,Cotton,Op-10,Night,0.0,112.87497670300792,0.0,2.395256138237481,2026-08-04,,28.37987370620462
B-02295,M-03,Silk,Op-11,Morning,1832.266865567574,148.96214801218014,48.29912160698209,9.041176139346195,2025-08-19,68.41824963463003,25.776588598392173
B-02296,M-05,Wool,Op-13,Evening,59.484818242506414,126.97496928160953,27.8133626936245,1.3637521121609244,2026-06-16,37.64029046591416,32.53707242507067
B-02297,M-04,Cotton,Op-09,Evening,616.8050964595495,138.3398542323269,15.652266473117612,13.757777045769155,2026-04-08,30.964956611349237,33.06863848348724
B-02298,M-03,Silk,Op-03,Morning,1508.9731091485567,217.73834407268092,64.73712044534707,4.12898256096502,2026-04-16,72.36047437866944,29.838807652187135
B-02299,M-03,Cotton,Op-10,Morning,1109.0188042823288,296.93711078304784,32.10348296811029,11.786851019018147,2025-11-02,78.29751025562868,30.286529578197175
B-02300,M-09,Silk,Op-17,Morning,1633.1807139878867,276.058252602686,30.092700241671306,14.498041142117813,2026-07-28,46.22759530162499,35.97409147685278
B-02301,M-06,Cotton,Op-03,Evening,1318.3615201181678,135.96962968183982,46.532935418562786,5.863563064504744,2026-05-02,76.56791836032296,22.921813995461722
B-02302,M-09,Cotton,Op-18,Evening,1389.431409391105,124.1476705417973,24.297187633700833,5.5637066127633705,2026-07-09,,31.259630090305315
B-02303,M-08,Cotton,Op-14,Night,1700.9354846192232,294.43130190695,326.9879932588184,4.006631599474609,2025-11-20,39.3455982395288,29.098701435948893
B-02304,M-02,Silk,Op-09,Morning,529.8198630459206,208.2441256065788,134.67551590629716,14.392407948742306,2025-08-31,49.56384277034728,28.402691083662006
B-02305,M-07,Silk,Op-11,Night,1578.7578842631879,212.54040107421352,59.95357477716662,14.644528952085382,2026-08-18,64.4433242212778,37.90065503210339
B-02306,M-03,Cotton,Op-13,Evening,1602.673737260594,158.0821844284493,35.04767246591176,5.248701772193466,2025-12-25,,35.659692991520586
B-02307,M-07,Denim,Op-08,Morning,1344.1551062022975,149.8704621813404,45.84804462252638,12.437767331326972,2025-08-14,35.5250675613845,36.58893279523329
B-02308,M-10,Polyester,Op-06,Night,780.3643022406159,208.40707710122365,18.77644041835655,4.954983715862767,2026-05-29,,26.469346694609932
B-02309,M-01,Cotton,Op-04,Morning,594.9788704584814,297.1923368802835,21.324287633065687,1.4414847938371373,2026-04-18,63.12484365921392,27.424552955148613
B-02310,M-09,Denim,Op-04,Morning,1034.3723796313757,234.75012925177174,37.522612528054474,11.209297132557051,2026-06-07,64.52763201998224,22.279239627163044
B-02311,M-04,Silk,Op-06,Night,919.981324181146,592.6531427427377,242.0067016230008,6.807629406445355,2026-02-04,51.67715514019005,29.34348266704893
B-02312,M-09,Denim,Op-14,Morning,590.8283843618909,237.36424319845918,18.60773227562123,8.949565279594175,2026-04-12,47.4712556346894,34.103779578347094
B-02313,M-08,Polyester,Op-09,Night,1203.8674188058094,202.2649087322253,18.816128172048323,9.908873753738792,2025-11-07,63.00013022872997,25.779156382814342
B-02314,M-02,Silk,Op-06,Evening,734.9512717857781,227.87817718060035,29.5921514521524,13.220226000739764,2026-02-02,50.47481391727759,23.390403206589248
B-02315,M-03,Silk,Op-08,Night,1748.7342116291727,276.1164886241933,24.988418726925726,9.495640004792264,2025-12-09,73.03642796940423,20.308299168968155
B-02316,M-04,Polyester,Op-13,Night,638.8641005781482,242.5209368509466,14.328534090761364,1.9741449696101063,2025-09-04,54.81821862331535,29.454137972725782
B-02317,M-07,Silk,Op-08,Evening,1805.6077549131496,134.0866403759992,66.65945600340154,5.934478981589358,2026-05-13,68.70857500114646,20.608446287865686
B-02318,M-10,Wool,Op-11,Night,1724.5965895423558,286.45356776763344,22.577969682667913,13.26815296688079,2026-04-22,45.96920584168426,31.727282826459053
B-02319,M-03,Silk,Op-04,Evening,886.8050053220129,118.84447574950147,28.799812062124488,5.412622062155494,2025-12-27,73.75936067293645,26.94333679348585
B-02320,M-09,Polyester,Op-11,Evening,1150.0712721724112,191.78330485974706,30.824793073539066,14.574008725711815,2026-05-11,44.807723413192896,32.54648939046343
B-02321,M-01,Denim,Op-04,Evening,591.7192715715294,197.8661663248472,9.553461969216505,12.386806606631517,2025-08-18,34.937648434084416,21.39183694792618
B-02322,M-09,Cotton,Op-14,Morning,1646.6001670839591,244.7990768289476,66.9637922639244,8.910248764685548,2026-02-27,53.41132020463162,37.76651629405244
B-02323,M-04,Denim,Op-03,Morning,1717.9133769527077,262.65246027013086,76.59679288633878,9.998040166437812,2026-04-24,,29.160292486318916
B-02324,M-01,Cotton,Op-09,Night,1889.011126404876,104.7612086516686,84.88229482243851,1.7217682257275182,2025-10-17,77.93716484542186,25.543212276883896
B-02325,M-05,Wool,Op-07,Morning,1083.192678442104,123.82001152187112,31.998306954919418,2.1262048029306797,2026-06-21,37.825394954022826,24.997863897347294
B-02326,M-08,Denim,Op-06,Evening,1552.2468508486754,297.27971529705997,49.015879690316105,7.181094406048395,2025-10-03,55.90924711715549,30.436314027665112
B-02327,M-05,Silk,Op-13,Morning,1276.6109856566934,101.75495101238357,48.76127536565248,1.02414750953777,2026-05-22,34.883315906306144,22.031132068583577
B-02328,M-05,Cotton,Op-07,Evening,807.3740487739997,278.9428209511226,16.85436349900911,14.000488614078273,2025-11-07,78.79466689479494,38.7816260977404
B-02329,M-07,Silk,Op-19,Evening,1264.6652670552687,135.0909940393882,34.56921778681708,12.286935172414065,2026-07-13,74.42158525720481,37.0257767859503
B-02330,M-06,Polyester,Op-20,Morning,1638.0108270301714,119.51583391525389,81.60892724971535,1.5634267886695097,2026-08-11,67.66182071543804,28.507105486573675
B-02331,M-04,Wool,Op-20,Evening,645.8813237832986,271.12553630704673,30.12369829441905,7.719762917405884,2025-08-18,71.35750977519385,36.3425456434029
B-02332,M-08,Denim,Op-16,Night,946.7750169291542,289.9598706924006,40.837169875639056,3.123337445006684,2026-05-14,34.098438879674525,28.632310347446982
B-02333,M-05,Cotton,Op-02,Morning,1210.1316959501683,265.8573355061028,15.043445706515007,11.215615281120273,2026-01-17,40.47141930694668,38.977632497989276
B-02334,M-01,Silk,Op-19,Night,1847.4195613156924,160.8886897980748,44.94009668573315,8.00207316430159,2025-08-29,51.11759363503673,23.436691138338325
B-02335,M-03,Cotton,Op-05,Night,789.401654439193,140.77729509210477,25.859851983489815,3.618795704369325,2025-11-13,54.45086901732971,35.95862735022631
B-02336,M-02,Wool,Op-20,Morning,1839.8098828262628,227.30889771534484,69.12819393624376,10.650761618856462,2026-04-23,63.38036148635016,28.989183863674825
B-02337,M-06,Silk,Op-18,Evening,604.5616197034417,271.9702943831326,6.351345460220824,11.889370008214843,2026-06-09,42.261497911583945,35.36064908508165
B-02338,M-02,Denim,Op-19,Morning,825.8698587213206,113.02744773417919,8.406750404556677,11.923176832650526,2026-05-14,67.79370755891935,36.27272047603661
B-02339,M-02,Denim,Op-04,Morning,1251.849090017612,240.9672395034673,21.598195218610076,3.1756158023462167,2026-06-19,62.48953637563123,21.682201986193714
B-02340,M-05,Denim,Op-01,Morning,1213.6952224919014,230.7130305362204,23.72535327564392,3.0421677773545452,2025-12-04,39.2611665415469,24.08892734131326
B-02341,M-05,Silk,Op-05,Evening,839.8307727894369,179.02982169952736,32.560860735651524,10.15305511171412,2025-09-05,51.90158915672348,35.519478174997765
B-02342,M-07,Silk,Op-14,Morning,689.7903710736135,109.76832466414879,7.508596525148488,13.291181895994486,2025-10-22,33.991553328143674,22.966783614394263
B-02343,M-02,Denim,Op-04,Night,1442.5045479479807,216.4741126316697,35.86561609825607,14.81665133009358,2026-04-03,74.3466198158586,28.216863549618196
B-02344,M-02,Silk,Op-07,Evening,945.2780514199776,130.48138400757628,18.546810705725576,2.9331711924281265,2026-08-01,36.614185400480274,22.28229514373557
B-02345,M-06,Silk,Op-06,Evening,960.0029454696746,292.31579420778314,27.172946063146025,9.0986255140264,2026-05-30,79.37978872566404,27.449338956513465
B-02346,M-08,Cotton,Op-15,Night,986.8679887479187,136.57753017931054,11.64146966728933,3.004305908886108,2025-11-23,77.2539598903916,39.73621363597512
B-02347,M-05,Wool,Op-19,Night,725.5188120976497,184.70481846020454,138.39575509111464,3.6086686688217027,2026-05-06,48.194019681344166,22.581926997192667
B-02348,M-08,Silk,Op-13,Morning,1027.8575836379912,118.86253029254952,46.3123549031456,6.993792709941983,2026-02-21,79.16288054807849,26.576660937623807
B-02349,M-02,Denim,Op-05,Evening,0.0,290.41168365944213,0.0,12.061533171739322,2026-02-02,62.979841352940745,37.13168888454915
B-02350,M-01,Cotton,Op-03,Evening,1194.2459857982117,297.85124772301174,53.73543096458302,11.774402118126252,2025-09-27,78.10376890186114,35.59268712266958
B-02351,M-07,Polyester,Op-09,Morning,83.65045504815262,252.10040088344797,38.555832253739176,8.32449213775301,2025-09-03,76.21188504070665,36.50077821246723
B-02352,M-07,Denim,Op-18,Night,553.444693085209,287.1310258819089,23.89825468035754,9.205684883276957,2026-07-28,44.90714855740701,22.982702156950758
B-02353,M-08,Denim,Op-06,Morning,1754.7802916713683,262.9015936261063,18.14827259683945,10.031157687535007,2025-12-14,48.300769379593795,26.08140569560514
B-02354,M-03,Polyester,Op-06,Night,1750.4113380323604,117.48653949872849,82.38926024140181,9.830569972570746,2026-06-09,55.20374734200442,30.53378717852702
B-02355,M-10,Wool,Op-20,Evening,547.4225169068632,254.67844492575446,14.88590061417542,1.7287335771422998,2026-08-11,,20.763072118707544
B-02356,M-04,Silk,Op-04,Night,594.6127615144501,257.82879025858244,20.518148669600095,8.41388331107672,2026-06-29,31.451939132988723,20.810013729638392
B-02357,M-08,Polyester,Op-06,Night,8065.260129347393,187.5599062549547,162.82794590652136,8.764129401498742,2025-11-29,69.99147270249509,32.21012348083639
B-02358,M-06,Denim,Op-18,Morning,1601.16047132169,701.5868421484736,352.0828899153293,14.569389826412532,2025-10-25,39.864415435853424,39.02181359134153
B-02359,M-05,Cotton,Op-20,Evening,1070.8639120671605,253.87582929263453,14.489996363566432,10.896754211385865,2025-08-28,32.00696940827051,30.931885269944893
B-02360,M-09,Cotton,Op-09,Evening,1993.7846437672436,279.4593177066589,48.13380711680125,1.2951292459995174,2025-12-30,72.93247894513155,38.38859201116816
B-02361,M-02,Wool,Op-18,Night,1579.252482571649,188.42074924155577,36.16862383489669,10.173254784068817,2026-05-05,,26.80634808596383
B-02362,M-01,Polyester,Op-15,Night,1136.6508332863687,129.11355173050023,52.01562515412026,12.635945502095357,2025-11-01,47.43489476808183,28.002991078116903
B-02363,M-08,Silk,Op-08,Night,1244.935721094757,208.85078187017257,368.1205635577695,14.390973746879379,2026-02-02,74.33631915724946,23.38933417776879
B-02364,M-06,Wool,Op-19,Evening,1058.549447342904,174.31462170324,43.190107556676544,3.730423245048161,2025-09-04,35.71615570595626,34.80609581511963
B-02365,M-10,Denim,Op-19,Night,1953.5194452545,254.6836421810726,46.13827660833913,4.406934916470382,2026-08-02,32.00582891442577,39.708747687393206
B-02366,M-02,Cotton,Op-13,Evening,967.9573136486312,281.19104194987653,48.14080932618618,9.191398579629805,2026-01-24,40.74355869245673,37.78192485432479
B-02367,M-06,Polyester,Op-15,Evening,630.017841726246,272.45032566049747,30.8300288214012,6.467219767581516,2026-07-11,56.20362232533522,38.296319515299615
B-02368,M-06,Polyester,Op-01,Night,893.2458656131992,142.57015419198277,23.649516711859626,2.1272318202811658,2026-04-06,58.0898926331069,20.272087909013365
B-02369,M-05,Silk,Op-15,Evening,9350.23998303196,181.04515658586678,174.6266061332205,1.5590506497185297,2026-05-27,71.76086303043844,24.194779878771318
B-02370,M-05,Polyester,Op-07,Evening,828.5575424630877,114.3798837314992,179.6264827100928,11.019432875974752,2025-12-08,,27.81405101376219
B-02371,M-06,Polyester,Op-13,Night,1019.0036194584146,190.2410816424793,31.55289849499196,11.479825799389474,2026-07-03,75.11101432701871,20.99534393177151
B-02372,M-03,Denim,Op-19,Evening,549.2531436258164,193.68190900487173,19.347078854304915,13.393959607356605,2026-08-20,48.07951332101548,38.64900842161286
B-02373,M-03,Wool,Op-11,Night,1901.2330156895096,251.43332508250393,31.94884296798945,2.448092333082672,2025-10-24,41.55756837813385,27.883409091670124
B-02374,M-03,Wool,Op-13,Morning,1242.3674071649907,194.2736311402981,59.23163252718978,14.387628772383337,2026-08-04,51.68639414479888,35.71253608575996
B-02375,M-10,Wool,Op-03,Evening,1815.4832464609783,141.73352490231838,44.35638239492652,7.94441851954962,2026-06-08,47.386989114796286,27.997173902744308
B-02376,M-07,Denim,Op-18,Morning,1739.5388152625062,190.42781102448947,51.34823833742058,8.331720651425634,2026-06-27,79.12236785235373,21.19958544383033
B-02377,M-01,Denim,Op-08,Morning,1661.092560419174,130.23239163764532,38.344638432658655,9.561442324606835,2026-02-27,41.97323897672334,37.34808226449135
B-02378,M-09,Silk,Op-01,Morning,993.5942253513643,219.6387757035787,26.49446226855774,3.569880713678722,2026-06-11,,25.69777277806122
B-02379,M-06,Wool,Op-08,Evening,5632.13113577514,204.97544360111647,176.0807541431077,9.394962016965527,2025-10-22,58.33337268750823,33.08336623983865
B-02380,M-06,Denim,Op-04,Evening,1776.170573946023,151.40124644448645,64.61638716716085,6.699287386212276,2026-06-14,54.928460848177764,30.66653685505873
B-02381,M-06,Silk,Op-20,Evening,562.404850032982,244.2954165468034,15.774675724206679,1.8675940977117438,2026-08-26,53.4144283836434,36.55342271138388
B-02382,M-06,Polyester,Op-05,Night,723.6346231523717,297.00676900119197,12.557831563352151,13.449996469039686,2026-04-30,68.5656816612507,28.23023205798421
B-02383,M-05,Silk,Op-13,Evening,1912.1167721277518,206.4702253034278,94.49990702958459,12.932976445424792,2026-01-14,47.104750287971285,26.70576634158941
B-02384,M-06,Polyester,Op-20,Night,1282.7495727422747,128.13908477214926,36.560106612334614,4.075445491925904,2026-07-05,54.09721396963604,20.849418209768228
B-02385,M-01,Silk,Op-06,Night,1128.4112631201915,255.86725306389738,37.95915389808623,5.969187502849385,2025-12-29,79.12743807697997,23.615398386018065
B-02386,M-06,Denim,Op-18,Morning,634.5489455123819,246.7727967987964,18.649174142492427,14.926551632867602,2026-01-31,70.95693188758162,31.114070814406027
B-02387,M-07,Denim,Op-18,Night,1752.5449419002705,287.1948169421448,86.99054575067117,14.848891361173301,2026-01-13,,27.930784551289683
B-02388,M-04,Denim,Op-04,Night,733.8893782607472,150.70995518638185,32.37697885968865,2.246225746274547,2026-02-26,43.58692582422408,35.358751032360225
B-02389,M-09,Silk,Op-14,Morning,1668.3389676538575,226.21315563353926,72.82688994132184,8.195531175317038,2025-12-16,65.43521446068232,27.816670985344437
B-02390,M-04,Denim,Op-11,Morning,1515.785140965178,239.5609396988817,38.267369388788865,8.503103903806998,2025-11-09,74.26144921055862,25.04029467358105
B-02391,M-03,Silk,Op-14,Evening,1666.4638545165337,198.54977922586755,75.90648131428654,13.448996187938672,2025-10-25,47.31996598814261,27.386603376392895
B-02392,M-09,Silk,Op-04,Evening,1196.5554802730617,203.22491684049734,17.70139481579768,5.658692014699511,2025-09-24,43.83349710895409,33.11897421676784
B-02393,M-04,Wool,Op-05,Morning,1818.908961774364,255.84062735302157,31.615187919598394,3.670475691881239,2026-07-10,64.70099729122828,32.05265842571269
B-02394,M-07,Denim,Op-10,Morning,909.8052590753487,181.7973007467669,37.06221072091722,10.789398293436633,2026-01-19,61.9361704408503,30.64469695353396
B-02395,M-03,Silk,Op-11,Evening,1636.9066094092489,223.5718308124512,56.63108143975669,12.017861167387553,2026-05-07,46.71316873896046,37.62499056645211
B-02396,M-07,Wool,Op-16,Evening,1733.5452707186457,209.2558209580568,65.70129891730323,4.058135429841525,2026-04-16,57.12050643391543,27.422233275531763
B-02397,M-05,Silk,Op-04,Morning,9208.376046357444,267.22256098553754,178.90048845606947,10.493015172506833,2026-03-23,64.2272216515662,24.3431066698213
B-02398,M-06,Denim,Op-18,Evening,995.3228377400412,207.1263305694464,31.971276227694972,2.9194446330406008,2026-07-02,56.923798833135294,22.917784929665746
B-02399,M-08,Polyester,Op-20,Morning,1473.0828202323585,178.03919344998047,258.69276236720185,7.979628296638105,2025-08-14,73.78266938372929,22.171262894056188
B-02400,M-03,Cotton,Op-05,Night,555.0619742069426,137.11492054900955,17.20042788966539,11.710604659586856,2026-07-02,50.256303666842996,37.45041033692364
B-02401,M-05,Denim,Op-15,Night,88.06357148126801,243.34272192038534,52.03203286426565,2.5432607220972576,2025-09-08,69.46898167309622,23.3620509961036
B-02402,M-10,Denim,Op-05,Evening,1057.1509259700986,265.88004403978715,18.72186834467217,3.671091716661742,2026-06-29,70.35898851012456,33.149881185125025
B-02403,M-09,Polyester,Op-03,Evening,953.7559405271174,126.3541777194072,47.4781654466671,6.361538154900386,2026-01-08,40.18243205616387,32.879959072609466
B-02404,M-03,Cotton,Op-19,Night,518.0137446263963,208.18396265745974,16.44592978022202,9.031332365686136,2025-09-01,75.71043948404059,30.12010669533875
B-02405,M-07,Polyester,Op-14,Night,0.0,153.78086091229628,0.0,1.7844078654847915,2026-05-07,50.432884110491806,21.05182942481357
B-02406,M-02,Polyester,Op-05,Morning,960.9404648634397,206.72048030508557,16.91241800364536,2.8801575015326133,2026-08-02,76.63149828696798,37.8904248709987
B-02407,M-05,Wool,Op-07,Morning,1015.1664249410148,222.69855437039593,47.32773802801103,2.3396069022826875,2025-08-07,47.72839105580754,25.02224573638012
B-02408,M-09,Wool,Op-13,Evening,56.26894420540938,215.96654825337276,24.314461381278857,8.284848716202038,2025-08-22,76.53628972726986,38.6485556595763
B-02409,M-10,Silk,Op-14,Night,1515.10504801983,208.28689532196898,68.97245328850614,1.2585226685053035,2026-06-20,,21.23950071979039
B-02410,M-04,Polyester,Op-09,Night,1803.3061933090794,171.45418439920903,48.86462584652872,13.474708637027485,2026-02-19,59.683753719895094,36.11811294037804
B-02411,M-01,Cotton,Op-04,Evening,670.0974910173632,186.74541252920324,33.274410950953,7.402197171956571,2026-03-31,57.54720969203015,22.11165425808856
B-02412,M-01,Wool,Op-02,Morning,866.2052312103594,139.71048070741858,35.4067329151887,8.375240863983112,2025-12-02,56.86040896974443,28.796414756664888
B-02413,M-01,Silk,Op-02,Evening,1274.981601092904,221.9390910289968,57.84308331509864,11.132449395708997,2026-04-26,31.25125507819333,31.412883650900895
B-02414,M-04,Wool,Op-04,Evening,526.0831143881509,181.03642076019221,25.915725262026957,13.96718430288162,2025-12-07,47.65772011412689,29.174576484004817
B-02415,M-01,Cotton,Op-13,Night,798.9857884258607,113.05103782500119,24.42362687281736,13.031916272058261,2026-03-18,73.42326706061843,29.441556693600262
B-02416,M-10,Cotton,Op-05,Evening,1753.709554426754,247.711899623159,77.78840565182091,4.712086031038149,2025-09-25,30.844667753575923,29.594003250670916
B-02417,M-02,Denim,Op-03,Morning,1843.7520150352432,291.2452394152308,75.5827587862322,13.313885326578937,2026-02-21,59.002177764904914,28.892111984722018
B-02418,M-10,Denim,Op-13,Evening,1609.7324515483947,207.62868601629089,39.49213169526067,2.2225832158185677,2026-02-26,76.30406733934595,29.11205075003324
B-02419,M-01,Silk,Op-01,Evening,1444.3510927531574,234.7675922333954,25.228996223283286,3.94963083842422,2025-11-26,71.84694224049781,25.798741873247558
B-02420,M-08,Polyester,Op-18,Evening,1109.5997792817461,246.11201617949305,17.336644559579323,14.516414498157248,2026-04-23,70.46406321857165,38.80696755340384
B-02421,M-05,Polyester,Op-13,Evening,606.7651982955151,211.54095238133425,29.627814659430427,5.064164762616481,2025-09-24,71.40274864846364,33.43975742804652
B-02422,M-06,Wool,Op-09,Evening,0.0,197.15682287104647,0.0,8.017366683954947,2026-01-20,41.95883974286881,31.801867989760154
B-02423,M-09,Silk,Op-07,Morning,1170.0823339848105,172.54732959449672,11.762597555117651,1.2370109339574908,2026-01-03,56.104761845739446,26.70495671400662
B-02424,M-02,Silk,Op-02,Morning,0.0,155.7256666179514,0.0,6.508274145130901,2026-03-17,36.592599482169845,30.15367649270169
B-02425,M-09,Denim,Op-07,Morning,1445.2783535818587,710.4798049698791,414.67994990107485,7.328116031819136,2025-11-26,55.95458651698641,36.20803881717967
B-02426,M-04,Wool,Op-06,Evening,1126.604291767344,252.04112490583205,27.44903503621828,3.447716816526956,2025-12-27,46.92929859707868,24.483445534938035
B-02427,M-03,Silk,Op-05,Night,0.0,215.88112621733092,0.0,12.174391236649834,2025-08-17,69.33065306089509,27.29001929097585
B-02428,M-02,Polyester,Op-03,Morning,1753.3089188621382,245.97480252852816,77.97512712066386,11.489854715537462,2026-06-16,39.80696748669358,29.366486147371102
B-02429,M-01,Silk,Op-16,Night,1256.057011443136,236.69054868421006,41.47376042248559,9.231072262479703,2025-09-22,72.1178393859191,25.69121679523205
B-02430,M-02,Wool,Op-19,Night,684.8520020147059,238.04215533989355,18.208575311996096,11.24754973693797,2025-12-27,32.141866059449924,33.5158192725597
B-02431,M-07,Silk,Op-02,Night,686.1453141645235,183.98150953969352,27.12721160972315,3.7192610157381436,2025-10-19,50.77797660616582,27.686780559170554
B-02432,M-10,Silk,Op-05,Morning,1661.323337249538,221.40573087690933,18.885621331768135,1.3176157905542656,2026-04-05,76.5511139535497,33.724665601928955
B-02433,M-04,Polyester,Op-05,Morning,1728.2493488211767,140.05323094359923,78.78837978590204,9.109096653995495,2025-11-04,53.33171849750936,28.396775647101535
B-02434,M-05,Denim,Op-08,Evening,1156.0419373439222,115.06882351463014,33.19655476105889,14.252942181009336,2026-08-02,76.02676156198137,33.68865379163198
B-02435,M-01,Cotton,Op-02,Morning,639.2892094152819,258.14962371549524,10.487622337060781,2.0566908019364054,2026-02-05,33.430049244757285,30.747676848787364
B-02436,M-09,Wool,Op-07,Night,511.59540101052346,184.62268619915724,9.312954857344584,2.921041242540923,2026-04-16,38.02577076403456,21.538212774706693
B-02437,M-06,Silk,Op-17,Night,1573.2262696615842,261.7854614435583,20.09426922877921,7.335471016410208,2025-08-27,55.32769079407088,20.653100691884053
B-02438,M-10,Cotton,Op-09,Evening,886.3515884742753,208.7796841426295,13.05858508718586,11.353716082289901,2026-04-25,60.25015306690165,27.842557099735764
B-02439,M-04,Polyester,Op-01,Morning,1671.1598523307841,172.7572103198114,77.36063410484152,11.304756202759055,2026-07-12,55.64894209571709,34.773241071236505
B-02440,M-09,Polyester,Op-10,Evening,1881.544274080703,207.02135600012068,53.27925022225706,8.161117106718944,2025-11-25,43.28392327514186,38.71599663058583
B-02441,M-05,Cotton,Op-02,Morning,691.3868589310657,186.54098292531,16.254664390307465,2.7787455033320554,2025-09-09,55.12658421285376,31.225510297124245
B-02442,M-07,Cotton,Op-11,Morning,607.475921347227,288.7007071266478,14.98930784676047,11.826943588768014,2025-10-30,,36.77762161010242
B-02443,M-04,Cotton,Op-07,Morning,1641.2465450291759,197.07457903383886,25.4427425590934,3.8151688376846433,2026-03-17,36.221168845360666,26.901017386441136
B-02444,M-04,Cotton,Op-03,Morning,1997.403464306103,109.83779804640442,65.62281851025178,7.176010391167072,2026-07-29,52.60467611951921,26.01263857163351
B-02445,M-09,Cotton,Op-01,Evening,724.965536227317,256.7824761174467,33.03065118546986,5.654268055466936,2025-11-28,59.567129489932086,34.312784721339185
B-02446,M-02,Silk,Op-18,Night,1753.6811546783001,221.6618056207119,79.09421476112269,6.4375045253744165,2025-08-05,55.1602335037482,35.37469586757605
B-02447,M-08,Denim,Op-14,Morning,655.6728922650078,176.97125249861068,17.344454613864325,11.865632377789009,2026-04-25,51.58258812969805,26.644555281325676
B-02448,M-03,Polyester,Op-14,Night,1404.267120179526,299.9610288267603,16.42148551895664,7.901894007463445,2026-07-24,40.42472374771303,23.256931505581896
B-02449,M-05,Denim,Op-01,Evening,1338.2258523774822,208.91441829776684,27.25153519365289,3.8732749749243283,2025-08-25,64.76647032262835,34.82214083259362
B-02450,M-04,Polyester,Op-01,Night,1016.1496460446048,298.0943344694513,42.407779101336,6.2397025499102785,2026-01-18,68.0400835878051,29.0545085325988
B-02451,M-10,Cotton,Op-10,Morning,1653.5348581739718,233.55120503970713,32.24187321475135,12.96689684813811,2025-09-20,76.96092474388425,31.599666409041678
B-02452,M-02,Denim,Op-16,Evening,1097.9434424661126,251.66114270265865,40.973562548089795,10.112368791734173,2025-12-25,38.88991692826244,21.024790822928495
B-02453,M-09,Polyester,Op-14,Morning,876.618536044018,199.93404874581068,15.273508379956283,11.45445481517632,2026-01-18,58.13333903281666,21.66605166223593
B-02454,M-03,Denim,Op-13,Morning,828.9922760463787,151.57285072896897,10.530020497835261,8.915647487307059,2025-10-28,55.19828899126968,24.06320076728418
B-02455,M-04,Denim,Op-13,Morning,757.1483067120771,296.8762625237207,23.063329738445805,7.559657297080612,2026-02-06,73.36727523510562,36.975049333376866
B-02456,M-09,Wool,Op-01,Evening,1560.0315626908152,138.55040208254246,20.824807235261215,10.637553868976717,2026-03-31,43.619228963164474,36.641241935083016
B-02457,M-08,Denim,Op-15,Morning,1659.7080093279162,119.98738131372392,48.96153754894668,13.336649316520326,2026-01-17,45.21022590675018,33.08786729661149
B-02458,M-09,Silk,Op-18,Morning,1049.4547178935086,229.0883666366993,49.06632576519301,14.265321727717332,2026-03-18,,20.825394947492438
B-02459,M-07,Silk,Op-16,Night,1413.6224825315203,261.4628601538104,37.59376150354414,6.374249348079886,2025-11-02,53.592148741880685,37.37701503602328
B-02460,M-07,Silk,Op-03,Night,1301.9893501236274,104.03898461686659,43.36150210385495,3.220372081732592,2025-11-28,62.084325398739985,34.33953802127754
B-02461,M-06,Cotton,Op-01,Night,714.965054413416,189.08108571556699,29.338203172448335,5.971326729084657,2025-10-23,54.78306720175442,37.406580691081885
B-02462,M-08,Silk,Op-15,Morning,625.9842520837384,278.06183955491286,116.08809261973848,7.60474011609753,2025-10-11,67.19310724429992,22.800784625287044
B-02463,M-03,Silk,Op-01,Morning,1157.5713457113973,103.37257401642088,16.20683645971151,3.1225489310266643,2025-10-02,34.60402465618099,24.79488345876517
B-02464,M-07,Wool,Op-12,Morning,1537.8650399293429,105.80798044184388,72.7775605593302,9.648367008749972,2026-05-27,37.03539154127871,38.90322914355794
B-02465,M-07,Polyester,Op-02,Morning,838.254653781444,222.8842596446059,168.80353002609405,1.392074472614418,2025-12-15,76.5894271525587,30.459746163834193
B-02466,M-07,Polyester,Op-09,Night,615.2741927918513,178.58888787467197,9.085312128333367,10.378968790258522,2025-11-07,53.494495402071976,27.674443494389088
B-02467,M-06,Denim,Op-03,Night,867.4085685404846,120.02865754767022,20.565924546687825,12.304982243193251,2025-08-02,36.76199139923613,31.90746733097787
B-02468,M-08,Silk,Op-02,Night,838.9675769827752,227.89368789842075,24.875980246800957,7.398032331277169,2026-02-14,50.007273364227956,31.857040097844433
B-02469,M-05,Silk,Op-03,Evening,955.2263128273412,211.81225755305033,11.756286778053763,10.372980071709724,2026-02-14,31.334657929342715,29.31743457815351
B-02470,M-09,Polyester,Op-09,Night,779.6081211021666,212.10174681559462,20.865590365595295,13.12664481371813,2026-05-18,74.14028395942424,21.398880202772624
B-02471,M-07,Polyester,Op-14,Evening,1374.5097245068268,129.4139809100687,14.211661490307263,11.716051034426803,2026-05-09,67.21176292186195,38.06682027413589
B-02472,M-08,Denim,Op-12,Night,825.026365983504,265.43734284906435,10.13725256324696,10.388120711577095,2025-12-29,,37.887797073969814
B-02473,M-10,Wool,Op-07,Night,1395.4459485746643,213.80931497873485,24.632030882959363,1.4994418290474532,2025-09-29,55.676103845624176,32.19040622619848
B-02474,M-09,Cotton,Op-12,Morning,909.9943746869944,228.06946925954742,18.80629531043869,7.556213266399417,2025-08-02,72.90068287841635,26.847635320183766
B-02475,M-09,Silk,Op-13,Evening,1977.2989105172642,282.2271540260167,377.7715134076479,1.405898429985718,2026-06-04,68.5364307653283,22.20669547650406
B-02476,M-04,Wool,Op-02,Night,904.0188185916564,263.8637524693929,24.16462383087385,10.949341443199692,2025-12-31,79.0804713666007,34.23025800623637
B-02477,M-06,Cotton,Op-08,Night,1548.3914914178254,299.8918134372804,22.522980754334828,10.941986355875393,2026-08-13,68.08406779901591,38.767300303805186
B-02478,M-01,Silk,Op-11,Morning,1557.1764401715902,270.1611915934898,57.96152340157803,14.361300403092503,2025-09-25,40.54846448558497,30.078580154484882
B-02479,M-08,Wool,Op-09,Night,871.2015942520061,220.09457265005483,27.153266250135484,4.606102954971991,2025-09-10,46.672851026582364,28.830373930217302
B-02480,M-04,Cotton,Op-04,Morning,1174.0488074377258,198.63910395758583,20.944031491357716,5.180242588036097,2026-06-16,37.94825470113153,20.946999546536787
B-02481,M-08,Silk,Op-05,Night,1372.9154622586746,257.2230895606265,30.48741823985429,3.369466364200523,2026-01-17,35.427767888632424,34.985807210985
B-02482,M-06,Denim,Op-08,Night,1927.2491588410287,242.8635941220746,25.373751403047542,5.574584661402432,2026-05-21,44.47713738968525,30.47396772542618
B-02483,M-07,Cotton,Op-20,Night,676.5147689679485,135.1715762632385,24.990902808835035,11.846130306263843,2026-07-17,55.69286796345612,20.211342455488857
B-02484,M-06,Silk,Op-08,Night,1135.5352679907455,202.17047299275958,14.691314155256448,3.997627407781098,2026-01-07,57.589111419705176,39.58306479502977
B-02485,M-08,Polyester,Op-08,Evening,925.876099496646,148.59951857216595,43.066522725200265,4.479690350516514,2026-04-21,48.93531787826886,36.362195694883354
B-02486,M-07,Polyester,Op-14,Evening,803.32263118846,208.58998758962255,14.201957051507742,9.916585610316725,2026-07-07,56.091373718192244,28.681527883938394
B-02487,M-08,Denim,Op-06,Morning,1232.3290387988577,180.24296554226578,16.686674346405802,12.137887075031776,2025-10-30,68.18021795814977,22.679973624113416
B-02488,M-04,Wool,Op-20,Evening,1862.2309148412544,207.10167779289952,58.803778417569895,13.00921312195627,2026-07-21,32.90755602832006,30.530312330432604
B-02489,M-10,Wool,Op-05,Morning,1791.053048813225,119.5219996459415,85.17412344561251,4.36623789146273,2025-09-15,50.32691569435066,37.31682950839884
B-02490,M-04,Silk,Op-08,Night,1989.0869293904418,291.8386972917043,545.9799055938079,1.0831845818209618,2025-11-16,32.3854170726936,22.952136383151775
B-02491,M-03,Cotton,Op-05,Evening,1838.9842930032207,137.3668812589166,26.00644302853695,9.67529812267592,2025-10-20,75.86809925326384,29.274634718626416
B-02492,M-04,Cotton,Op-08,Evening,1186.7204751269373,175.15898045761145,59.0511032501402,9.087211944924098,2026-06-21,51.93293422035518,20.34691853707436
B-02493,M-06,Silk,Op-19,Morning,1315.3103565958563,194.7261510969219,55.66471027493781,14.364643201056756,2025-08-09,37.79301837935385,23.784752050904963
B-02494,M-04,Denim,Op-20,Evening,891.2466200375131,259.84542125830535,15.924310985286978,4.801468760719036,2026-05-04,31.659381511250075,30.340294477734318
B-02495,M-08,Denim,Op-04,Night,1636.7694393987067,228.23992664642964,403.07175337205075,13.930437351690848,2025-10-03,69.1494178632868,23.615519096814538
B-02496,M-10,Polyester,Op-13,Evening,1503.4274626409374,266.45257719402974,32.9525698821647,9.033536968645164,2026-07-26,53.300175717650646,32.73282070717456
B-02497,M-02,Cotton,Op-17,Evening,773.8956966306489,223.3175676142493,26.56998764312426,4.273877167196687,2026-05-02,33.99575546733033,20.01108369170508
B-02498,M-06,Denim,Op-07,Night,1043.2231752203552,250.4621941346912,37.580019724180005,6.252469576383435,2026-01-04,54.30017241191133,28.1416994563077
B-02499,M-08,Cotton,Op-15,Night,1034.2087430224524,292.75352998846176,28.922255135947832,14.106057812379422,2026-03-31,72.40139513286407,38.40600541145496
B-02500,M-05,Silk,Op-11,Morning,1304.6455951842381,248.4185185116489,65.12189151552117,10.746042949139575,2026-08-22,74.53392978027354,34.326620545133906
B-02501,M-09,Denim,Op-18,Night,1022.7586997473866,266.5995484478836,42.36682970698534,10.766887519657299,2026-08-10,64.56932226075094,26.516711896899977
B-02502,M-09,Denim,Op-15,Evening,1850.5640335213986,143.7096923041126,53.95007181712942,9.756955719633858,2026-08-03,49.60674145513876,39.790962385897544
B-02503,M-07,Denim,Op-12,Evening,842.480260695414,176.3715250443665,39.80634172211663,10.153737457432767,2025-10-11,33.804468567478814,32.07203840442475
B-02504,M-02,Polyester,Op-18,Night,1775.5441814867756,113.53470733159668,18.63725441013139,14.907458302346955,2026-06-21,64.93634618519395,23.245616486280475
B-02505,M-01,Cotton,Op-18,Evening,756.923954438227,267.6351841371477,25.314883727179264,1.3029505492322924,2026-06-07,41.65736518090433,35.146111906697506
B-02506,M-01,Wool,Op-07,Night,1674.1035655402877,249.23010076535758,53.7984859486704,1.7084194197052662,2025-08-18,74.62557095470757,24.540636685645374
B-02507,M-07,Cotton,Op-08,Night,1466.4322347916682,133.72564217701907,69.64157334427577,14.667237593813642,2025-11-11,54.40779780436545,21.15285391194787
B-02508,M-10,Cotton,Op-15,Night,1379.4017647899022,239.83863959627527,28.602081275688086,8.352461059079136,2025-12-09,71.73689773884837,20.66266924386422
B-02509,M-03,Cotton,Op-09,Night,85.99151558749769,115.320723262742,48.73671147118735,10.882693370573215,2025-08-25,49.683170702782036,25.45335980536288
B-02510,M-09,Silk,Op-01,Night,1092.5608035222476,693.2616445522077,419.14822901392864,4.1876127630143785,2025-09-18,61.109882314006654,20.24274916630401
B-02511,M-02,Wool,Op-03,Night,1072.0037256834264,253.03804059620597,24.402892984516757,9.36761841920901,2026-04-14,76.35060564625402,27.967553513188612
B-02512,M-07,Silk,Op-11,Evening,1830.7129980412158,109.84888028165783,19.083895894002953,2.909395501071475,2026-06-30,34.12022172920222,36.86219913152805
B-02513,M-02,Wool,Op-17,Evening,1792.4857332455722,190.25355907425336,62.694015957473034,1.0563539039555905,2025-08-08,50.082258860602096,23.736016820900712
B-02514,M-07,Denim,Op-18,Morning,1519.03818488247,197.50551408099997,58.95838515909165,1.5672733561553795,2026-08-15,62.806440218360095,36.840775672110425
B-02515,M-05,Cotton,Op-06,Night,1744.936878432978,140.1019047101775,76.31597625000573,13.444431155190756,2026-06-17,46.109672532398136,20.26809628503982
B-02516,M-05,Silk,Op-13,Evening,1912.7319034470902,231.11163948346976,87.81972502887007,4.2401128264879455,2026-05-29,42.58722321412652,29.33185746871239
B-02517,M-08,Denim,Op-04,Night,724.3964842213376,265.1947339166974,19.630967158167458,5.078239321872105,2026-03-28,70.4293084714549,38.40542395203077
B-02518,M-09,Denim,Op-07,Evening,1047.5759811582961,260.44426379426034,16.882267110963234,8.412760353311516,2026-04-15,64.22245242315987,32.45658473922359
B-02519,M-09,Denim,Op-01,Morning,1767.1855404343426,139.15502228262724,37.79341121988438,14.051950016990931,2026-02-15,42.528564571107395,34.677619465474834
B-02520,M-10,Polyester,Op-13,Night,976.6781128802959,162.00037055646106,21.77494942252662,11.470491556365166,2026-05-03,57.84075589846965,37.659049116949944
B-02521,M-10,Cotton,Op-06,Evening,1537.9887830851164,250.58971993262213,37.26161646854597,3.1207495824194145,2026-07-29,50.029467865990554,29.656349887008222
B-02522,M-03,Wool,Op-04,Morning,983.1688939537071,237.28397879952837,32.05907381000533,4.02212956723284,2025-11-22,65.46953726255643,38.700883927814616
B-02523,M-09,Cotton,Op-15,Night,1417.1513551092112,113.78654042481782,69.67351907740277,13.102676650649595,2025-11-02,44.27238935999328,32.301023310571296
B-02524,M-09,Wool,Op-17,Night,1393.2539008592116,244.9418974928755,15.883029893256131,7.2344746551325265,2026-04-20,33.01829217575287,35.95198698979577
B-02525,M-03,Polyester,Op-04,Evening,1550.986743331781,104.58431462992739,52.556780490301634,13.072273312073388,2026-06-25,37.88180179164903,30.28542990885102
B-02526,M-02,Wool,Op-20,Night,1186.318111060118,168.15269786977746,28.894580371230017,7.549400146533603,2025-09-22,45.570787694057934,28.762446941617263
B-02527,M-06,Denim,Op-08,Morning,1349.3072352607178,147.58483244899668,39.24145702834453,14.841191768796175,2026-01-31,55.04349766910828,23.883241548290194
B-02528,M-03,Denim,Op-04,Evening,1799.6226942872363,104.36135862487912,76.84219303160268,10.513757667502043,2025-10-26,57.39838983969641,23.39115988740271
B-02529,M-04,Wool,Op-19,Night,1053.3269335610084,158.7604057631015,37.072208139131504,12.593752685996614,2025-11-03,61.926252309583234,37.96518167349649
B-02530,M-04,Cotton,Op-16,Morning,1611.2264868981729,267.2891792519226,20.591976980630044,1.7663549027391168,2026-01-21,68.80244794346902,32.27412963699153
B-02531,M-04,Denim,Op-04,Morning,1262.8668828030727,116.49161559679078,21.879692661143665,11.303260824125113,2026-07-19,57.325085694894156,39.07147074824594
B-02532,M-10,Cotton,Op-08,Evening,1409.0501787805676,142.31642691409826,60.02970787943457,9.596909786183577,2025-09-17,66.13248511804282,34.44608658659077
B-02533,M-07,Polyester,Op-20,Night,1780.325341937475,115.4543452534354,31.38186222359379,5.805740199013657,2025-11-20,64.35612601799028,29.971725747824244
B-02534,M-03,Polyester,Op-11,Evening,1329.064355250047,181.48713055322875,14.69703316329242,6.460535887160272,2026-07-04,70.48768587178319,28.151966676643625
B-02535,M-02,Silk,Op-16,Evening,587.095008336637,271.24880833832407,27.912852492417397,14.448411340175298,2026-05-28,64.42046682278539,27.287365882001602
B-02536,M-02,Wool,Op-13,Morning,1494.2046295636037,268.86670983986755,26.0668273663345,11.72193225651813,2025-11-08,48.95696578862962,29.57404401701571
B-02537,M-04,Cotton,Op-11,Evening,5284.739743492241,255.62513225730436,137.43255646128537,13.515697486363516,2026-05-08,66.22302116257059,29.303473933132764
B-02538,M-06,Wool,Op-02,Night,1195.7325781514946,221.82412444265938,52.52110253605255,1.090853299417961,2025-10-31,79.48614452331532,27.278777668080856
B-02539,M-05,Cotton,Op-18,Night,1302.4500584981065,126.0878909066693,39.8316887413036,12.165917735483307,2025-10-19,65.4913537459938,30.548721698584558
B-02540,M-02,Denim,Op-13,Night,631.2194086263921,231.16978971477482,29.094366302063918,13.757432180560198,2026-07-26,34.66224596106792,25.2702290129781
B-02541,M-08,Polyester,Op-04,Evening,5242.667253648345,230.78873443598528,174.42809392941643,8.487454309204018,2025-09-25,59.816380250193106,28.31577803154506
B-02542,M-03,Silk,Op-04,Night,1619.1401932913402,234.14514801574464,68.56834609414436,10.010873033674688,2025-10-16,42.18585660837631,20.446898675325823
B-02543,M-04,Polyester,Op-08,Evening,1236.7078035437403,161.36762614052367,355.93509504687773,2.4270466949279808,2026-03-20,33.13607954506942,26.977334435903547
B-02544,M-03,Silk,Op-18,Evening,1845.127046919597,284.000166949931,77.3511638569551,13.708154803810798,2026-06-09,56.36123758001979,24.388312771138075
B-02545,M-01,Wool,Op-10,Evening,820.5694622788685,153.4414553513138,13.265524492712727,4.265560505515678,2026-01-29,55.74912018479029,26.436550163381597
B-02546,M-06,Denim,Op-09,Morning,1179.7601178408236,274.7814477570334,19.67716585361908,8.98773996929961,2025-10-18,73.91678029437935,23.917443701582748
B-02547,M-02,Polyester,Op-15,Morning,1363.3656885476303,192.66578030925461,65.0195190381444,10.242416983057396,2026-03-17,69.73133955133908,35.02614591304353
B-02548,M-01,Wool,Op-06,Evening,1097.3846137355172,141.27734844963615,20.099172266362118,8.7127769592704,2026-07-20,35.53715600955928,25.77702246663263
B-02549,M-05,Polyester,Op-19,Night,1094.8455751956212,122.24331500044308,37.67359149788587,1.44578442367337,2026-05-30,,33.13588009260064
B-02550,M-07,Wool,Op-06,Morning,1562.5384040579918,232.0772880542688,68.31245411105567,2.600125535993369,2025-11-09,44.553944068782315,22.590532198007047
B-02551,M-09,Polyester,Op-20,Night,1620.3554830332848,140.3054005836485,68.12982942432231,5.778329366858507,2026-08-19,78.33074961321071,31.883187157593028
B-02552,M-03,Silk,Op-01,Evening,896.8865521530937,142.01058403586103,28.794886509425034,11.974837003851677,2026-01-22,64.29362276157201,33.61955858423528
B-02553,M-09,Wool,Op-20,Morning,1345.3675141648232,247.13950106125077,30.075163449558037,4.780034735696734,2026-04-28,47.63842329284779,37.4327354104011
B-02554,M-10,Silk,Op-02,Night,1319.4643570689486,240.5278928013368,57.66525694441795,14.998947575664472,2026-01-17,51.7645665747666,28.561857532498877
B-02555,M-10,Polyester,Op-18,Evening,1708.2546668897949,246.21517634690971,58.677214179043744,7.485214923726405,2026-03-05,,26.478782403214318
B-02556,M-09,Wool,Op-20,Evening,1814.3349396974613,703.3994045727753,510.64326872052953,2.518976830986138,2025-10-20,51.41751419065753,29.29443912397499
B-02557,M-10,Denim,Op-10,Evening,539.0868289783895,213.07703201983918,15.321045198999983,2.3450636589369855,2026-05-12,71.72249786738816,35.05037321140724
B-02558,M-09,Wool,Op-07,Morning,1143.8161693125496,279.4677931137537,48.46330061422539,5.038416905853797,2026-08-08,42.45099810533854,38.78394865651524
B-02559,M-05,Silk,Op-20,Night,1730.9383896007919,139.0387628551851,70.91242561489746,3.0061438800330818,2026-02-03,31.301477490856744,24.7408301783736
B-02560,M-08,Cotton,Op-14,Night,860.0576281462247,245.82065671897524,17.02266415948643,4.526715715143901,2026-07-04,49.76462489753358,39.66324579822817
B-02561,M-01,Cotton,Op-09,Night,1064.5559409474015,160.21743609304272,40.23540642882469,2.534749808620032,2026-01-14,54.49470710654125,27.573813266660046
B-02562,M-08,Cotton,Op-11,Evening,84.25149746345943,208.8499428991277,37.03304274069812,1.450749909222716,2025-12-25,60.94611781173608,21.107814600418784
B-02563,M-09,Denim,Op-01,Night,1729.0192230826565,282.2170263148097,80.55951137158102,12.383217497593474,2026-07-09,45.25545951060411,31.732860248912687
B-02564,M-04,Silk,Op-20,Night,980.9970893342748,264.005564453085,39.68908536323583,1.1326518376637513,2026-01-17,30.182335139233814,35.194233206779344
B-02565,M-01,Silk,Op-14,Evening,1683.4657817784407,286.00536757763246,28.76950078747534,2.650688365483979,2025-08-30,41.59924924918442,38.074498407476156
B-02566,M-05,Polyester,Op-18,Evening,1523.3439013648758,206.09260000816306,67.17033309676712,2.1647114759211012,2026-07-22,44.26318309707664,30.40744432881936
B-02567,M-01,Polyester,Op-11,Morning,1561.3077344220105,224.3766322909866,41.160820413609336,7.944460459179807,2025-09-12,44.934199190706714,22.384898226385225
B-02568,M-07,Silk,Op-17,Morning,542.7777408669389,142.21117785337012,18.21692698327698,7.054767262217238,2025-10-09,50.93025928359575,20.885908619939848
B-02569,M-09,Cotton,Op-13,Morning,1324.5263837798543,115.62086080418257,13.261673761531505,14.20428273444615,2026-03-15,34.96913894754301,37.096683024746724
B-02570,M-03,Denim,Op-18,Night,1823.4216425680747,521.2723766995525,644.5819923535769,11.609368446489624,2026-02-15,48.084540565012645,34.764336002726395
B-02571,M-09,Silk,Op-05,Night,606.8790279820474,284.42408719224363,15.614911572235208,1.7136365010832593,2025-12-20,53.966263888575774,34.46068861701591
B-02572,M-03,Cotton,Op-07,Night,825.850211888652,251.81819227920542,24.98202620703112,11.98012586704217,2026-01-23,76.13474919771836,27.523302208621555
B-02573,M-10,Denim,Op-08,Morning,1044.692664269108,151.41636437027364,27.31552299783114,11.514461461526519,2026-07-05,46.98259225084777,28.56298883984704
B-02574,M-08,Cotton,Op-15,Morning,1568.9918384701186,283.55912522213595,55.91706943434195,10.334584858303282,2026-06-25,53.57912980471163,35.584102294777665
B-02575,M-07,Polyester,Op-13,Morning,590.9155356767202,119.13271728376833,13.309383705911982,1.5308372170308666,2026-02-08,52.840816310315994,36.5170686867793
B-02576,M-10,Denim,Op-16,Evening,1076.2402746387224,281.89542167357814,15.800993045296574,12.716648234433167,2025-12-17,63.252405619128,25.336075641845028
B-02577,M-09,Silk,Op-05,Night,524.0882340201706,121.40213452088418,8.096697370737996,5.096350210735199,2026-02-27,57.58950317897478,21.280001655047737
B-02578,M-04,Denim,Op-13,Evening,771.6210534619115,226.39641859666125,19.170761218565406,9.621057185721742,2026-01-25,57.538286318607646,25.010028493918792
B-02579,M-08,Silk,Op-03,Evening,645.0345745066145,145.29212075161098,30.10565462778936,13.567873170616126,2025-10-26,78.98458732179142,32.95319171280589
B-02580,M-04,Cotton,Op-20,Night,1464.1128506021378,106.63929722109398,29.44835786679145,14.954676189809726,2026-07-29,34.94761508432674,33.65283602890121
B-02581,M-06,Denim,Op-12,Night,1087.97166936044,229.18683696018763,25.74350369103732,7.110822890307899,2025-12-11,42.52730294655641,26.688923737566494
B-02582,M-06,Denim,Op-12,Morning,1938.9858567623205,259.72260318469023,31.580842142806457,7.419682800711602,2026-03-05,39.99104601706821,36.22032220525312
B-02583,M-01,Cotton,Op-09,Evening,815.6933257130052,173.20267836803023,24.27421729832066,13.32487474192786,2026-08-13,36.58933343170551,22.44468385709052
B-02584,M-06,Denim,Op-03,Morning,914.615811640512,213.74558832963197,14.306409193585136,7.322913585565129,2025-10-24,51.74795531756084,22.239459409739865
B-02585,M-02,Wool,Op-04,Night,1731.6178661702752,277.17654751434884,59.449739297871304,4.2855694603935035,2026-03-18,35.67302507623845,21.06833343869021
B-02586,M-05,Denim,Op-15,Evening,1573.0298187503083,557.687516969324,336.16464811993694,10.515462144868954,2026-07-11,65.6479407779763,38.70684562793811
B-02587,M-10,Denim,Op-13,Night,1801.9909000041657,258.5174320067137,39.479447278124475,9.044988988705747,2025-09-28,34.18317050255916,25.466247173074393
B-02588,M-03,Silk,Op-13,Evening,1341.1147940231258,151.6087788073431,226.84956103515688,2.0214380947813675,2025-10-24,66.53811509266497,25.98160423310823
B-02589,M-04,Cotton,Op-06,Night,78.8229928229617,213.1063753848115,46.25165228372422,13.62219876693808,2025-09-01,54.77357815326667,38.828513436357596
B-02590,M-04,Wool,Op-18,Evening,984.6331209418283,173.12843254084225,40.311635785277396,1.636691318284517,2026-05-30,59.46004533819266,34.438479398578664
B-02591,M-07,Cotton,Op-10,Evening,724.7244290691549,188.83181446250006,33.45802467629676,3.476084969314819,2026-03-23,63.10636744271244,23.158927448435364
B-02592,M-09,Silk,Op-06,Evening,845.9519684921199,158.28045325764896,25.195368196681848,12.912688510113997,2026-01-06,52.92338050728619,20.47991891600146
B-02593,M-01,Polyester,Op-08,Night,626.8150030701845,297.0689437374621,8.19540817639108,9.233561986378433,2025-12-24,42.82663088054892,31.274353590952355
B-02594,M-07,Denim,Op-10,Evening,1699.8369564032255,285.06561077283277,19.384098294327256,13.242221434886234,2025-12-25,47.08788011492814,26.51536239286737
B-02595,M-01,Polyester,Op-12,Night,1477.1005380513752,206.98095683795898,15.342127289674409,7.430849198582779,2026-02-17,75.38154766673534,23.357578021656927
B-02596,M-04,Wool,Op-17,Night,609.9746781811482,144.67428756547378,10.503349372352474,1.4659976896883973,2026-02-22,55.14218553215677,26.28180910467156
B-02597,M-10,Cotton,Op-19,Night,1625.1261124229932,140.890265246506,76.95732960397169,10.626471413913105,2026-03-25,47.46324529238194,30.23655521325109
B-02598,M-07,Silk,Op-12,Night,556.0274522237193,200.0529014954924,14.405139657122394,12.961921444586656,2026-07-02,59.39871241851743,25.537410339303133
B-02599,M-10,Polyester,Op-10,Night,1520.3984430928617,278.16237886276065,29.36069922302424,1.5749292324525623,2025-08-02,33.57694109451882,26.50103047219175
B-02600,M-09,Cotton,Op-09,Evening,897.396329333609,144.2539997251762,14.149767118854596,3.741550683972208,2026-05-23,36.53119834346459,38.67908263590476
B-02601,M-10,Silk,Op-19,Evening,806.6056621483042,149.25314479615713,11.446000833505208,14.062208223825888,2025-08-11,67.78570668005423,35.79398860631029
B-02602,M-02,Wool,Op-11,Morning,1754.4648125235076,181.6386163634836,72.18936013550174,4.679522366973442,2025-12-29,58.78750417601553,36.443658116334674
B-02603,M-02,Silk,Op-12,Evening,1834.9962238716982,285.6264372030888,82.89203921151623,4.3337089999884935,2026-05-19,51.192894708463584,20.2925707841014
B-02604,M-01,Denim,Op-15,Night,731.8582272121513,272.29496246853887,16.887739535757525,5.61142250781235,2026-07-13,48.40667949905691,20.78264508967719
B-02605,M-09,Silk,Op-11,Evening,1832.5455242018961,105.10948022432083,30.980328584309756,6.6885846226541545,2026-01-06,31.56998149063706,27.418468502181298
B-02606,M-05,Cotton,Op-18,Night,878.327589902558,275.5196746322838,13.775934440550849,7.104689088706474,2026-05-25,43.689899570095605,31.786767559010954
B-02607,M-03,Cotton,Op-14,Evening,889.0874111312838,209.24959352057772,36.345504667088434,4.325322585872963,2025-09-11,63.956386870043666,29.82982604519045
B-02608,M-07,Denim,Op-20,Morning,1922.366803583703,123.16097786948154,81.53166211782066,5.685310139783628,2026-08-19,45.97745314392033,23.023658386745083
B-02609,M-05,Polyester,Op-04,Evening,1639.818056058185,196.8850941668798,68.30442534442193,8.528790889124533,2025-11-26,32.97720690012481,31.110147046540913
B-02610,M-06,Denim,Op-06,Night,1360.741360375786,153.0612740240838,40.14542783176899,10.345675812680721,2026-02-13,48.07442149826238,30.897465685714707
B-02611,M-08,Wool,Op-03,Night,1071.76250144777,243.77559607882702,50.74223205620965,13.374265567802345,2026-08-26,,20.104250369538498
B-02612,M-06,Denim,Op-05,Morning,1267.2727041248374,240.14637607265303,220.3472063930933,12.978743926462279,2025-11-18,53.3551846157135,36.6994814672978
B-02613,M-08,Silk,Op-18,Evening,1486.2070532842304,274.02860111034744,34.56282030661038,13.49396648550455,2025-10-16,62.187022918862326,30.50978460418635
B-02614,M-06,Cotton,Op-10,Evening,1970.000623398997,163.9391373332501,50.70628343218894,11.418605501242304,2026-05-24,56.59908999525004,32.170246850506935
B-02615,M-01,Polyester,Op-17,Evening,1947.2346882083716,214.3364652198542,509.712096448751,14.12902682642306,2026-08-19,30.379570808695707,31.45341166382242
B-02616,M-01,Denim,Op-12,Evening,1857.465322672522,100.88032180075726,90.98107019645961,1.0046222296326701,2025-12-26,53.61317303976077,20.585874100107414
B-02617,M-10,Cotton,Op-09,Morning,833.0977618120879,194.53294587296892,9.819224422124012,1.8559268201711305,2025-10-07,56.102420808562925,27.59912250294817
B-02618,M-01,Cotton,Op-13,Evening,1002.6864000443371,178.28720404457113,49.625578949794196,14.85890087784916,2025-10-10,40.394293595968776,30.895592307401994
B-02619,M-09,Denim,Op-13,Evening,1688.0288119102026,298.67350017641775,24.33753533326679,14.55617640524237,2026-01-22,54.476977104707714,33.92751699741132
B-02620,M-01,Denim,Op-05,Morning,1161.7232375702029,261.8037084533395,46.27149835536679,8.074694493680008,2025-10-29,,34.053980656344635
B-02621,M-05,Denim,Op-19,Evening,880.2037118643409,725.0937315139159,272.5168912516411,7.437514032728505,2025-09-21,40.50925518107719,37.30831763576887
B-02622,M-04,Silk,Op-04,Night,1072.8076283517507,261.97528300771387,49.15369881874756,9.182579043024582,2025-08-19,49.52810512135159,22.191957406702542
B-02623,M-03,Wool,Op-10,Evening,553.2043780124998,272.63746967361124,8.889034334933621,6.039461348364177,2026-07-21,61.9669381750703,38.443994476713705
B-02624,M-04,Silk,Op-15,Morning,1350.4257134582153,252.88657247403842,54.42361439521031,11.606173658066803,2025-11-13,56.281595729975194,32.49478919812916
B-02625,M-10,Silk,Op-08,Morning,1761.5414566361176,252.36261937517276,19.339238091726823,5.956069204537397,2025-09-25,79.83632005288666,28.690053874386088
B-02626,M-09,Denim,Op-11,Evening,1043.925427378193,125.55659091476865,39.189469495403856,2.70019662019725,2025-09-09,44.076752005344716,21.067509883545217
B-02627,M-03,Polyester,Op-17,Morning,610.9833263028577,140.65791108719122,180.05851746256081,2.300596002917671,2025-08-25,33.15838654515155,25.355033310790834
B-02628,M-01,Denim,Op-17,Night,1813.3349815244094,275.186785089065,74.5983047263417,3.4649385045272068,2026-03-05,43.245359674891006,21.527866335906115
B-02629,M-08,Wool,Op-01,Night,604.7244522283429,211.33913416417064,24.352974691586116,4.470258012535311,2026-02-04,42.172281701437235,39.8145011049521
B-02630,M-10,Denim,Op-11,Morning,1755.4090374365753,214.39653706880253,37.30866223533129,13.194200023512488,2026-07-18,62.274526958317644,38.923474095926906
B-02631,M-06,Wool,Op-06,Night,1392.9793186743425,238.02626958737844,41.44222077372209,6.501122270389294,2025-09-03,73.98539912020266,39.59606326208309
B-02632,M-05,Wool,Op-13,Night,1085.9609822065086,194.38758571129173,34.410624560882816,12.938314440247042,2026-06-08,62.27342127590838,20.8954474503619
B-02633,M-08,Denim,Op-09,Evening,525.9501841114547,255.7070742006811,6.236692401242772,5.596371829594492,2026-05-05,53.600374105866464,35.97356211815264
B-02634,M-05,Cotton,Op-20,Evening,94.19509074800543,179.59207528902297,55.33122554811561,4.218952289637848,2026-01-14,46.89507128875316,39.963494757849304
B-02635,M-04,Silk,Op-17,Morning,1011.4038204712934,159.41539155929453,19.668648019571396,4.276874896009049,2026-07-27,71.50584556540613,33.5910372457037
B-02636,M-08,Polyester,Op-06,Evening,1065.4907438156824,201.34235278655967,49.37586523945333,8.393960801832552,2026-06-14,74.43638642758573,27.611322658944324
B-02637,M-03,Denim,Op-13,Evening,1162.0513404796843,249.27453495847075,14.267799636201158,14.023560479790785,2025-11-17,,38.151514079265326
B-02638,M-09,Cotton,Op-09,Morning,7259.293325671202,195.38108510645503,119.24110378871393,7.041760059343503,2026-05-15,62.04458324186035,38.89418101650824
B-02639,M-04,Silk,Op-17,Evening,1841.1613975969212,292.9160371603306,69.75360370377683,7.701823546464902,2026-02-04,35.200514886407035,35.705893334453464
B-02640,M-06,Polyester,Op-19,Morning,1032.0062399154658,277.4814947937927,33.673451783220784,14.6616464569579,2026-02-07,,31.157076982603908
B-02641,M-03,Denim,Op-05,Morning,946.2702576706668,216.90120719666282,19.02789983760092,7.154992487347851,2025-10-09,45.1095513464026,21.343703930478025
B-02642,M-02,Wool,Op-05,Night,796.7819745164966,208.4083969107898,21.392950102404466,9.423380304690314,2025-11-29,60.428586215300825,27.76362002091358
B-02643,M-06,Cotton,Op-06,Morning,1751.35764446096,195.24656270343246,21.041721376012134,14.828826649919714,2026-02-26,51.98086150044324,32.99161889235678
B-02644,M-01,Denim,Op-15,Evening,1480.0098866282162,270.2852788830012,48.86223424276131,14.194409739466147,2026-03-17,79.86603058198853,25.643572912984663
B-02645,M-06,Denim,Op-16,Night,6402.149307867884,212.7634961150342,114.08334276530124,3.204341400657853,2025-12-08,72.80747862979707,38.19137886689175
B-02646,M-08,Silk,Op-03,Night,1525.6472371667066,162.44636792414704,49.39448407508151,13.73353997878744,2025-11-12,63.5506237422435,32.91370650348482
B-02647,M-03,Wool,Op-09,Evening,568.6645091430884,286.3844871371174,21.839239562751178,9.79112490619244,2026-07-09,79.70309916915552,30.74712809545774
B-02648,M-10,Wool,Op-06,Night,584.3143367993332,226.34723536468218,11.131950699845735,11.705094562265002,2025-08-04,68.92571474262786,35.40223304460571
B-02649,M-08,Denim,Op-12,Evening,1963.0977164078388,299.0364241249878,73.75625743774211,2.0583422522624177,2025-07-24,76.82232114058786,25.788983886087387
B-02650,M-04,Silk,Op-08,Evening,1007.1663811041982,293.55086467462434,23.206058234478597,2.4210540162494967,2025-11-26,54.887340847818805,28.560955838841494
B-02651,M-01,Wool,Op-09,Night,1468.3009863202228,126.2111486843335,65.19354772516226,11.033273853871757,2026-07-31,79.02960619023936,36.0911742893726
B-02652,M-10,Denim,Op-15,Morning,1039.4551147685038,164.97732129624376,16.37288048846725,8.238676965661865,2026-08-01,32.286330738113634,38.90716268913065
B-02653,M-05,Wool,Op-09,Morning,1854.5195587521387,116.71644440007114,71.91748590039728,12.516748987499842,2025-09-22,37.59812629391075,20.762632281829454
B-02654,M-06,Denim,Op-17,Evening,920.3979502616424,242.8992305568699,25.856341075680067,8.771193506619475,2026-02-03,35.44036951150328,38.64260146602327
B-02655,M-07,Wool,Op-11,Night,1601.670916698032,200.204114403125,50.77746576960583,9.461060649456867,2026-02-17,45.138679617834626,24.007206080069004
B-02656,M-06,Silk,Op-18,Morning,1160.328459456503,178.02264268678664,27.32547968077032,10.415940731324723,2025-07-27,64.5253316005568,20.918401121825262
B-02657,M-08,Silk,Op-17,Morning,1117.646825339566,119.37843223283362,182.30778226954754,4.302612133776037,2025-09-27,32.58208986113783,39.92484197234042
B-02658,M-02,Polyester,Op-14,Morning,530.3740696851381,243.85756003045606,18.017876148311377,7.148690319557337,2026-04-27,69.3398354532288,38.46952075636767
B-02659,M-08,Cotton,Op-09,Evening,780.6626343758796,256.43880720929053,18.344781722259828,14.381364404441243,2025-10-28,59.011564352997794,33.63994894561467
B-02660,M-08,Polyester,Op-10,Morning,1072.2915419904668,246.93089957061278,18.084626519260308,13.988795377695467,2025-11-16,61.44941936121761,35.79695816970695
B-02661,M-05,Silk,Op-13,Morning,817.9386353869603,206.406937366678,34.0763907529362,3.471758691399767,2026-06-26,61.74975351104618,25.833063707893977
B-02662,M-01,Cotton,Op-04,Evening,1712.1655199215152,192.7574911510706,85.11428325107933,3.531348890526894,2025-08-09,,32.93549922163865
B-02663,M-07,Wool,Op-06,Night,1433.886346913785,107.15493814280157,60.9717844797203,1.2421156607391561,2026-03-20,46.01809852461531,23.9156761372081
B-02664,M-04,Wool,Op-19,Evening,1767.2085005540007,151.72375426209524,53.20353208323238,5.559026877298498,2026-01-12,41.81234838575573,38.16765094742528
B-02665,M-06,Wool,Op-20,Evening,1484.2055661230297,183.09641733992066,52.510009909159365,9.834198709063436,2026-08-04,49.29276883608681,26.79356875458451
B-02666,M-04,Polyester,Op-12,Morning,1386.5931170734839,158.70559083358992,398.20086091471234,3.0908783044726276,2025-08-07,48.428834691906886,28.303952782838184
B-02667,M-03,Denim,Op-10,Night,554.2771962993877,148.73220250836897,21.70632916810675,3.712023191913845,2026-05-03,55.114720434689175,28.594016140863197
B-02668,M-07,Denim,Op-03,Night,863.6238688172957,218.8996731499517,246.90849742834516,13.37400169039943,2026-04-12,75.53388699591522,39.17569209450062
B-02669,M-01,Denim,Op-08,Evening,851.7963079779113,139.5161888700954,14.887196549262189,1.0908331729273704,2025-07-27,65.34221787145492,38.74934375627489
B-02670,M-06,Polyester,Op-14,Morning,1455.4153631403183,249.2919518443555,34.619857019062835,13.98659929207279,2025-08-19,62.343011200861085,39.40587465497505
B-02671,M-09,Denim,Op-14,Night,1024.8928006571114,208.60250200286913,41.066103364273545,6.369026335622699,2026-07-05,30.07128641437663,34.63544050173975
B-02672,M-03,Silk,Op-06,Evening,1620.4619070301558,169.0041333220933,52.66170242949257,8.312052626356408,2026-07-16,47.99867590883348,20.320728000612917
B-02673,M-06,Wool,Op-10,Evening,685.6409991260166,116.00826481828813,20.98761809746763,11.57698696175502,2025-08-04,30.47531012090528,39.18016887217452
B-02674,M-04,Polyester,Op-12,Night,1974.5246460592227,111.59951449454168,48.27497419807317,9.169413684122786,2026-03-18,47.46635179879556,36.86964985628572
B-02675,M-06,Cotton,Op-07,Evening,890.7313685860236,271.51062541998266,32.22745434370607,6.245143283145654,2026-01-09,30.841665993028073,27.805782016786676
B-02676,M-09,Cotton,Op-19,Morning,881.5393082095727,186.39751848503147,23.38944386017018,1.7940119359511573,2026-01-12,59.40463957569786,35.125898477207876
B-02677,M-08,Cotton,Op-09,Evening,1130.34894920219,117.65649971698329,330.4473644182712,3.827172103167756,2025-09-18,37.733765156395634,29.63375537323076
B-02678,M-05,Cotton,Op-04,Morning,52.03866371706857,603.547239240794,10.59080389033271,8.37097938259538,2026-05-25,55.81165489679146,37.463185747656524
B-02679,M-07,Silk,Op-15,Evening,877.0610109356207,161.86535484336238,191.97603324972712,9.635737274979387,2026-08-04,38.62928970246361,28.26108695906796
B-02680,M-04,Denim,Op-13,Morning,1960.9111500001727,109.10084755805923,427.627036747416,14.31355461033359,2025-08-13,59.096860699701665,35.91455429939677
B-02681,M-03,Cotton,Op-16,Morning,1818.9897485237354,279.18689925838044,83.6936848123052,4.341644340038167,2026-08-06,39.96209392923091,29.92470347739902
B-02682,M-07,Wool,Op-08,Morning,983.5326401092644,230.40292306782626,25.66843856182703,10.914123628368415,2026-05-04,68.93373324470778,31.278489158419266
B-02683,M-10,Denim,Op-15,Evening,1950.5239831984593,222.26615066057053,39.61886074652946,11.199912962865792,2026-07-03,47.24914228479392,33.3989836200616
B-02684,M-01,Denim,Op-09,Night,867.6453762929543,242.94444036188528,29.455635304791212,8.299526307681091,2026-08-11,64.16383052111948,25.388769814961833
B-02685,M-02,Wool,Op-15,Night,1165.9004745546688,219.3920573691056,23.780474354158535,5.072316251419071,2026-07-31,65.77254818245619,36.11858732318931
B-02686,M-09,Polyester,Op-19,Evening,950.9308397834632,232.2308539438186,24.450627284038735,10.738192440249618,2026-01-02,65.2049842198725,33.65397009551674
B-02687,M-04,Denim,Op-05,Evening,1092.2805116055174,150.96352472887628,299.28807754755667,3.195671798549082,2026-06-01,64.62886896984529,21.863775719446256
B-02688,M-09,Wool,Op-15,Evening,1786.2586099358841,281.3337629230381,19.408899777495844,6.7204695901253615,2026-04-08,72.33503616752006,23.161226005832987
B-02689,M-09,Polyester,Op-17,Evening,1677.3370919957752,114.95932959938786,33.26520793957628,14.839345342562902,2026-05-21,63.7398214800778,35.06899420484211
B-02690,M-06,Cotton,Op-16,Evening,1510.798090879532,108.64398745099145,28.67376941687878,12.729560078930412,2026-03-07,38.48120465157862,33.94716133667541
B-02691,M-03,Cotton,Op-10,Morning,602.6797541390641,196.29873570987886,14.282848581054088,3.3700069438190523,2025-08-01,66.4721994163275,24.751316867669697
B-02692,M-10,Denim,Op-19,Night,1351.1588768967094,156.9936555154623,17.95428506190845,6.291833626939463,2026-08-21,70.78108855201933,23.584196991220516
B-02693,M-02,Denim,Op-01,Morning,992.5366776995289,184.87535340277563,11.486408123367852,8.597229949911947,2026-08-11,48.62118480875036,35.798234004456106
B-02694,M-07,Cotton,Op-11,Morning,1147.6513072978369,176.45118293128093,56.78013321436368,10.066098871296026,2026-02-08,78.3138125948698,30.207508132577242
B-02695,M-08,Denim,Op-18,Evening,953.3740923697962,106.1736265084922,13.234896685178644,3.3192843446697786,2026-06-29,49.756244238728364,26.326678183771044
B-02696,M-01,Cotton,Op-13,Evening,1148.9901615360752,167.62315433191253,25.37194860537616,2.7166690864041385,2026-05-05,44.80585653059545,37.72872110710781
B-02697,M-04,Cotton,Op-16,Morning,1570.9331348630774,222.4094159315511,52.91576498995504,6.980536273717205,2026-08-05,41.951281840183455,27.380293986918907
B-02698,M-06,Denim,Op-09,Evening,1026.1298221240324,142.97928671484635,35.92309438046183,2.6304784844828495,2026-06-29,73.98834689547826,28.806259515038114
B-02699,M-08,Polyester,Op-04,Night,1235.6155417052078,274.51330367159267,47.926541420139394,8.657087934274951,2026-07-11,54.039070897455666,38.49201980843425
B-02700,M-10,Wool,Op-12,Night,667.324861020286,135.54089223936282,21.4733189253259,12.019720081152187,2025-08-25,71.79256605899772,30.90381658180593
B-02701,M-10,Denim,Op-13,Evening,1447.8994442771668,187.82315485652788,57.92494454255179,10.522787728774656,2026-01-09,35.42406287832078,39.225584847347726
B-02702,M-08,Polyester,Op-06,Evening,1446.7613060135104,163.26441140189615,51.14068250126737,3.2533768243942083,2025-09-12,50.46714819144724,33.23153481148117
B-02703,M-10,Cotton,Op-20,Night,1073.9617325983572,663.8433411390132,354.7244241474122,12.392476137945666,2026-04-17,31.314238616880353,29.012420958605514
B-02704,M-10,Wool,Op-06,Night,1275.0145889080131,298.3749089364622,20.899302800746923,1.7647015108465351,2025-08-25,54.552241088618864,21.828330982290353
B-02705,M-10,Denim,Op-15,Evening,1074.5575256273928,131.10801830009746,38.243403995193724,14.491620323393114,2026-01-15,77.33948883625796,26.722192924412077
B-02706,M-03,Denim,Op-08,Evening,1300.6299808906792,263.11739610315374,51.861222118091185,9.78423853743719,2025-12-31,30.012622724528104,35.263487712194774
B-02707,M-01,Denim,Op-08,Evening,1264.5840583497215,280.5837946466107,63.05327762148023,13.718246879665623,2026-06-25,56.195583835219864,32.159764623930755
B-02708,M-03,Silk,Op-07,Morning,948.2303522171262,164.92344846229548,13.489253753909267,3.5588346372889488,2026-05-01,74.79334695789339,34.889767798985325
B-02709,M-04,Silk,Op-09,Evening,1972.6510267969484,246.19234163222322,74.8501353731968,12.907309534469643,2026-08-16,32.40753945866005,30.099218378843354
B-02710,M-05,Polyester,Op-01,Evening,1314.4198768577621,233.3294931398555,21.709805423127207,12.450236890266616,2025-10-18,48.71685314800981,36.973373512374195
B-02711,M-10,Silk,Op-03,Morning,906.3290825395621,108.66912398546515,32.741343672678546,6.101975358693515,2025-12-12,48.99547724120602,36.10541194414502
B-02712,M-05,Wool,Op-18,Evening,1155.0838372335,230.42279572474965,41.18413623733526,1.7389669072196763,2026-04-02,39.013576800918806,32.5389571048351
B-02713,M-09,Cotton,Op-09,Morning,1661.2019880611408,180.59995181072043,30.90701027376022,11.115757352626186,2026-02-23,64.19901662800947,39.267867567396976
B-02714,M-07,Silk,Op-05,Evening,1327.5193456289594,220.35288842209386,31.65790118278439,14.98107038907909,2026-03-10,40.059207108332586,30.464360399345843
B-02715,M-08,Wool,Op-13,Morning,1288.8394528684998,146.4257204206212,22.268124796028165,1.6665732979848336,2025-09-14,58.628272694884444,26.71708631721664
B-02716,M-08,Cotton,Op-03,Night,985.9033491170507,109.85604028954899,26.545179412557598,14.306191277261446,2025-08-25,59.057395748663026,36.295373626940496
B-02717,M-03,Wool,Op-16,Night,1854.9720013492786,196.66364431045065,60.59496634734198,9.03523451080937,2025-12-02,54.58969900313284,34.665565917353035
B-02718,M-05,Polyester,Op-10,Night,907.3983853705965,129.10790626452925,23.433289841114725,9.485741444361688,2026-02-23,54.45899807735181,21.91951393392226
B-02719,M-05,Cotton,Op-14,Morning,64.49791609018934,647.9880741688078,19.328114911863718,2.065414781667073,2026-04-29,47.42476741230014,36.45312245420771
B-02720,M-01,Polyester,Op-17,Evening,1964.8810088005764,289.4233006472757,22.044649258892594,6.019457567177815,2026-03-21,37.028956433154114,26.513334645561883
B-02721,M-01,Cotton,Op-16,Evening,531.1518300655868,179.10442725028383,17.32035937106529,14.17427751776128,2026-03-28,73.56786706161039,30.22885667835246
B-02722,M-02,Cotton,Op-09,Evening,82.1662156837894,143.1002311667531,36.636579164811685,1.3468377770813724,2026-01-27,67.72697663476939,22.912915920529954
B-02723,M-10,Denim,Op-09,Evening,736.5804756248747,225.5249401846106,24.672016275337906,13.611717723952529,2026-06-01,65.91801094571909,26.970933032067553
B-02724,M-05,Wool,Op-07,Morning,966.1425430586321,299.8299133557318,33.550354458941776,11.483748638465917,2026-08-21,60.71908198783768,28.465182855316584
B-02725,M-07,Wool,Op-01,Evening,1012.4240937010022,105.77296789160616,13.524192000713542,6.531239312992859,2026-08-02,76.52404097899336,32.526021895477314
B-02726,M-08,Cotton,Op-09,Night,1827.490420092539,647.4241263868645,627.7564328450225,4.412772903158184,2025-09-22,44.85454843901604,31.54404472251915
B-02727,M-02,Wool,Op-14,Evening,974.8065970024385,256.41290431448624,36.38790466097924,3.454503497300388,2025-10-20,69.13103945385046,33.27620210500566
B-02728,M-03,Cotton,Op-04,Night,1222.33009569089,233.40030653617293,19.495749916686297,2.117158651832404,2026-06-09,72.57755585246836,21.11094466975292
B-02729,M-01,Silk,Op-19,Night,1365.1845627458545,247.8822910913383,46.741198506790816,2.0675219008475487,2026-05-18,76.038240706116,39.47215297601397
B-02730,M-06,Silk,Op-04,Morning,1221.8651830652548,248.27899445594994,58.92593547505456,5.597002932580876,2026-01-20,54.663221705255324,38.32302053628803
B-02731,M-08,Silk,Op-15,Evening,1890.6036740767775,152.48961339276804,42.66467933675505,4.254566563034688,2025-09-05,44.88322529646571,28.826222247769202
B-02732,M-04,Wool,Op-14,Morning,1061.3191936085868,224.1273904241519,11.979508930779637,11.675359479315663,2026-02-11,66.77790991339586,36.28847134158304
B-02733,M-10,Denim,Op-15,Morning,571.6006845181341,257.8765921377259,11.553508585838351,8.463103512544846,2025-08-04,58.90703368810601,21.05173720428754
B-02734,M-04,Silk,Op-07,Night,1457.5314573282167,271.83637802213525,63.14315628523095,13.837767560539636,2026-03-05,55.020974791754085,30.90948465476395
B-02735,M-06,Denim,Op-04,Evening,1306.436901121032,203.37170510746347,24.46940924829363,13.671176528653351,2026-02-01,69.496636052794,38.18145052722589
B-02736,M-03,Wool,Op-19,Morning,80.60004687784341,268.49442571867155,35.35498474557073,2.556069584539525,2025-08-02,69.7331077146981,23.65946766829739
B-02737,M-10,Denim,Op-02,Night,7529.336492643442,236.3810332921543,106.22505899414543,9.873940612369594,2026-08-12,51.36235981158522,37.987330578418536
B-02738,M-08,Denim,Op-05,Evening,1883.1805846964558,135.42331373567458,58.55737146938783,8.39682570811176,2026-06-03,70.1783800700155,24.309065539112865
B-02739,M-03,Cotton,Op-08,Evening,861.0273638350113,251.93899955998236,30.95336484720882,8.90077635022411,2025-10-25,72.79879301975717,37.89116005754766
B-02740,M-01,Cotton,Op-11,Morning,1588.0868692384167,209.84401997737274,42.349854325681555,6.38200226294336,2026-01-01,62.40589615104173,38.16577246974658
B-02741,M-02,Silk,Op-16,Evening,971.615039560693,177.68738771051483,28.927476702589846,7.095566822962395,2026-01-24,33.67805144888581,29.968836808699887
B-02742,M-10,Polyester,Op-07,Evening,1382.6657414607848,172.5640060942663,46.10428211685729,9.583506343378255,2025-10-19,73.91081551371015,39.10941980990329
B-02743,M-04,Silk,Op-20,Evening,563.8864309554697,293.8471994534218,8.873736685014677,10.882068852547587,2025-09-11,46.798182427682605,22.943154019274466
B-02744,M-10,Cotton,Op-06,Morning,751.616609209404,109.11450432276406,32.412970483842024,13.630158641140762,2026-01-19,57.03841164136682,33.999188254276746
B-02745,M-01,Polyester,Op-05,Night,1687.3115094998004,276.5211247457683,436.15904460662256,14.541564715349326,2025-11-12,,28.78141229483879
B-02746,M-02,Silk,Op-10,Morning,606.0022854621177,236.35662424246908,20.238331092933084,10.61403323446788,2026-01-08,75.29302818962636,27.458642649401842
B-02747,M-05,Polyester,Op-08,Morning,518.2813265176138,166.4150484362672,9.462628958236987,1.871412166222933,2026-02-03,56.093648638244844,36.34895301013906
B-02748,M-06,Silk,Op-19,Morning,1291.1615683366676,509.4012382030179,285.78956775584857,2.6896385498473663,2025-10-13,55.54983959671712,21.58297241899455
B-02749,M-04,Wool,Op-06,Night,1324.9962282310366,218.2814825797828,51.53261070250036,1.405817021312613,2026-03-03,58.66883940007792,36.77005050647274
B-02750,M-09,Cotton,Op-08,Morning,696.7776558811979,218.494929512723,32.22645146621847,10.411535001038988,2026-08-17,31.86156008761459,37.106953373672454
B-02751,M-03,Polyester,Op-14,Evening,1775.6784100433879,264.9262935978227,75.03273259385524,11.429512778452505,2026-07-07,61.671601564098005,33.572540099765035
B-02752,M-06,Polyester,Op-15,Morning,1493.747687541957,165.54539133641418,56.69194196503448,6.263455430258955,2026-07-30,74.8528734186146,20.342441715943238
B-02753,M-03,Silk,Op-04,Morning,1932.1663286378232,241.24563399159473,83.23848915713572,14.914767835244948,2025-12-21,64.37724527641655,20.68726058433722
B-02754,M-05,Cotton,Op-09,Morning,926.9448679089786,189.21144513288817,23.312717132896775,5.369286822699149,2026-06-11,43.42770531048397,28.628114073395707
B-02755,M-10,Wool,Op-06,Evening,1450.007872763884,262.63024019750213,53.378853636688376,5.159241144621371,2026-02-18,40.686057641100874,33.337905417406844
B-02756,M-09,Cotton,Op-19,Morning,1851.6968589292576,103.18913729066217,25.2846569686291,12.94256926963114,2026-04-22,56.050108647417844,32.426041783441974
B-02757,M-05,Wool,Op-09,Morning,1148.9223993080686,145.46048144770475,45.67108682594529,4.5591504211551275,2025-10-16,55.20475573380137,36.24911900806225
B-02758,M-02,Denim,Op-14,Morning,1386.4999386289307,207.8836385506934,27.949975213237572,6.982284605282859,2026-05-31,78.63549867806933,31.203851084684665
B-02759,M-07,Cotton,Op-14,Morning,845.1361880600593,222.27060615502836,32.25453317595558,8.319585382353003,2026-07-20,30.38489014773564,36.60130744391559
B-02760,M-03,Cotton,Op-01,Evening,1492.7439345171551,113.7561315395318,31.97713888712975,6.06878190241488,2026-01-16,76.76911303663931,37.251784826827276
B-02761,M-09,Silk,Op-14,Night,735.5883261487081,189.81759143371542,18.036668420776135,5.981625301347252,2026-01-11,64.11131883529956,39.32869620168639
B-02762,M-09,Cotton,Op-19,Morning,593.336258978363,279.5228016684771,21.70612545413819,1.5312962233581913,2026-07-03,,39.05531794306666
B-02763,M-04,Wool,Op-05,Evening,1912.5338126629238,139.93193732979566,44.48494537608767,1.5697971335533067,2025-12-08,54.41049891382459,29.012468291402506
B-02764,M-07,Cotton,Op-13,Morning,1936.4847115830462,264.5167464322865,75.67878726208957,10.262148299258307,2025-11-16,38.14291458189139,34.686468164370496
B-02765,M-06,Denim,Op-20,Morning,1137.602260424011,284.9571819428027,47.57229492741087,3.337690351206146,2026-03-01,43.366878120583216,21.26448678501267
B-02766,M-03,Denim,Op-16,Morning,1432.6390791430958,162.9880611362499,23.881839506929104,3.2933912903204154,2025-12-02,,20.802955400574806
B-02767,M-09,Cotton,Op-10,Evening,1179.9269695064872,149.43539380212124,46.21783252146633,4.6257504840475345,2026-06-09,73.77881833338571,30.30275346922201
B-02768,M-01,Wool,Op-08,Morning,553.5664235422146,173.03267113560574,24.80650223779949,7.708370863536185,2025-07-30,39.32084276050924,22.403830828910774
B-02769,M-06,Cotton,Op-09,Evening,1909.1474406496948,115.76133960908149,68.24372559560399,5.886261975594204,2026-04-04,77.91428140722368,21.663234662649298
B-02770,M-01,Denim,Op-13,Night,1958.3320564505084,295.6447337162749,89.26871774591297,7.597126632652405,2025-12-07,38.137455389119026,24.04168629954878
B-02771,M-02,Denim,Op-10,Evening,1867.5245064946039,221.57592877471095,68.11396719182913,11.72646959257876,2026-01-19,,34.798625029408164
B-02772,M-02,Wool,Op-02,Night,1740.9154323079085,237.08132460806422,50.377765937423256,8.47603228046499,2025-09-26,41.84781812940784,34.87776288237238
B-02773,M-06,Denim,Op-11,Morning,942.187526011264,260.38925514835506,33.888197100299834,10.753990404942396,2026-04-27,76.866978156235,23.308832800377555
B-02774,M-08,Wool,Op-16,Morning,866.359202132264,280.71659706032835,20.963045501357602,2.3929917995926195,2025-10-28,62.808090322243864,35.8217144305606
B-02775,M-02,Polyester,Op-09,Night,1931.2071190757138,270.14613691720746,41.04282252050259,5.124656195588647,2026-07-29,30.377054635799933,25.933143522361217
B-02776,M-06,Silk,Op-19,Morning,1834.9469112513634,293.4242356509495,25.168987751560508,1.986159803583645,2025-12-11,53.56474142666583,30.966639970595914
B-02777,M-08,Denim,Op-15,Morning,1066.2465637062837,743.8843105833864,357.94793426019345,8.504788960579223,2025-12-04,63.0595449865969,34.069702209931336
B-02778,M-05,Polyester,Op-17,Morning,1833.6123751200794,189.86721188708682,531.6042044145358,13.514456678110681,2025-07-28,73.28870611780377,28.76818664718539
B-02779,M-10,Polyester,Op-01,Evening,1572.7471018076565,285.64906928761513,34.06448633934551,12.157646904541382,2025-09-07,60.46487196457072,22.31705554007529
B-02780,M-05,Denim,Op-13,Morning,1953.2636106475873,163.8844197428409,41.83560320308824,2.305568176995191,2025-12-08,65.37766779596599,34.68008509087369
B-02781,M-06,Polyester,Op-15,Evening,946.5079690194557,193.77859710175676,255.93060888619996,1.3050452966715775,2025-10-08,69.46615051805819,26.34177574548251
B-02782,M-01,Silk,Op-13,Night,1492.1030496781746,164.97497341985775,65.54130024926185,8.22843186325638,2025-12-31,52.24146287989795,26.777637724973484
B-02783,M-10,Cotton,Op-09,Morning,1225.260611866498,652.9309020497146,373.25262597922415,2.47305863798554,2025-12-06,37.051239430016786,39.54640610225954
B-02784,M-07,Denim,Op-02,Night,822.9031610492898,243.74078990039462,38.3205733710583,2.186928732216561,2025-11-23,58.66618565515116,31.415375931718028
B-02785,M-05,Denim,Op-20,Morning,1289.2742151572907,127.4125391948359,14.497041970088324,9.018545629474275,2025-11-02,34.56638221826662,24.075876705998432
B-02786,M-09,Silk,Op-10,Evening,1269.9403736892473,116.90652305871447,49.261566849567316,7.571521299438606,2026-06-09,,38.65890070648288
B-02787,M-07,Polyester,Op-03,Morning,616.1175113379396,144.84196244176863,26.183789887754795,10.43127387850808,2026-01-03,74.73509305120919,20.658371735279076
B-02788,M-02,Wool,Op-02,Night,1342.720820507463,209.2182650592785,32.439897068875496,14.40938455854701,2026-06-10,67.38223062983866,37.00237736112224
B-02789,M-04,Wool,Op-14,Morning,1331.5460612426148,223.08113548555414,20.951913015983394,5.502175165074511,2026-02-12,58.51240624736998,24.733107589594276
B-02790,M-02,Cotton,Op-19,Night,1060.9553889159988,247.8579257492874,14.982265863819046,13.826620073034427,2026-06-24,52.885702574911626,32.85647376550863
B-02791,M-08,Denim,Op-18,Night,1856.695637828493,213.72084271398688,57.86759233320566,11.924735466752198,2025-09-19,69.72206004606969,25.129610527362118
B-02792,M-02,Wool,Op-04,Morning,1940.719627341466,117.92690896416556,86.28035183349175,10.562698572413888,2025-11-13,78.1132039017586,26.011542161080442
B-02793,M-03,Silk,Op-04,Evening,1900.4863181124074,249.417241878965,82.21148301446841,4.238596372297415,2025-10-31,46.700035941329695,20.716185888354616
B-02794,M-05,Cotton,Op-13,Evening,1774.4167797666198,226.54206199323855,69.31057855292296,5.935389917693919,2026-07-07,33.84055138199603,35.06115219829819
B-02795,M-06,Denim,Op-09,Evening,1868.9037826083515,246.10640420107245,50.607402192092536,12.601729191416027,2025-12-28,67.29773089519998,32.61374376624633
B-02796,M-01,Denim,Op-09,Morning,1853.1759629634166,230.19371438149398,58.83661224594796,6.576974507522727,2026-05-06,34.17346475909786,25.81409711808764
B-02797,M-09,Denim,Op-01,Night,913.4530550242919,144.2470695835804,26.8324332542597,8.383509197229861,2026-05-02,38.49101729478673,36.00820126650207
B-02798,M-03,Denim,Op-10,Morning,1360.7941609439754,129.47665351946972,249.6330909985627,5.544068698811143,2026-08-25,50.50448416305765,36.16425661033006
B-02799,M-02,Wool,Op-02,Evening,1424.2686224105116,148.69127155439952,54.059686354938506,14.835460179663436,2025-12-20,77.60619390654352,31.26529441041241
B-02800,M-10,Denim,Op-11,Evening,1702.1455733129676,244.19968400898077,60.344646778090464,10.797601675153892,2026-01-31,77.9277003974764,31.929122126145664
B-02801,M-05,Denim,Op-10,Night,1773.9031256572719,233.97817357168137,28.190963959446698,11.261056708245315,2026-02-04,41.70843430983212,27.42533848230142
B-02802,M-10,Silk,Op-17,Evening,1258.6481635022083,191.14548013604926,345.79067514984814,14.960279399912396,2025-12-06,60.56043264077712,35.72889646388847
B-02803,M-08,Denim,Op-01,Morning,1422.627449731525,239.39846631968769,47.74876474960974,5.122030891292361,2026-01-12,57.43191958477885,32.68073946827217
B-02804,M-10,Polyester,Op-07,Morning,1872.7905671368499,279.6545328985107,81.09018350371687,14.593776810276188,2026-01-12,63.37140030034947,39.438282602513695
B-02805,M-01,Cotton,Op-09,Night,906.2482105099389,185.48713391025942,9.209678067343479,4.337494190646137,2026-08-15,30.20985804152826,23.760975062938172
B-02806,M-10,Denim,Op-15,Evening,1579.757692025735,185.1068595442399,77.42705484870929,5.376046179090016,2026-05-03,68.0860445547594,36.6497354923929
B-02807,M-06,Silk,Op-06,Morning,1463.020377012862,192.30579170801036,38.5762995010173,5.273700222504102,2025-11-10,41.11591046071131,24.258519009652026
B-02808,M-01,Cotton,Op-10,Night,1987.6795329318948,100.17073948748066,47.90186247802862,3.760882561234011,2025-09-06,39.41964912017869,34.34238971064585
B-02809,M-02,Wool,Op-16,Night,1185.891206887731,129.724826093981,16.504681921856772,6.669958544277268,2026-01-06,35.1599905952918,30.660865757771663
B-02810,M-03,Silk,Op-17,Evening,1685.7625717597343,213.3203435080979,23.479900492504495,11.135550232829237,2025-08-25,50.92581933263419,27.62982586484455
B-02811,M-09,Denim,Op-11,Night,1285.783410564234,202.9004329714184,51.471950460510556,7.553428622294475,2026-04-25,67.02591823412246,36.65008800064709
B-02812,M-05,Cotton,Op-08,Evening,715.7986142102658,224.4119018564216,10.95168891329124,2.124523479653467,2025-11-05,64.73111437202382,27.636781931222533
B-02813,M-07,Cotton,Op-12,Evening,1793.0762854641916,222.80166780778745,84.14734000826229,5.966149551265385,2025-11-14,31.536358982524977,30.74620518007221
B-02814,M-02,Denim,Op-05,Evening,1394.5697490535485,294.3301209238986,43.26182571147182,2.9103156557864196,2026-08-15,58.415255229741845,35.962500960128594
B-02815,M-07,Silk,Op-13,Morning,8317.22196819483,216.57720030944353,121.58111864186581,9.564330681794603,2025-10-28,66.43546242376763,35.22423030330948
B-02816,M-06,Silk,Op-16,Morning,1106.353633759219,255.22599452287972,24.893942358005432,14.347977767611384,2026-05-01,33.9473482418311,30.710733555943897
B-02817,M-09,Denim,Op-13,Night,838.0908414752446,201.16213670394302,35.866336626662346,9.485250767791515,2025-11-02,30.48861157097406,35.60413144402382
B-02818,M-10,Polyester,Op-13,Morning,1948.2662368518995,136.12874664493899,45.57601430223697,9.323735873053272,2026-08-24,,28.53250746952789
B-02819,M-02,Silk,Op-14,Morning,1348.4501771562568,256.47661864471,54.000235561660915,1.3227389682329416,2026-01-27,78.47000562830934,36.197631714114216
B-02820,M-10,Wool,Op-03,Morning,1640.5810732707553,177.8121419237305,318.0301086386384,11.522687711827391,2026-07-14,49.33851043014788,37.97413659149586
B-02821,M-09,Silk,Op-13,Night,1327.006314048614,163.8422071774545,41.04124010048851,6.939321434133827,2025-10-12,54.621134469929736,37.12706697627017
B-02822,M-08,Polyester,Op-07,Night,1043.6897729218408,149.54723280702316,15.490392517849404,6.721463703090761,2026-05-08,55.78680522071849,34.92229714406473
B-02823,M-08,Polyester,Op-14,Evening,832.4137823587264,175.93080317373466,19.117361529106358,6.045577671673204,2026-03-18,49.58740438026059,35.87042529280649
B-02824,M-03,Polyester,Op-01,Evening,1252.847270603997,224.78140657157928,34.91841513248563,4.250499702570472,2026-05-10,65.93476935737695,30.94222639476562
B-02825,M-04,Cotton,Op-05,Morning,1714.6760401074707,148.6990518370364,77.16446598274463,13.364463588600525,2026-01-28,58.052436768335184,32.183497587593166
B-02826,M-10,Wool,Op-03,Evening,1726.374031774004,220.31241376438007,282.22536119378435,11.544627853874438,2026-01-03,51.66597451164484,30.947555069994927
B-02827,M-10,Polyester,Op-06,Evening,1744.138106279498,111.93433113649934,37.14346711552932,3.371587758856502,2026-06-17,69.79163294752207,20.022919012565126
B-02828,M-02,Polyester,Op-13,Night,1376.0579867399326,219.0899862938593,53.68335628098805,11.88014071521263,2026-04-26,55.296312724608526,30.188037390619407
B-02829,M-03,Silk,Op-06,Night,1247.9366948994252,221.6982173127234,12.656523636112158,13.568836955570713,2026-01-27,50.072550380618594,27.702501418384443
B-02830,M-07,Wool,Op-14,Night,1420.139392281848,105.9543814814264,29.518231515139206,8.058078856196428,2026-07-01,70.21168945161133,30.998421410393263
B-02831,M-05,Cotton,Op-20,Night,1679.252632174057,153.94340081650776,28.211195472697497,11.262444933242582,2025-12-04,,32.20516910380462
B-02832,M-01,Denim,Op-06,Evening,1857.7008122662785,140.12873659143915,33.42823358610515,14.854219037969377,2025-11-29,30.365524432747037,25.26966754285806
B-02833,M-05,Denim,Op-08,Evening,520.9901152556939,246.4735800294631,14.46967034898552,10.707961229394348,2026-06-02,69.61754821774653,25.133970929291305
B-02834,M-04,Silk,Op-17,Evening,1488.670282432321,187.9537007776287,384.2279642197315,10.762560784450821,2026-07-21,61.698670422022104,22.29295606044353
B-02835,M-08,Denim,Op-08,Night,1483.7515814261078,131.01872125420047,28.35807097649513,4.751950283135091,2026-01-06,49.65885157938002,25.598592433128868
B-02836,M-06,Silk,Op-03,Night,1708.0365052426637,227.64644927204046,30.142269450884704,8.916609841703504,2025-10-02,41.29763554266269,38.36153124537283
B-02837,M-04,Denim,Op-15,Morning,1692.4263992370156,293.3345333410586,31.645689044465524,11.179298209139304,2026-05-08,79.64293875923148,33.02102233955893
B-02838,M-02,Cotton,Op-06,Evening,805.7292405747669,607.7517951677901,238.48884431237798,1.0998202830940849,2025-11-16,64.08492350414173,25.37335569255655
B-02839,M-07,Polyester,Op-02,Night,1948.533374840554,148.43442460945542,58.533696021541665,11.097557364016353,2025-12-10,67.75588946527085,24.419963150472704
B-02840,M-08,Polyester,Op-06,Morning,1025.3028879694525,254.38124868001785,19.897256281763834,9.714766466406523,2026-08-07,53.79915274302735,35.587265300954364
B-02841,M-07,Silk,Op-10,Night,1630.4328208765387,273.07486241856486,337.4002134541145,13.300702355306015,2026-03-02,69.1836796509802,28.160283339965375
B-02842,M-05,Polyester,Op-18,Evening,1457.9380986536385,132.21483561389374,18.415315462814323,14.726284580909498,2026-04-20,65.19929609323316,35.067550904927366
B-02843,M-04,Denim,Op-11,Morning,1645.1267213310077,254.94468584412027,23.71840862104447,10.404818169071218,2026-06-08,44.59548068951718,29.793800843217632
B-02844,M-06,Cotton,Op-02,Night,1207.380599688729,148.76477052008096,15.771705704012227,5.887357810917148,2026-06-30,38.130020420184934,24.60108735493794
B-02845,M-04,Cotton,Op-01,Morning,1879.852049655382,206.08213759508067,66.04245303037959,6.554387597678356,2026-01-25,,30.700584255375677
B-02846,M-04,Cotton,Op-07,Night,1882.8181900540237,135.73859045726266,20.527361358281944,5.137734980893047,2026-04-10,78.78946681720574,27.423859732970488
B-02847,M-10,Cotton,Op-14,Night,721.4652389557382,105.26774034971041,35.95454558610632,14.858923993890198,2026-06-16,43.94354244956115,38.47085513872452
B-02848,M-02,Denim,Op-14,Night,0.0,106.63926301311236,0.0,2.1422828254169772,2026-02-11,54.07945275539389,28.12344025822972
B-02849,M-06,Silk,Op-09,Morning,1302.1095731202668,238.74521229248845,18.610721938309013,13.550793816994952,2026-08-18,37.34359379166037,24.594693082370572
B-02850,M-05,Silk,Op-18,Morning,709.4575988448685,202.51679338684664,11.541579601083265,5.496509625544496,2026-07-07,51.15864197633775,39.64979663588124
B-02851,M-03,Wool,Op-01,Night,5324.533481073349,119.77423101073019,138.8161447960317,5.458948385694301,2026-06-22,56.376296183729934,38.93263491930675
B-02852,M-07,Wool,Op-19,Night,718.6117638109665,145.99792265828904,24.704768250038647,9.653268724309866,2026-01-27,33.37119331018408,29.294475125000748
B-02853,M-03,Polyester,Op-06,Morning,1132.7875885512453,103.82527012474607,26.08340806972034,14.797270996640115,2025-09-23,48.35578836702676,35.57154373866534
B-02854,M-08,Silk,Op-08,Evening,1212.5251354901284,177.6927285221993,55.26641019995341,5.795549213134508,2026-04-11,31.092568860388937,27.20041875709007
B-02855,M-06,Polyester,Op-20,Evening,1535.5900078905256,129.08457181908796,24.48863076819397,9.276170064718348,2026-08-04,74.61154299744358,34.00068081929711
B-02856,M-07,Polyester,Op-15,Evening,1801.748745101745,160.30880265777307,85.1583928634046,7.357066020372785,2025-09-01,56.30713798445732,37.0101320875639
B-02857,M-10,Cotton,Op-08,Morning,1894.4793166858342,101.59083625570813,57.970146731909885,13.906438798196401,2026-04-19,32.719348300078614,25.315473136348707
B-02858,M-10,Denim,Op-04,Night,1219.888533506591,220.9419587774784,25.570068621273947,7.712247202318082,2026-01-18,76.71878398202104,24.81097696429174
B-02859,M-04,Silk,Op-11,Night,1881.1069035395842,115.34790274905124,71.04804423185422,9.533851506667338,2025-07-30,64.08679760328053,30.11083446859479
B-02860,M-10,Denim,Op-15,Evening,759.1319690179505,270.526446554308,24.146806081901666,2.960359652578398,2026-01-12,50.04062221578749,21.505152026164115
B-02861,M-10,Wool,Op-08,Morning,1504.6187111384588,288.2443270190581,43.84078785595352,11.350706742544013,2025-08-30,57.05514582270756,38.65234034340668
B-02862,M-02,Cotton,Op-13,Morning,1341.808479648304,219.21970553401917,43.19776303277352,6.739716162411936,2025-11-19,71.9241345282912,23.703518776901184
B-02863,M-02,Silk,Op-06,Morning,0.0,280.79523437531543,0.0,13.374857550079897,2026-06-29,55.4370144715071,32.86322902326683
B-02864,M-09,Polyester,Op-09,Evening,1202.2666443203004,281.25315851460994,52.90377299182264,14.029855904694635,2026-01-18,74.77070290335098,22.767417236272763
B-02865,M-04,Cotton,Op-16,Evening,1922.5455965322205,172.24993891472093,95.6261507606691,8.26104805190337,2026-02-09,68.9547627906498,31.241562751312976
B-02866,M-08,Wool,Op-20,Morning,1183.5700477352425,242.7885422414755,37.69218910078936,12.09627596275162,2026-01-01,54.70502078792197,37.13967611422751
B-02867,M-04,Polyester,Op-17,Night,1117.4761952024471,121.5647347703894,22.42459165749006,6.507790068905939,2025-12-22,66.69682273666422,38.42572823360214
B-02868,M-09,Wool,Op-17,Evening,1032.8532759957538,130.79219882088523,35.822513382238455,10.670120519205563,2025-12-08,78.00942150049627,32.81904439696351
B-02869,M-04,Cotton,Op-19,Morning,1330.234895750651,117.6911481371073,48.499128183947334,11.21305357001137,2025-10-01,,32.04099087098702
B-02870,M-05,Silk,Op-11,Evening,1848.2166395411323,256.79215741220355,61.45562309494566,11.932813530163365,2025-09-11,76.35918844396738,39.79869902925999
B-02871,M-08,Denim,Op-19,Morning,663.3224240467487,191.82598155508728,8.41511476061857,12.026416050463022,2025-08-12,31.38626623809246,21.137748767122982
B-02872,M-08,Silk,Op-19,Morning,1596.5536374924661,200.2333257126344,36.466550224611915,6.16457120928831,2025-09-09,35.2808522630868,34.644805004117785
B-02873,M-04,Wool,Op-17,Evening,897.9861050970007,230.4638403107102,18.72198731929885,8.826152496355785,2025-10-11,48.12053209066508,32.82974941611176
B-02874,M-07,Silk,Op-17,Evening,1692.2453924064903,145.86379006153078,29.28525252827328,3.223727735348219,2026-01-09,69.12197047494374,34.15784061395866
B-02875,M-02,Denim,Op-16,Night,674.3686290349069,267.6798176973384,10.092875681667689,11.872378750753633,2026-03-22,46.36286868498321,33.16394816426733
B-02876,M-01,Denim,Op-04,Night,1260.5714885715172,103.74605841208397,33.86810933678085,6.482426332901777,2026-01-01,33.74214107357025,29.502943603137652
B-02877,M-01,Cotton,Op-16,Night,1166.577539957084,109.06626040959881,45.037916884434395,6.062628777945654,2025-11-27,67.82419245499582,27.378287467072404
B-02878,M-01,Polyester,Op-07,Evening,1054.2180854506,184.6478882980373,11.93011246182386,8.894489579609726,2025-11-03,77.53409684035412,22.177208932933105
B-02879,M-04,Cotton,Op-05,Night,1411.9357757150678,289.81941778568523,50.545254635360024,14.856123855766008,2026-02-07,54.20821236960009,29.36163242170197
B-02880,M-05,Wool,Op-15,Morning,1333.4521358074549,226.81761152282363,37.96948733036778,13.23599195753052,2026-04-15,67.31530847438046,29.937547833735913
B-02881,M-05,Denim,Op-20,Evening,1459.402622769674,191.1412568840595,43.111549726439236,7.408910917718957,2026-08-10,30.81529508932524,23.481282748146167
B-02882,M-03,Cotton,Op-02,Evening,1733.9801885755537,155.74540134542482,83.80662526126117,8.317008063836086,2026-06-30,47.24810423796161,22.09607979079178
B-02883,M-10,Silk,Op-16,Evening,1782.0108053754525,115.69848489338128,39.37520524834578,11.077021674555985,2026-07-02,47.37899521787501,39.89699614123585
B-02884,M-03,Denim,Op-01,Evening,858.1076680438998,213.57810966108104,32.93083493754856,12.691766286804857,2026-03-14,,23.85037743639596
B-02885,M-09,Polyester,Op-01,Evening,592.1098747116826,791.992123850113,235.70522521700158,2.135048826062183,2026-02-11,75.71156881720813,29.816144989054056
B-02886,M-06,Silk,Op-11,Night,1475.2671889415178,505.6174141383172,504.90349223500476,8.086381199172834,2026-03-10,56.45815504778312,30.288928562706197
B-02887,M-09,Wool,Op-10,Morning,1568.591452929482,123.09395503557758,21.04407812861448,8.98335219424121,2026-05-01,58.41805912178873,33.649008403808004
B-02888,M-07,Cotton,Op-01,Night,1439.7549608991444,156.15039014926822,21.24519799170223,8.098041866946406,2026-05-28,68.66617763520384,34.112918727260265
B-02889,M-03,Denim,Op-19,Morning,1386.7771806741098,293.82330618814774,56.80257709111779,3.194772122690032,2026-05-25,72.64535438627075,34.050961611075536
B-02890,M-07,Cotton,Op-15,Night,922.9374907139681,157.5777858759685,31.401903488447626,13.684272380870834,2026-08-08,47.99160160462793,21.26030781385621
B-02891,M-02,Polyester,Op-02,Morning,687.226503562764,259.3192482815816,9.954163857592594,9.984450195014803,2026-05-13,73.73632526106041,35.69674499565271
B-02892,M-03,Cotton,Op-13,Morning,1071.6060146516334,254.91204998291747,11.380452304594224,6.842780625728561,2025-08-20,78.61827423899891,34.714808997868985
B-02893,M-02,Wool,Op-06,Night,1819.9785373412547,120.16095697371152,57.245577824938955,2.967332138521202,2026-02-15,66.72462003055254,37.299371188609605
B-02894,M-03,Polyester,Op-14,Morning,933.5745994186688,170.2631090506351,32.072660152894485,5.8004506143447845,2026-07-30,46.33390519047561,24.858193436432998
B-02895,M-03,Denim,Op-02,Evening,1850.6079778476008,161.41648261666825,87.41065724570599,3.613720164459769,2026-04-03,71.92888331857125,34.83566661779406
B-02896,M-09,Polyester,Op-02,Evening,748.2796034073644,128.8502628233183,25.41057671738055,8.580011520269954,2026-05-20,60.72168274175476,29.60346883719179
B-02897,M-03,Denim,Op-19,Night,770.569653312607,195.9227508328167,21.612668878487806,10.21329585315535,2026-07-31,51.635322462435184,33.58894671633196
B-02898,M-05,Denim,Op-14,Morning,6773.135472215593,160.7210094174185,104.60331361417185,6.752628825840232,2025-11-10,31.154481134110043,33.37050276892228
B-02899,M-03,Silk,Op-11,Morning,1980.1633960783365,152.73965109021339,43.08174942728777,2.7726957036708217,2026-02-23,48.487625398651396,34.771140812671135
B-02900,M-05,Cotton,Op-15,Morning,1362.0548058792317,183.11199888742846,46.963862041876936,2.648695891872659,2025-09-05,46.51435062460551,34.49741011428134
B-02901,M-07,Cotton,Op-05,Night,679.6675698253415,132.6644819428617,22.9812121781068,9.970267030304237,2025-12-07,70.67077071604345,26.989489919163386
B-02902,M-10,Polyester,Op-17,Morning,755.9653831281579,162.27526738106477,32.238161110001535,1.2837828794227364,2026-02-03,68.41379738997614,28.020196395459337
B-02903,M-06,Polyester,Op-16,Morning,1562.5594940340895,265.7488531456954,60.46028869934787,4.999221374160359,2025-10-01,39.25543652139226,39.43811365303341
B-02904,M-04,Cotton,Op-13,Evening,1751.0634018900055,102.62667474198675,57.24856150286072,5.962462684142412,2026-03-24,67.14083452886658,21.559656659799668
B-02905,M-09,Polyester,Op-04,Morning,1143.6091511825048,103.52330142822146,40.32534708347409,4.303658079672319,2025-08-03,44.239599453335714,22.23719892692645
B-02906,M-05,Cotton,Op-13,Morning,863.5968143778335,155.52389992387768,33.641277052136914,13.575340374802064,2026-07-15,53.356154634656974,27.842562939385445
B-02907,M-01,Cotton,Op-16,Morning,1864.4206953243681,105.00726724748877,76.24792464744071,7.275343851775551,2025-09-07,60.53906780389737,26.371261962519792
B-02908,M-08,Denim,Op-04,Night,1957.2156054054108,288.68547325005665,55.47754936142788,4.7237555513191865,2026-07-30,41.3169139218743,39.14981062042442
B-02909,M-08,Wool,Op-13,Evening,812.4465846270376,241.39939272608365,13.404691175636687,4.981884534653082,2025-09-03,43.36234875355262,37.58498086155569
B-02910,M-01,Wool,Op-01,Morning,596.5894196993546,153.83728803433746,20.936401503574007,9.497235779734853,2025-09-15,36.15439267016353,29.431893445535877
B-02911,M-06,Cotton,Op-05,Evening,1773.1054888897609,145.97391824045087,48.27624182950953,12.442848527359052,2025-09-21,41.745313056561926,33.53533082479281
B-02912,M-03,Cotton,Op-03,Morning,672.0218635680053,242.85269256436973,24.28123174504271,4.048676659686249,2025-09-16,38.831171301229574,27.166458571787665
B-02913,M-08,Silk,Op-08,Night,850.9947181859417,136.73230775637714,16.470755765438263,1.1393507599871007,2026-01-23,53.58215485508618,28.572911386303655
B-02914,M-06,Polyester,Op-13,Night,580.4782460145361,185.85117491916736,6.027284130378867,12.034871555002837,2025-09-14,65.76410656635885,37.215897797203404
B-02915,M-05,Cotton,Op-12,Night,1949.6289752068976,168.28245052548965,396.48455601001695,14.865569145287507,2026-05-11,42.63097303008873,29.430727751564895
B-02916,M-04,Polyester,Op-15,Night,1763.4231481223237,249.28378794746774,23.98776487967706,14.890120093220673,2025-07-31,60.67573413587563,29.265132087890052
B-02917,M-10,Denim,Op-13,Night,58.32097189658013,210.30613058645656,26.738679413443112,10.806684575661984,2026-06-30,50.33711935956557,30.95431416358472
B-02918,M-02,Denim,Op-10,Night,728.0895916670485,258.44318076095493,15.974114184445414,1.8686336459056139,2025-09-25,,21.632632997026768
B-02919,M-05,Wool,Op-20,Morning,1271.282271381517,181.2549601119173,26.918452359187267,1.6274283493913018,2025-12-07,77.87457789354758,39.05739040716168
B-02920,M-06,Denim,Op-09,Evening,1597.2884229028723,215.71508227664475,47.353415396951874,4.324673730078737,2026-03-11,,25.24343103483231
B-02921,M-06,Polyester,Op-15,Night,1128.85541224604,158.24586564625284,19.83505072483072,12.305162348272084,2025-10-29,54.073145881869245,33.09696124778256
B-02922,M-02,Wool,Op-09,Evening,1300.26149377473,163.5952098893243,31.42579525561711,8.369790545528295,2025-09-15,69.0412916705464,35.37826420182523
B-02923,M-03,Cotton,Op-08,Evening,1541.4156756194586,288.2579900788554,21.88220737859732,9.75937061894869,2025-11-05,37.420506169131855,33.5941725855819
B-02924,M-05,Wool,Op-01,Morning,1808.1656131895406,203.33209916038805,83.40754567304882,6.391970308362113,2026-06-09,32.85032973248462,27.615674691842194
B-02925,M-03,Cotton,Op-11,Evening,531.4744944294548,194.929631556361,17.614341457655737,14.036213275548713,2026-03-29,49.742049988251054,28.563513749243008
B-02926,M-09,Cotton,Op-20,Morning,1194.406000365775,133.72033824751048,17.02573835211176,1.2597775469780457,2026-07-26,60.49058289893508,38.416131740156246
B-02927,M-08,Silk,Op-13,Morning,816.4290788791301,174.0458971649947,9.959059067899638,12.322391206295675,2026-03-30,43.46301582354888,37.64108808557537
B-02928,M-08,Polyester,Op-03,Evening,1911.4349318884024,212.149415574753,31.84957127428376,10.222887498827863,2026-01-19,48.38447612681766,35.63988571022121
B-02929,M-10,Polyester,Op-14,Evening,573.3677379177306,179.10338862151144,18.85549041395911,12.951739995734552,2026-01-20,67.74634183188473,30.34311940977916
B-02930,M-08,Silk,Op-10,Evening,0.0,268.13630172351645,0.0,12.017435561498758,2026-03-12,62.823519694347134,29.323820726578766
B-02931,M-10,Polyester,Op-19,Night,6533.369858440381,228.8860987029237,140.70107922373222,6.205213968042031,2026-05-10,60.90111393407562,31.508818530613308
B-02932,M-08,Silk,Op-03,Night,1360.8671090500968,185.62696894221887,17.292547239833592,4.690042834819374,2025-11-03,68.04816588804044,30.62934991914826
B-02933,M-09,Silk,Op-10,Evening,1052.4747584391882,276.98269144239873,13.749652683193743,11.573311436799328,2025-10-22,46.16233919720035,38.76366304089018
B-02934,M-06,Denim,Op-18,Evening,1941.8520558382834,149.14101849693515,61.29176428000794,1.1273185242338697,2026-06-19,51.69040182591634,27.179408593740174
B-02935,M-01,Denim,Op-11,Night,1695.1592908547682,268.4861604300894,20.175623746661003,6.617219994563685,2026-04-20,51.49228718531751,22.963554606589472
B-02936,M-08,Silk,Op-08,Morning,1461.8224853525371,112.88752511053846,46.16569566114049,11.273621671900383,2026-07-31,56.954507251112375,23.97165956452167
B-02937,M-08,Cotton,Op-18,Evening,774.4965749031483,187.74744150208238,30.169079144572752,12.193844427391205,2025-10-06,53.09596467053187,22.973986365950964
B-02938,M-02,Polyester,Op-03,Morning,780.1526244050133,247.7099748740219,29.914282211130715,7.710932049021666,2025-11-22,52.68708795471508,37.028700757149494
B-02939,M-01,Denim,Op-14,Morning,549.3661954324089,159.23486292032047,21.487374706809554,13.192889251898581,2026-03-17,30.91630842725993,30.905068925239405
B-02940,M-06,Denim,Op-11,Night,1432.7841282268637,252.10644042088728,51.33325494221635,11.159685884806441,2026-03-29,64.60153475765566,36.43079721851304
B-02941,M-03,Cotton,Op-06,Night,1103.6277413854732,194.38182198291753,26.13729508257202,11.034146957540308,2025-12-03,73.8153014833397,25.444376016795513
B-02942,M-05,Denim,Op-19,Night,1896.109094543619,215.70235848188906,81.41540264650364,3.5054654398900142,2025-10-21,63.184756945619135,39.81524311078759
B-02943,M-05,Denim,Op-02,Evening,1618.6117048271042,141.60933085325385,73.76272659673589,13.265956985576102,2026-06-10,,30.51577687071093
B-02944,M-08,Cotton,Op-06,Morning,994.741744137319,112.41021052708655,252.31238646114434,7.663663561236445,2025-08-11,43.491880240893884,34.304585795525966
B-02945,M-03,Denim,Op-16,Night,1830.4008945638052,190.60480272024125,55.481448892074546,11.802970320734223,2026-02-09,72.15217183358517,34.21751255167085
B-02946,M-08,Denim,Op-01,Night,1438.799164423052,240.10139913577606,41.16342916173631,4.543181645099977,2026-04-25,70.47896304574924,39.00649077934547
B-02947,M-02,Cotton,Op-14,Morning,1551.600774664816,247.4051811580708,43.37820894142189,10.271465665300724,2025-09-21,57.355755416431776,37.63295909149621
B-02948,M-06,Denim,Op-08,Evening,591.6544347299053,268.91127514243203,6.644348892641398,10.435737812431709,2026-01-22,72.46293132498232,22.770948848893887
B-02949,M-01,Cotton,Op-09,Evening,1901.561810573752,129.54566117011484,28.99974641716447,12.335132648986326,2026-05-10,71.16049710903178,34.17410401098006
B-02950,M-04,Polyester,Op-06,Night,1501.0979368412113,277.81731666537314,19.950905982575282,6.957443027212365,2026-03-04,50.67584271892994,28.857166191588384
B-02951,M-01,Polyester,Op-11,Evening,1838.03835354496,273.8365727961021,33.28113301460547,14.970730505064008,2026-03-08,59.25915707492067,35.02383272902772
B-02952,M-08,Denim,Op-02,Evening,1501.2932273362544,229.94656975147814,67.18788460336101,13.616922301782575,2026-07-05,71.53963614195371,38.76932925235526
B-02953,M-07,Silk,Op-13,Night,1803.040842348278,112.74466533774365,22.106335461948714,12.843467337743382,2026-01-04,60.37391972515591,27.608889035319223
B-02954,M-05,Wool,Op-09,Night,1516.51066215207,165.6403501075235,65.23646195947664,7.548867709804487,2025-09-18,64.08642185275671,38.23549094048286
B-02955,M-03,Silk,Op-18,Night,1175.8956936553998,177.5566314892758,57.43570835140011,4.356916343816664,2026-03-11,48.621337558798416,22.220927745837965
B-02956,M-03,Polyester,Op-20,Evening,1360.8761659393683,125.56116855904259,15.541389191383448,5.939284129722681,2026-03-20,57.3519571810328,30.657712732817394
B-02957,M-07,Cotton,Op-18,Night,1926.261551343667,155.0751362949889,29.87905354576895,1.2265853650464766,2026-03-15,33.82220044751412,31.603898064959537
B-02958,M-09,Cotton,Op-04,Morning,562.587189280255,175.92529328254227,15.026943974445862,9.71865669276264,2025-08-23,35.59199024208062,26.266556643026313
B-02959,M-07,Wool,Op-20,Morning,739.1901466801507,201.21477969334202,14.72162145277291,2.192997216624793,2026-03-16,32.32592481725343,30.396707343102698
B-02960,M-06,Polyester,Op-07,Evening,643.0607118470413,184.78251749752644,28.85835232969129,13.811970353243526,2026-04-06,66.20962233270774,36.312318306940554
B-02961,M-03,Wool,Op-15,Morning,1958.9416120946285,252.6493147028346,73.39448014100745,9.517710907152715,2026-03-17,48.27129401511236,23.63286473115432
B-02962,M-05,Silk,Op-16,Evening,1992.4249791829127,193.4717369237838,52.62437593405897,11.131511153299307,2025-11-10,54.754622499657806,28.638668467269532
B-02963,M-04,Denim,Op-05,Night,1256.9370243975463,173.379132373075,24.017487976479753,11.482826505505308,2025-08-29,73.71360132957582,37.657706132903684
B-02964,M-02,Wool,Op-08,Night,1843.8637080972362,168.310246371021,22.345150403056458,5.330307316794167,2026-03-04,66.3378028699118,26.09392680172579
B-02965,M-01,Denim,Op-17,Night,1060.426658465462,244.2931200716698,41.727195669084814,5.577417883782472,2025-12-14,61.477952799757325,33.20238888526261
B-02966,M-03,Cotton,Op-10,Evening,1845.6956994664047,186.5128998536863,71.1620135876501,3.330049073274399,2025-12-19,45.946285771594475,28.643345103479717
B-02967,M-03,Denim,Op-13,Night,519.6831883424503,163.1570766879758,139.00764359289613,11.917796134270436,2026-04-15,63.54288516653477,34.6347994717121
B-02968,M-06,Polyester,Op-06,Night,1523.2747492291671,708.068736791141,586.3814357021338,14.770376604294155,2026-07-12,58.45365977950369,24.05538418737678
B-02969,M-10,Polyester,Op-14,Morning,768.0801938088463,116.46929914915727,19.27222962994338,13.341434672588086,2026-04-01,75.76389894564173,25.52758690631799
B-02970,M-09,Cotton,Op-12,Night,1490.2819962467875,165.98600416849496,27.33094957745047,13.280221915780741,2025-09-24,35.37893513569313,20.759644419203905
B-02971,M-08,Wool,Op-09,Morning,929.1316673074534,122.58531825777501,43.257478937385315,1.9196660107690542,2026-06-19,67.78038567508992,23.285531318045148
B-02972,M-10,Cotton,Op-04,Morning,1051.999492172144,234.1211619442691,34.11183782346075,4.1556296067632035,2026-03-26,42.01613842459334,31.494184057351507
B-02973,M-04,Polyester,Op-20,Night,1653.093842018122,251.5626611388532,57.69816515449195,10.389628705291255,2025-10-12,52.45652829467455,37.812807725612345
B-02974,M-05,Polyester,Op-04,Morning,1985.2977356935357,263.8739635868717,65.26671995725131,1.6203373573365671,2026-06-11,,26.411878141606355
B-02975,M-04,Cotton,Op-03,Evening,1582.2043068072308,210.0672995523883,19.234331440109823,12.005825914470545,2025-10-28,44.13278263786723,23.6782410246565
B-02976,M-09,Cotton,Op-19,Evening,1359.970616857283,237.71990413509906,19.001147505096345,5.566096039671062,2025-09-15,60.67920924279383,21.043144617066584
B-02977,M-10,Cotton,Op-17,Morning,1552.6321583877475,173.61394104345976,26.218842503157756,10.398676435442079,2026-07-23,71.5860560139959,37.05244874952234
B-02978,M-08,Polyester,Op-08,Evening,1229.4283585270198,246.7853447264973,21.762594181807707,11.835728347736746,2025-10-11,69.23379903644388,24.56334668761169
B-02979,M-08,Cotton,Op-01,Night,1385.018702410544,248.21715954764394,30.45367108543295,5.467953217478706,2026-05-08,35.235257843121076,34.33492765820155
B-02980,M-05,Cotton,Op-11,Morning,749.5440864675827,129.54470567942633,8.114919611768926,5.408733665374028,2026-07-01,59.633903295687276,27.168044773876332
B-02981,M-05,Wool,Op-12,Evening,645.3626520167165,158.1006494397238,9.548421061539681,10.235862750059287,2026-08-13,34.92575367342669,31.213137070013637
B-02982,M-08,Denim,Op-12,Night,817.4229910240722,134.43770551115256,35.34711748460669,1.9412008979913469,2026-06-10,63.56649086932951,29.26807094772069
B-02983,M-04,Cotton,Op-13,Morning,648.3362599734754,128.94658666761444,17.075068892650883,5.290408238906309,2026-05-19,68.29329934694042,26.115176463113976
B-02984,M-01,Silk,Op-15,Morning,952.4053494457469,116.04485836020599,34.60496615217038,14.152070720546623,2026-05-23,57.42694960355944,35.75666376370994
B-02985,M-08,Cotton,Op-01,Evening,1271.3814185929627,117.93565133187602,44.707524618474736,9.998269633784261,2025-10-27,37.76851779684161,28.287663387125534
B-02986,M-04,Polyester,Op-08,Morning,0.0,237.0090351417239,0.0,10.401469406764804,2025-09-08,37.45211045876037,26.922570801431757
B-02987,M-01,Wool,Op-16,Morning,1928.8789719761287,152.82207803581514,61.87644645308854,2.2277539282723304,2026-04-09,53.77850383768268,37.133964462551376
B-02988,M-07,Silk,Op-18,Evening,570.16572528517,294.8544481055892,15.980337850856078,12.60109873947641,2026-03-30,36.579703852575506,38.43595513007018
B-02989,M-04,Denim,Op-11,Night,1057.8469858624117,192.21066610543764,13.085501730146692,12.68400739619326,2025-08-18,,33.18959356573572
B-02990,M-03,Silk,Op-18,Evening,1936.4065566742563,129.55682669566355,32.58833403153926,11.437951324294914,2025-08-12,61.80682652140655,23.750560958931217
B-02991,M-07,Cotton,Op-07,Evening,1805.4913905570381,183.93898469991944,52.66563319051512,10.16407119843794,2025-12-05,55.20355019283366,34.54707034151919
B-02992,M-08,Polyester,Op-13,Night,931.0698728833526,172.67667419929927,44.11801552376091,13.027087722304797,2025-10-06,53.40173464613635,24.268986644892188
B-02993,M-08,Silk,Op-17,Evening,1694.9006847475655,111.13322921123982,33.028033464795,14.985201467727249,2026-01-28,64.74633482200511,23.20533198081174
B-02994,M-07,Polyester,Op-16,Morning,1538.6682218623205,255.9522110558244,34.28895635765977,4.346503204097286,2026-06-22,,25.139377077985415
B-02995,M-07,Cotton,Op-04,Evening,1397.0275472549552,134.36323566025538,285.796779913848,2.4594047843868854,2026-02-25,63.94320445427568,35.5819587958634
B-02996,M-06,Denim,Op-06,Night,1148.0640702897144,177.68156677439038,29.123591169627,14.439788715327452,2026-07-01,68.40449526095702,24.161744297002205
B-02997,M-02,Cotton,Op-10,Evening,1316.0184370446646,222.59717241273768,39.752069751797684,7.5545745444027395,2026-08-12,70.50633175059795,35.35212038916463
B-02998,M-01,Silk,Op-11,Evening,1781.6440801725955,250.21790608847718,36.89059136372477,11.900145882089006,2025-08-29,77.82003897167084,25.329338824184052
B-02999,M-04,Denim,Op-17,Evening,1833.4283835359602,254.4452746771359,28.940911842526184,13.971637580098783,2025-07-25,33.15650801622265,32.55514154523193
B-03000,M-05,Silk,Op-11,Evening,1255.845797438874,531.5564854636915,332.25605277144894,2.7930991257883098,2026-03-07,30.608417269101658,32.60477624765809
B-03001,M-02,Cotton,Op-20,Evening,753.4161371773774,288.3389663003319,27.055347111873484,5.480068400658873,2025-10-02,46.6976761644695,36.79716006799171
B-03002,M-10,Denim,Op-09,Night,1565.257411104502,227.20036079779211,67.67898671998104,14.246747975279915,2026-06-24,40.35004157790226,39.78078483511591
B-03003,M-07,Wool,Op-08,Night,1383.4588833145133,232.4743248792498,67.0408062829062,10.083562271008597,2026-02-20,32.919811202957696,24.360329970638773
B-03004,M-10,Polyester,Op-09,Morning,1301.546643289069,175.67072065238239,51.34536933960161,11.66853848744705,2025-07-24,56.22594713279048,20.26325542863795
B-03005,M-02,Polyester,Op-14,Night,1598.3263400792919,133.02974242199488,23.318683762298406,14.393241237938987,2026-04-17,41.19540657705572,29.154987347643985
B-03006,M-09,Silk,Op-07,Night,1404.9234791758827,175.0902240114425,331.1647479505112,5.944428470935876,2025-12-28,71.34884386104736,20.191234257009565
B-03007,M-10,Silk,Op-04,Evening,1979.1477702202985,217.8886441208498,86.38696171684197,1.7753078780714109,2026-05-27,32.53226632218632,37.66305972743664
B-03008,M-03,Cotton,Op-16,Night,1018.8351133730348,223.60649683622745,50.283140246028516,7.854278998778405,2025-09-04,78.35820275680261,38.99921801753783
B-03009,M-02,Denim,Op-03,Night,1799.6731709513963,281.91031815502026,87.30477368118747,4.04190290273991,2026-01-11,71.55033944948872,34.17714226408549
B-03010,M-03,Polyester,Op-11,Night,1356.892742663929,117.03343334211127,34.95971102164518,9.363584476620142,2026-06-28,64.32904640106439,24.406420574248564
B-03011,M-09,Wool,Op-16,Night,1397.75512107752,500.3730316598306,493.5790019168959,6.2492680413412955,2026-07-12,36.65433195863987,38.81493446155332
B-03012,M-02,Polyester,Op-20,Evening,1609.692488986788,101.9461920311046,66.18966136348324,6.174460166592704,2025-10-06,60.33738451627653,29.05501303716072
B-03013,M-10,Silk,Op-18,Evening,1138.187498951651,130.7725938907674,17.899423962799435,14.6698187398336,2026-07-12,42.101999638802326,34.353846210826646
B-03014,M-04,Silk,Op-12,Morning,993.5189206758989,188.40552168608474,32.15053213732024,3.691248063378895,2025-11-23,52.497978818430475,23.143256459835
B-03015,M-07,Denim,Op-19,Night,1495.569878780291,112.48685680560216,329.4929768118481,13.195849695150354,2026-06-25,39.25704425210178,24.507248506406476
B-03016,M-08,Cotton,Op-03,Evening,1249.0933987565986,125.63099691262653,31.177339607198718,12.280301506269716,2025-12-05,60.8527123052105,22.70764086618912
B-03017,M-08,Cotton,Op-17,Night,9216.805644359949,213.67100919732414,143.626713480442,2.5210829078610266,2026-04-07,48.63885228946434,24.85388796911469
B-03018,M-02,Cotton,Op-10,Evening,1150.0130455524845,281.07018046540736,39.45569397919278,9.066595775101813,2026-04-18,58.30955436987034,25.238197837507787
B-03019,M-01,Wool,Op-15,Evening,1363.8657011260946,179.3702940683728,42.95334571877738,14.869737922588527,2026-03-25,74.09454824740433,34.99172580153631
B-03020,M-09,Wool,Op-11,Night,1193.0897028419454,136.97947904463987,54.035964042435985,5.280324636204732,2026-05-25,68.69803999116051,29.074979078751028
B-03021,M-08,Denim,Op-01,Morning,721.8667045182931,201.66941920272728,35.791978451835256,10.057519576298322,2025-12-30,55.8424228153963,37.784537831699744
B-03022,M-03,Cotton,Op-18,Morning,673.7519875120546,125.9909808153842,26.50040829510588,2.824537589841695,2025-11-19,64.05885480352637,27.45352190991676
B-03023,M-07,Denim,Op-01,Morning,1108.2072093304682,225.5213442664127,14.993348708982673,11.77801207950451,2025-11-23,57.41079553274603,30.79007180900012
B-03024,M-06,Denim,Op-03,Evening,0.0,209.15543064498752,0.0,7.4677315593297395,2026-03-23,75.03910000942128,38.13061264238979
B-03025,M-01,Polyester,Op-16,Morning,1062.9471130596799,243.45983033750687,13.646737213804752,6.534038454974537,2025-08-05,41.62967994878795,26.858052871017634
B-03026,M-01,Wool,Op-17,Night,997.6662635069708,192.14844345223432,19.10962987160875,14.376732526931619,2026-01-26,45.670529310981244,38.04907078411041
B-03027,M-08,Cotton,Op-19,Night,786.4533466388741,203.799091286433,22.19949124753406,10.415159170163683,2026-04-29,32.21661254011407,24.421317300944335
B-03028,M-09,Denim,Op-14,Night,996.5065039747722,242.52421586966437,21.64036146655939,8.156248344578435,2026-05-29,38.01795528019501,37.88930758630181
B-03029,M-06,Denim,Op-11,Evening,1596.6966634466353,255.98315582108197,37.35480105311226,14.48420780358543,2026-06-20,54.92537332620507,32.316710309288645
B-03030,M-02,Denim,Op-19,Evening,1517.2689401180996,192.67669717326396,68.6996573251988,7.127133106141912,2025-12-15,72.77337645580528,21.003376869973774
B-03031,M-03,Polyester,Op-02,Morning,1778.1047567428354,201.27325071235782,25.68787634236964,7.862839958878796,2026-01-16,48.09036840177451,39.88347583363469
B-03032,M-07,Silk,Op-12,Morning,6868.667584157337,236.3363180224834,113.88416425479852,14.080620115037222,2026-02-18,69.01017484283807,32.87694405623094
B-03033,M-08,Silk,Op-02,Night,1821.8190986982704,249.9242311127286,29.146996602287235,11.60551501516121,2026-02-13,62.61282588867721,30.140870738734193
B-03034,M-08,Silk,Op-04,Morning,994.5423300575776,127.38315849537811,37.48451482712086,11.148783999932805,2026-03-05,38.011438801100255,34.04227100343371
B-03035,M-06,Polyester,Op-13,Night,1188.9567184869334,127.04573082361046,17.29898826938682,5.407211565876514,2025-07-31,46.00465545377757,34.00770266286587
B-03036,M-03,Polyester,Op-18,Evening,1743.6029693241362,252.2014580371828,69.61305563270375,3.6082968544398346,2025-09-05,65.95821908894447,33.37026362935644
B-03037,M-04,Denim,Op-06,Morning,783.3928331730417,131.51806443129374,30.95730129364093,4.310775802918559,2026-03-08,48.29358515744878,35.873299620716026
B-03038,M-01,Cotton,Op-18,Night,1888.1773884177996,111.7259118197231,44.11378254395986,1.1617879341985984,2025-11-01,64.95694148503995,25.585749915883312
B-03039,M-05,Polyester,Op-07,Morning,1320.2030388717683,120.4826246253597,57.24436883189955,9.997721831672695,2025-08-03,46.25737231155751,32.65430248601983
B-03040,M-06,Denim,Op-03,Morning,70.19435586618023,286.17461858290403,38.94694794757189,8.429633974874212,2026-02-24,76.14638825869841,24.154601644035562
B-03041,M-10,Wool,Op-12,Night,1408.8634148199444,687.2085311518441,405.49755255935366,13.781795690034121,2025-09-15,48.85585320858401,24.399604097963632
B-03042,M-07,Silk,Op-12,Night,1229.9150655340736,291.91068285998,60.2942066663536,11.257599679555218,2026-02-26,35.53008757412885,24.242601417412217
B-03043,M-04,Denim,Op-20,Night,1589.6983306902969,283.0090252289306,369.799518566437,5.254060495842109,2026-06-08,67.09334300432963,34.28005417047023
B-03044,M-10,Denim,Op-17,Night,1441.1226669054429,196.22636216549301,60.724503331191784,12.580501893212178,2026-02-23,71.64345208989948,37.012010966031134
B-03045,M-10,Cotton,Op-08,Night,1232.125215795717,176.28765962980145,37.32568252776005,12.639267972001187,2026-01-06,54.51007292781334,24.927427972559638
B-03046,M-04,Cotton,Op-12,Morning,712.7747328788632,238.32589811975978,29.27739309800035,5.702897942734689,2026-04-28,43.03293992237272,39.1301749246949
B-03047,M-06,Cotton,Op-01,Morning,1680.6042540858973,224.74439385583668,57.05810791692803,12.74841934714416,2026-03-11,,35.18324962326763
B-03048,M-01,Denim,Op-15,Morning,1941.686602777576,138.3189899368846,28.94971772350458,14.207316065926515,2026-03-28,50.07190809994324,30.567979668029732
B-03049,M-04,Polyester,Op-18,Night,1310.1611583826864,222.24135037163867,31.359391759427204,14.967821585319335,2026-02-25,78.75962055357633,39.32794583748574
B-03050,M-08,Denim,Op-06,Morning,1986.8997481175652,191.09563031902218,96.64376510015407,12.925707622666607,2026-07-06,40.8159984509486,30.116663593132046
B-03051,M-07,Polyester,Op-20,Night,1920.5470953851413,236.74697556428535,66.68529834380894,12.169400515742838,2026-04-18,38.82133483012007,34.43317098968315
B-03052,M-05,Denim,Op-12,Evening,637.3276036268692,122.63180131793526,18.297223535802235,2.518210648517666,2025-07-25,66.21784674149178,22.834304164951448
B-03053,M-03,Cotton,Op-01,Night,1035.4727088166364,210.10082815404357,29.58697066318142,10.89067082107164,2026-06-14,64.2361268610666,30.310398318287533
B-03054,M-03,Silk,Op-13,Night,1096.723392683388,272.3819896608759,26.74967409785604,5.63192526821703,2026-01-03,42.968291058374746,34.86630987310542
B-03055,M-08,Silk,Op-19,Morning,1770.4978996359027,165.57774372742895,42.012511151227564,10.827227544044234,2025-10-25,32.2554503142668,27.711257602206402
B-03056,M-01,Silk,Op-18,Night,1725.018108913885,293.411080645662,84.00051497031546,7.45233787370146,2026-01-19,71.2418138576879,33.993894019147305
B-03057,M-07,Silk,Op-10,Evening,1716.662771514237,115.4956131927461,34.4234117248649,10.985944113351307,2025-07-27,56.77498577111868,20.328721158646545
B-03058,M-06,Silk,Op-03,Evening,1882.6328675403395,285.2122745573506,19.59475821019299,12.183906442808881,2026-01-19,79.08898016389946,36.1309044924841
B-03059,M-07,Silk,Op-12,Night,931.7515104522677,106.12483644755257,40.90508407981754,2.317511562325832,2025-11-14,40.942040847538806,30.071170926510447
B-03060,M-10,Silk,Op-09,Evening,1792.950134235662,223.2403717114593,50.49415583404588,13.99446314692729,2026-05-10,55.003116329510405,37.78072088266403
B-03061,M-06,Polyester,Op-17,Night,915.8375111328235,283.2825836200856,33.44043663674884,6.431091059504171,2026-08-12,55.17020544222308,26.577212650613546
B-03062,M-05,Denim,Op-15,Morning,1992.5468375090531,105.10270977295393,33.363746721277465,13.597872084099421,2025-10-28,30.19630284946327,27.284557622924222
B-03063,M-06,Cotton,Op-20,Evening,1636.012671008827,110.12216815143469,66.86830169870022,8.74878935018059,2025-12-10,44.746306692265634,22.67340497729404
B-03064,M-01,Wool,Op-19,Night,826.125251382885,144.73504241098777,8.842928086538722,4.851074991930922,2025-10-29,59.33833819140137,33.19331863381497
B-03065,M-04,Silk,Op-08,Evening,862.8044541706854,186.19416850105657,30.228879173256885,5.647677330257264,2026-04-21,74.2085329255443,35.754174617728374
B-03066,M-07,Cotton,Op-08,Night,1007.0636239955597,240.13446896923196,40.246490527166955,12.810932179841123,2026-01-08,59.74151886794934,35.68922933786759
B-03067,M-07,Denim,Op-01,Evening,1357.6059667404834,162.4366433643022,57.26635525836571,11.440950212017805,2025-10-31,40.33981831788032,35.589766929430674
B-03068,M-10,Cotton,Op-03,Evening,1733.2173193555595,194.58319419569153,78.77551643927998,3.6947307487859034,2026-07-17,34.98618000330344,34.867225009758485
B-03069,M-07,Silk,Op-12,Night,1476.25753825536,128.8320120776739,49.8871880719668,14.088550279246036,2026-01-30,79.45510072696598,28.667572198698437
B-03070,M-05,Cotton,Op-11,Night,1665.8427800024867,247.27795801000894,62.764386188796514,14.549020687068289,2025-10-23,35.744154553939445,31.614497322856113
B-03071,M-01,Cotton,Op-08,Night,1835.1476362815051,274.82192554363013,391.52339264968185,14.69199710985806,2026-03-20,55.603922696883956,36.615217336264536
B-03072,M-04,Wool,Op-01,Morning,880.0225467092885,263.647457403846,37.508054776171896,14.801411481389218,2026-08-12,42.817086417362894,21.122631760421445
B-03073,M-06,Wool,Op-02,Evening,1430.3450788021341,291.9397601102009,19.1932870021409,4.531349067077331,2025-08-10,33.551382900064056,29.84884521733003
B-03074,M-07,Silk,Op-02,Evening,892.6850016540611,125.19557216383366,18.873600269206086,4.137850515241102,2026-03-08,35.30723264106959,39.07811998854571
B-03075,M-07,Wool,Op-15,Morning,93.88346339258806,767.0021824082173,28.829687511823995,10.482502231460641,2025-12-14,60.90187402808871,34.111263807216744
B-03076,M-03,Wool,Op-07,Night,915.9362844026351,276.0153417767689,23.723326862354366,8.58061958378322,2026-06-05,75.30687937836171,20.803356279011624
B-03077,M-06,Cotton,Op-16,Night,1921.7075275437023,149.93001855166057,62.545280287102436,14.181507444538896,2026-07-07,77.6951230564625,37.64284628451722
B-03078,M-04,Silk,Op-19,Evening,1470.4091736209577,273.92339968997385,435.7150266027293,11.862559153448583,2026-06-05,61.50469247277058,39.645188157414054
B-03079,M-01,Polyester,Op-16,Night,586.0827119106361,127.7920741484425,9.626151287264667,7.320423844006868,2026-07-21,49.24397304421576,35.654696827140555
B-03080,M-05,Wool,Op-01,Evening,1964.1427686672328,163.01317505218282,24.247633205527357,7.004931908362232,2026-02-04,43.737251622001146,31.587272346530945
B-03081,M-03,Cotton,Op-08,Morning,724.5162583556732,249.15954068374484,9.94909140929964,3.6110081676672547,2026-02-10,41.77572257783314,35.85964471449675
B-03082,M-02,Cotton,Op-18,Evening,1156.2107341562614,104.6126773994454,52.64618858173456,5.855303590450654,2026-08-03,64.94907013053773,21.802065594344565
B-03083,M-04,Wool,Op-20,Morning,1864.248564411074,120.99807502502702,19.02034008119985,14.870254109260873,2026-05-19,44.876477669774445,21.68203342263212
B-03084,M-03,Cotton,Op-14,Morning,1112.7843436457938,225.96199714122355,26.714014257300057,5.650509498646386,2026-05-06,71.83586827373114,34.332125511301
B-03085,M-10,Cotton,Op-01,Night,1601.464499912907,288.09754739384994,47.915185435383286,2.3033439796022392,2025-09-01,45.30519800788085,29.266518782333865
B-03086,M-01,Silk,Op-06,Morning,1313.2934673291104,160.1253813077297,290.95384242467355,10.341635043752888,2026-07-25,62.25422517649149,31.55643012543228
B-03087,M-05,Cotton,Op-18,Morning,1034.3403312340633,198.20769396762452,28.49966479344527,13.906130097210363,2026-04-20,54.02656715792041,20.279615836790235
B-03088,M-10,Denim,Op-04,Evening,1730.972270074073,256.01218464363365,56.33983911642475,8.187461029394534,2026-08-08,42.488450642965766,29.3017732582909
B-03089,M-06,Cotton,Op-13,Morning,1999.8071574112007,228.83561803387548,85.02803938757094,10.71970902087659,2025-10-29,54.572707178402595,27.089791015650597
B-03090,M-03,Denim,Op-09,Evening,1242.3984865088541,298.938025992905,14.741875586640727,7.3996880397526175,2026-02-05,33.40001418237887,33.651562741801655
B-03091,M-01,Denim,Op-09,Morning,875.752395327055,623.4308712279988,336.6102351051782,11.352770198698588,2025-10-20,54.71179632038064,20.572918626205134
B-03092,M-08,Denim,Op-14,Morning,1249.3434667103531,241.79502918786778,57.673777704640216,4.064158892613656,2026-03-19,68.04867822658267,34.419106209673444
B-03093,M-02,Wool,Op-12,Morning,550.7324625787988,189.50013952349025,26.262153378463825,10.508175638354823,2026-08-05,34.75819500401075,28.212081342978248
B-03094,M-02,Denim,Op-10,Night,98.54237007425047,297.0809566961263,41.97215957879451,1.7957468551174747,2025-08-28,65.89148880704457,31.62032472496539
B-03095,M-07,Polyester,Op-20,Evening,1843.99842752137,238.24808222732204,78.49734077968047,4.625945026194858,2026-02-10,75.08345728161467,28.585898357220266
B-03096,M-04,Silk,Op-20,Night,1083.2547755710998,270.1861654866482,19.12355287480389,9.912807658230681,2026-06-23,37.05233167918636,32.99326326939055
B-03097,M-07,Denim,Op-02,Morning,1117.883941841244,134.05911685040675,32.71201033424539,1.3082256193396602,2026-02-06,40.594326972497875,30.727440474482513
B-03098,M-02,Silk,Op-16,Morning,1252.2456433040957,149.53737568932027,56.660112605107734,10.592256808598606,2026-05-14,65.21316434101729,27.15935651119331
B-03099,M-06,Denim,Op-02,Morning,1466.0348249533217,242.60785505172635,62.88845979692534,4.882758851145152,2025-12-04,30.030581757779352,37.30751224204219
B-03100,M-03,Cotton,Op-12,Morning,684.7878320642453,174.8210269912613,146.88080098023977,10.258750317440157,2026-03-07,62.60554286093641,37.207006696171135
B-03101,M-02,Polyester,Op-04,Night,645.8366268896372,177.91904968772565,28.411703294487566,1.2115042382278614,2026-04-10,74.91365325550635,30.54087993657362
B-03102,M-03,Polyester,Op-05,Morning,589.8570515050457,145.49162209458413,15.019126020463176,4.6313199330965285,2025-08-21,49.3345747319394,36.057327447950925
B-03103,M-05,Polyester,Op-04,Evening,806.9802944694904,112.99805206775369,31.510357171485193,2.1128844769376247,2025-09-04,68.00236029804887,28.89605982073266
B-03104,M-09,Polyester,Op-09,Night,1523.4306826455463,127.07249235205155,38.27045359606946,3.000431078691741,2026-05-19,67.7671007717067,34.425365869708344
B-03105,M-05,Cotton,Op-05,Morning,616.1333949992601,102.41960433969044,16.500070560837187,5.0341972924644285,2026-06-30,30.461113679361347,24.60145242207407
B-03106,M-09,Cotton,Op-17,Morning,682.1236479679312,120.85555156630925,137.70297785582608,13.550124100062312,2025-09-27,,31.709400580457785
B-03107,M-07,Silk,Op-15,Night,1515.7174059937447,140.93833492435806,71.63473268526575,9.656764441919178,2025-07-28,36.47928650049922,20.041612783525714
B-03108,M-05,Silk,Op-05,Evening,1332.341564262814,285.38813255640787,50.95092560264743,5.673641331829009,2026-05-10,46.38930345808784,28.013100035460635
B-03109,M-08,Polyester,Op-11,Evening,1348.7129512792612,285.0709814198236,23.210467931349235,1.356172615854151,2026-03-29,65.40979689862682,26.606553787331087
B-03110,M-09,Wool,Op-06,Night,1265.5934337801484,201.0127568359992,33.35149590492559,2.918154401637998,2026-08-15,40.094802806644495,28.1632932980311
B-03111,M-09,Denim,Op-06,Morning,976.3372094295271,129.7090303019962,28.65160655606969,1.0612315074137133,2026-04-15,78.51175312140103,38.86998459407854
B-03112,M-09,Denim,Op-10,Evening,1992.5776299125087,234.73086615644866,70.14289324634362,1.9640055265055816,2025-08-31,35.88590995413137,38.322216877392755
B-03113,M-04,Cotton,Op-07,Night,1764.7754399860266,279.65392992676885,22.347135903515525,7.2711881579534055,2026-02-09,32.42629757883465,23.76560697794644
B-03114,M-02,Cotton,Op-16,Evening,783.109768547761,640.2974372564123,223.83971517466668,2.654755347209796,2025-08-28,38.336662390267165,28.916435641433583
B-03115,M-01,Denim,Op-03,Evening,1466.7170389698254,287.4379097751709,44.37679739737553,2.5101007382193945,2026-04-03,34.96300746545975,37.05612222181804
B-03116,M-05,Silk,Op-07,Morning,1649.6075353526633,143.08438072145628,23.482428619884658,12.604076024345725,2026-07-23,76.1923312096348,32.70966031092976
B-03117,M-04,Polyester,Op-09,Night,1842.9422212345082,258.49754547401426,28.598851878509034,11.512288871202857,2026-01-09,31.83640944529578,35.979250505139426
B-03118,M-04,Silk,Op-08,Evening,833.5792642953326,215.4269669738515,11.941843136782584,4.709730820836363,2026-03-26,63.067410315595986,32.161408953981635
B-03119,M-07,Cotton,Op-17,Night,1484.0218693872594,284.79098196498603,42.12316958737929,3.2555386726016637,2025-12-11,59.85310104714437,26.83730743873388
B-03120,M-03,Cotton,Op-12,Night,930.5002686184548,170.82612726953906,27.941270144317443,1.404765525731802,2025-10-29,79.07758689586103,32.495998441454965
B-03121,M-08,Silk,Op-19,Morning,1075.57302425049,207.87491176480552,22.629326489206804,6.321483982021256,2026-05-12,47.995396374683665,29.27893083444026
B-03122,M-08,Cotton,Op-10,Evening,770.0748499501782,211.3211796360587,15.303289204119222,12.798716106104216,2026-05-14,37.64140888629461,20.65468681208437
B-03123,M-07,Wool,Op-15,Evening,1969.5809651807162,265.75161474866786,97.16183998234665,9.342124749400352,2026-01-04,76.46244576215679,28.905582336744892
B-03124,M-06,Denim,Op-01,Morning,944.4530676789261,148.0611499031878,20.966688792361087,9.932674816058153,2025-09-17,48.90769839751802,32.52731083952516
B-03125,M-02,Polyester,Op-18,Morning,1426.8773852569866,155.14925211700728,69.67717084643034,1.7136089634644591,2026-06-27,75.60679509615917,37.664104037469244
B-03126,M-08,Wool,Op-09,Evening,1574.790764332107,236.5442355470606,33.98207533434509,8.82604298104763,2026-06-20,36.29712081762614,23.784706218985402
B-03127,M-06,Wool,Op-14,Night,1835.2345438600917,134.59390492061502,349.3461309046368,13.920224442830468,2026-06-03,56.13928665257086,34.311392709461444
B-03128,M-09,Silk,Op-08,Morning,1937.7779122721395,153.22998938594628,37.45783934185146,5.1513040854760455,2026-05-26,39.87986924205397,22.58147330613659
B-03129,M-10,Wool,Op-03,Morning,1463.4903379261978,191.0735467007127,60.53550411197169,8.752581708730581,2025-12-04,36.11824143830121,36.042328943258
B-03130,M-02,Cotton,Op-13,Night,532.3848667140131,176.703018902061,24.532041121455674,1.9627884275960694,2026-04-29,69.6052889707479,34.74539366251409
B-03131,M-04,Denim,Op-09,Night,854.6059384296719,191.25917662555977,10.369131772184838,3.582830280301568,2025-11-30,48.56174672370597,30.44486503133768
B-03132,M-09,Silk,Op-19,Evening,1572.305616016078,208.65867207421505,78.53315946907071,12.605426240949427,2026-06-03,43.58902505955986,38.06642210538509
B-03133,M-07,Polyester,Op-13,Evening,1878.9476575665117,255.57849516663083,69.6744369530863,12.37316324023293,2025-11-05,58.68721212722932,23.80307725825221
B-03134,M-04,Silk,Op-18,Evening,1569.1295030898973,297.0770280535811,77.16199476095836,8.578218427588507,2026-07-22,43.56845075125282,33.673450434790134
B-03135,M-04,Wool,Op-01,Night,765.8208624036411,165.19958370712055,17.980956841773626,8.586333352817535,2025-09-27,38.51073174410024,20.44441279039877
B-03136,M-10,Cotton,Op-16,Evening,1798.0562022515871,108.69367986474296,383.5171296323093,7.005006826236844,2026-06-30,68.11003864630413,39.0636519382177
B-03137,M-09,Cotton,Op-10,Evening,1925.5764415686763,107.08379465617274,58.330986546913735,11.442837131979788,2026-05-26,62.137301731680644,24.990437151723047
B-03138,M-10,Wool,Op-01,Morning,694.3306066407434,274.31943019031223,12.669168532038661,6.010573197639071,2026-08-26,61.30222352328583,23.175525725745246
B-03139,M-05,Denim,Op-20,Morning,1987.934556204728,250.61727888826587,59.88203286950265,14.467606176836991,2026-03-21,44.792558260602206,23.291257532396408
B-03140,M-08,Polyester,Op-17,Night,1242.002423341015,134.98930275159756,28.912991454679773,11.265073974139742,2026-08-14,48.0888767219367,23.727304618610347
B-03141,M-01,Wool,Op-13,Morning,1345.4880494525228,245.29418643608864,62.683108820029375,7.746472404804783,2026-08-04,56.27974949141867,22.778918718854968
B-03142,M-06,Wool,Op-13,Night,1893.0862969880666,236.68531808360075,94.24951415881311,1.2468397250763459,2025-11-11,56.85371079516631,32.58437944177227
B-03143,M-06,Silk,Op-15,Night,1994.1004327921953,271.5222470651115,83.82295055312497,1.8936338883655894,2026-05-19,77.6638195389365,32.25322494303998
B-03144,M-10,Cotton,Op-15,Night,1110.7892745287804,511.38514587826444,255.67659814068045,7.485418036773312,2025-12-15,37.34372564844135,27.141322775066122
B-03145,M-07,Wool,Op-11,Evening,687.6742394742283,180.6151085400456,32.04715251675636,14.957816612472064,2025-12-10,38.667896510569136,22.909652991985205
B-03146,M-09,Silk,Op-20,Evening,1823.0757754489487,106.44807399931089,54.291375604028865,11.52388344251041,2026-05-17,62.77328507382148,35.35481619705418
B-03147,M-10,Silk,Op-07,Night,1987.0688276724434,108.76940374219264,93.1035060662339,4.28120220965328,2026-05-20,49.827299348680754,28.995558831314064
B-03148,M-08,Denim,Op-16,Night,1340.0065461158883,109.02219910407878,45.517186436434194,6.7100814879592665,2026-01-22,50.82452061845349,39.3098187687557
B-03149,M-06,Wool,Op-15,Night,1453.4766067384082,242.65060625025416,65.35097765579069,11.780550419549726,2025-08-13,61.75255351012446,24.74388702267871
B-03150,M-06,Silk,Op-08,Evening,1598.1797006159452,248.37409701939117,76.80247629664025,14.951794349286489,2026-01-13,70.1263267431658,36.583028063103065
B-03151,M-06,Polyester,Op-15,Evening,726.7009997733408,199.54547529561358,187.5851176107111,9.127938330271027,2026-06-02,46.46378646112288,36.78806687789011
B-03152,M-06,Polyester,Op-20,Evening,1995.7241596372503,151.8762746816781,32.77672550127995,11.296401523455899,2026-03-10,57.57022374529503,26.25978364987752
B-03153,M-08,Wool,Op-01,Evening,1843.8257556013207,219.09109654156907,43.33350537069466,12.549073726971125,2026-05-02,57.267249200077245,24.39954161308039
B-03154,M-10,Cotton,Op-08,Evening,1072.3082637103198,294.58696250074047,53.450311620584536,1.078865897339355,2025-10-24,79.28330115122534,39.609232702196614
B-03155,M-08,Polyester,Op-15,Morning,50.68823466677,292.7617939241999,25.81038963930799,6.538388545897583,2026-07-30,31.314722033419336,24.48694372743529
B-03156,M-05,Cotton,Op-11,Morning,613.4023833420185,157.2793156855157,28.26819407741451,2.233299909966413,2026-08-04,72.97643105565282,31.821414192954116
B-03157,M-10,Denim,Op-07,Morning,1532.5297993103425,294.20582624901994,45.01103954325373,8.138287166645693,2026-03-31,61.935529088143724,31.526176397781132
B-03158,M-07,Denim,Op-02,Morning,1768.939048134519,228.90502713407204,63.69337689508667,12.218371707976619,2026-05-08,69.31819683012066,23.820903213105908
B-03159,M-05,Cotton,Op-11,Night,799.4720287720012,216.66409564875417,10.91254996500445,10.484085582248207,2026-06-13,79.86175357937934,20.610839562994766
B-03160,M-02,Cotton,Op-06,Night,615.5400445568473,179.672257253348,28.237979363091387,12.502237060801392,2025-12-20,72.20281663935678,34.73959191442303
B-03161,M-05,Wool,Op-09,Night,984.2899162541787,117.63092885045982,37.34849920444473,1.8141423918579016,2026-01-03,72.60663598096932,34.608725887073824
B-03162,M-07,Cotton,Op-09,Evening,1009.5145078185033,175.98103772364524,22.598318373692464,14.41358940459047,2026-05-09,33.190237204896754,35.47463473875585
B-03163,M-04,Silk,Op-01,Evening,558.5819276188341,248.51402214849122,17.534710625975652,5.632766399497244,2025-09-19,66.10737593713984,34.1530876623624
B-03164,M-07,Wool,Op-16,Evening,1666.0596938158233,216.2076648342487,17.5087733795749,5.01291593987565,2026-01-18,66.70576505322094,31.78279631755447
B-03165,M-02,Polyester,Op-20,Morning,1852.466266655464,209.12872366486266,56.141583400808166,13.160781716713444,2026-04-27,74.13684194911224,28.89933313470177
B-03166,M-08,Silk,Op-12,Night,1123.631581513403,189.8873550616091,38.666759726407406,13.532060225604189,2025-10-01,69.40720069839554,22.53051352631156
B-03167,M-04,Denim,Op-14,Night,1993.8599605795134,219.11014024649717,47.87796313883968,12.002202758303477,2026-01-11,,35.38122946762342
B-03168,M-01,Denim,Op-12,Morning,1057.7739540559382,244.81528435808065,43.47768397760935,7.9997694424676915,2026-08-12,58.5285354565194,34.258115807296754
B-03169,M-05,Denim,Op-17,Night,5267.328620628142,129.3587518873926,150.97504116137674,5.0851250541321535,2026-04-12,55.37691625460378,26.842826345940782
B-03170,M-04,Denim,Op-11,Night,1051.9773604065617,206.93335097857647,265.3137780116545,6.915466968389675,2026-04-04,44.21129253187712,38.082158109152715
B-03171,M-01,Wool,Op-01,Morning,1886.9670688736212,207.7339919370866,53.36533684514672,13.269718840112748,2026-06-28,36.24257392166422,29.875775405128163
B-03172,M-05,Polyester,Op-03,Evening,512.1782105554923,188.6514682718669,6.87939514826125,6.16641658935637,2025-12-18,63.48993638873077,38.766595571530374
B-03173,M-01,Wool,Op-18,Night,991.2145800719346,188.8129474788504,10.989052921302955,7.372595292481366,2025-11-07,68.74048604211268,28.867913316668815
B-03174,M-01,Denim,Op-12,Evening,1565.156141889247,276.96593902913435,29.465375638781456,8.19466597569542,2026-08-25,59.05542608492527,23.25872877938092
B-03175,M-06,Polyester,Op-07,Night,852.7553586869176,186.14839497625906,17.60386329259381,13.99403309253899,2026-08-08,56.0892383357443,23.841952904027053
B-03176,M-10,Polyester,Op-08,Evening,1076.0225445907763,224.6517951385599,21.169021711587824,7.160464142056075,2026-02-04,49.622242208846245,31.294572007979895
B-03177,M-06,Silk,Op-02,Morning,618.3549088768733,104.88286296444443,25.301439045450163,4.517628288539779,2025-09-12,34.57960170722343,26.726812770415336
B-03178,M-04,Cotton,Op-18,Evening,1574.4414957302574,222.18552455760576,71.48302914618966,12.935003414312703,2026-08-25,,25.641352490885534
B-03179,M-07,Wool,Op-05,Morning,1098.8587545037688,180.17866365332532,17.076562959889074,6.674922590757301,2026-03-26,34.90471831204907,39.50980996662111
B-03180,M-06,Silk,Op-17,Evening,1011.3285867037769,163.86006406535142,21.941966795773276,2.0455120594339347,2025-08-30,37.61300650559383,20.897166723707716
B-03181,M-04,Wool,Op-17,Night,1799.9853860433598,167.8884411474769,34.727030899940914,2.731685648943309,2026-06-12,62.2846934191959,39.932018241098206
B-03182,M-02,Wool,Op-06,Evening,919.3565080558542,294.36941085615774,43.48011648590798,3.50286802570682,2026-06-14,55.560703372958194,24.7930426603219
B-03183,M-10,Silk,Op-04,Night,1972.281521864441,262.9395692240031,89.99583437005919,5.406973421379348,2026-03-05,50.17437376402525,24.846113673328425
B-03184,M-02,Silk,Op-11,Night,1871.8374165322373,183.77413244920945,66.0009204204478,10.191462978642026,2026-08-06,38.27765898873469,28.69871800726818
B-03185,M-06,Silk,Op-09,Night,85.96356925346078,171.51990513729197,43.820656891419404,1.0139858917371973,2025-12-14,70.2146731888557,37.78675224042897
B-03186,M-09,Silk,Op-19,Night,903.9267797130641,299.8598951926997,39.60109714854959,9.256539963449478,2026-06-30,64.0577036165223,33.648123239106354
B-03187,M-07,Silk,Op-02,Morning,514.5088082703788,144.04938808627435,19.24960168061699,10.317476002380195,2026-03-10,,37.902914736491354
B-03188,M-04,Silk,Op-11,Night,1120.23693724052,172.31109917405232,24.26285442766159,11.331272115966486,2025-12-09,67.06188485685968,32.14115985011381
B-03189,M-06,Silk,Op-15,Evening,1887.7322275858153,210.37598842372782,84.91619982269027,12.066892987476628,2025-10-10,40.71541310809158,26.880815772294557
B-03190,M-02,Polyester,Op-07,Night,575.1605449099526,202.46306225133242,10.791549154397876,7.743876717816127,2026-01-10,67.56150944540411,25.63787541198665
B-03191,M-01,Cotton,Op-16,Morning,1889.1992581598506,214.34193039169296,33.6737674059599,2.465653955971163,2025-08-29,39.651808110716054,39.97652119028497
B-03192,M-07,Denim,Op-09,Night,1415.7132670305182,184.0256157991236,14.765265430537303,13.398387327897694,2026-07-04,67.75842961476638,31.939027925236317
B-03193,M-02,Polyester,Op-11,Evening,1819.6928112401895,188.93349416774325,23.240581556651296,14.04208714226007,2025-10-31,54.77695064271006,33.88448978365451
B-03194,M-01,Denim,Op-10,Morning,1617.7274802901786,167.5992062623846,28.197576000403945,5.919026200644932,2026-06-09,35.9327922354695,22.937142972804047
B-03195,M-02,Silk,Op-12,Morning,992.3092528571335,278.39398255512106,33.385204843384926,6.155643335221127,2025-09-06,66.21813532816091,21.654950077797427
B-03196,M-05,Silk,Op-11,Night,1222.8368469056593,295.59158939090094,21.6705638984294,12.846908778305481,2026-04-26,52.74148862193249,35.50285528090677
B-03197,M-03,Cotton,Op-14,Night,1343.5044910876672,114.92381111374164,39.77260669834682,5.873246451523563,2025-09-22,41.29310908110851,34.37819630650422
B-03198,M-07,Denim,Op-17,Morning,1626.6057182720158,203.05908752628912,75.05361953100308,2.2107821901229396,2025-11-14,66.76838248662634,36.66458527975611
B-03199,M-01,Wool,Op-14,Night,1357.987917960062,250.717071799899,17.43034559749186,11.528620716356778,2026-08-01,37.787487989947216,23.284413749191415
B-03200,M-03,Cotton,Op-19,Evening,979.8704527104521,194.7017175482129,36.976274848774516,14.970569938559038,2025-11-02,51.54966710340848,34.52485177014742
B-03201,M-04,Cotton,Op-14,Morning,806.7229253758694,111.70143028988728,19.63921954049409,8.644094521470224,2025-12-02,65.01527961572381,39.965035803725115
B-03202,M-02,Cotton,Op-12,Evening,1844.546843121645,176.38649117383727,24.229113451426926,10.651763918027179,2025-08-02,59.912646525852594,21.059575866051937
B-03203,M-07,Silk,Op-02,Morning,531.1461345866915,174.1668169187979,11.447851702857403,11.44121468272415,2025-10-19,38.637769699536136,32.11705936767792
B-03204,M-08,Wool,Op-02,Morning,1695.488935968608,259.6792298005982,71.85102618696261,11.85580320952993,2026-08-26,56.24167569006884,25.691334201597034
B-03205,M-02,Wool,Op-18,Night,779.1508429088623,157.95192040573122,28.127656864538796,3.5752678862487026,2026-05-11,63.71050801938239,33.724720562316364
B-03206,M-08,Denim,Op-13,Morning,1123.4022002970019,120.03420144028665,37.69350922956121,13.756374183210296,2025-08-10,55.38654820061191,28.139443898221828
B-03207,M-02,Polyester,Op-10,Morning,789.1856537286587,126.50975582097487,36.06614701500005,6.67735310041121,2025-08-12,41.361034704995525,24.885805890743292
B-03208,M-01,Silk,Op-15,Night,1296.1387657787373,196.69381286467024,56.17644625966365,10.652714312200363,2025-11-14,77.57740568383699,22.24397128941128
B-03209,M-08,Wool,Op-11,Night,1376.0287698017687,129.23307076236745,27.113657101367114,5.160090461645883,2026-07-11,54.11807082323698,33.823542891548456
B-03210,M-05,Denim,Op-17,Evening,1302.3182232013846,236.93432548317236,37.54277224137391,7.2823705118650865,2025-09-22,73.15129805600878,37.38918205680809
B-03211,M-10,Silk,Op-08,Morning,1959.3885656133496,115.11701848108946,68.90778941569289,1.0470732965211127,2026-03-13,49.03341319019595,32.021941227450185
B-03212,M-03,Denim,Op-19,Morning,1214.668604440743,124.97666264812923,44.88922190512496,3.386965305030519,2025-11-16,72.60739919260047,37.35822263478522
B-03213,M-09,Cotton,Op-04,Night,1496.3269584183236,219.5364256055615,47.119471906986824,3.840962399827835,2025-11-25,51.412535012995164,33.917893029267574
B-03214,M-03,Silk,Op-13,Night,527.8705010826487,290.7113613440197,24.77273845513986,12.827424736010007,2025-12-19,43.02725070548689,32.32917870332592
B-03215,M-05,Cotton,Op-13,Night,644.0165181704771,200.60589615934012,16.245861423748973,7.387402361848123,2025-08-28,50.51025026417662,36.7117721778585
B-03216,M-06,Denim,Op-17,Morning,595.4949998615114,113.1675484328605,10.807578296179077,1.5984244913445258,2026-08-01,50.45727109370186,34.368125553967204
B-03217,M-08,Denim,Op-12,Evening,1469.7027806473243,237.41769442074084,42.12836136328147,4.572829736218371,2025-12-13,60.02788280303146,33.69736680053695
B-03218,M-07,Denim,Op-14,Evening,1005.0748959201426,223.83031031486547,28.715669304605143,14.689859222592798,2025-10-04,51.3420704684489,27.83470192570242
B-03219,M-06,Denim,Op-04,Evening,614.3275901675723,210.632655934278,6.226430954361762,5.6017634210416904,2026-01-17,36.07110611656312,29.325134822347465
B-03220,M-09,Denim,Op-15,Evening,1102.6778677441384,121.1470535852901,20.18670821492672,1.340097847596924,2026-01-06,71.2237523122251,38.32497606565269
B-03221,M-10,Wool,Op-12,Night,1308.947395751392,155.59163142619698,27.176421072384564,7.91008414141055,2025-09-25,,28.732626417883203
B-03222,M-09,Silk,Op-02,Night,1550.5903694529466,125.29819186405085,46.42629597541381,1.7430189503991398,2026-07-14,68.38377165186395,33.3186006244136
B-03223,M-08,Denim,Op-14,Night,1201.6846557088124,199.48227589828525,37.42118941676816,7.118337065381421,2026-05-15,49.64461479155896,29.99381205772241
B-03224,M-04,Wool,Op-04,Morning,1537.8534711254313,242.24143214680453,38.36619429639832,6.286807121962025,2026-02-03,,28.270810454869775
B-03225,M-01,Cotton,Op-12,Morning,1304.8036604385657,190.67070758283904,50.059418297950884,13.45435048390671,2026-06-24,64.81806334582363,37.97312767508891
B-03226,M-05,Wool,Op-14,Evening,99.17466028998874,227.14735565105383,47.95303582330188,14.489701934282765,2025-10-15,37.90849452047131,21.049553616588078
B-03227,M-07,Cotton,Op-04,Evening,0.0,204.3082898387028,0.0,10.08318074410444,2026-05-09,45.758934775794444,34.29538716998519
B-03228,M-08,Denim,Op-12,Morning,1845.4446825659254,158.31707470243904,47.57945990078584,5.574131564024377,2026-05-06,,27.43082448899177
B-03229,M-07,Wool,Op-19,Evening,650.4792487899192,252.39256777785786,7.140474876915957,6.114749690549806,2026-04-02,73.99099883527262,38.53881246240218
B-03230,M-03,Cotton,Op-10,Morning,1982.7546048923093,242.0045463000369,45.57359270212932,8.285491163901472,2026-07-16,49.47638041862766,30.37036265219426
B-03231,M-07,Cotton,Op-06,Morning,1434.0317205448223,118.59605528895824,46.04422123767205,9.695716440765343,2026-05-16,43.7672425069222,20.352696581046928
B-03232,M-05,Denim,Op-11,Evening,1367.6716337790444,185.3138009423072,20.00702823664871,2.012007255704436,2026-03-07,74.66714764020958,32.228616144557776
B-03233,M-08,Cotton,Op-05,Evening,1266.3958648912214,199.4508631896943,228.51532375322054,1.8456261631009776,2025-08-22,60.34298518014737,36.16652797843129
B-03234,M-07,Wool,Op-16,Morning,1793.4387943313172,168.50843313187016,60.77062886615888,14.251117296087179,2026-01-21,33.58739821128569,29.724173770396852
B-03235,M-09,Cotton,Op-13,Evening,871.4751477119071,254.27603774404554,25.847194154599187,9.776539517350038,2025-09-09,30.90547186439778,32.16737181392472
B-03236,M-04,Polyester,Op-01,Night,794.0438025552615,299.1496454119059,17.993100533202405,13.560270727586609,2026-02-19,44.625384751453176,30.821418415972325
B-03237,M-06,Denim,Op-02,Evening,1663.2436274541171,286.066286639291,43.016706869997286,6.02360049680137,2025-11-03,70.27921245718137,29.968150854264096
B-03238,M-07,Silk,Op-14,Night,1907.6327781481548,202.0809377438063,43.85974883846673,7.5437470036045084,2025-11-30,63.62172009811715,25.22468402036569
B-03239,M-01,Silk,Op-03,Night,1898.068754357934,235.70596908738847,92.73176364248751,12.572920068794078,2026-07-25,43.55558809677148,30.875803798597442
B-03240,M-04,Silk,Op-13,Evening,978.0558485423264,132.0952952634084,44.54267354875927,8.152404115145297,2025-08-22,49.391054436243806,23.19154465573427
B-03241,M-06,Silk,Op-07,Evening,1986.0858658306668,213.71643613799955,344.8741478121772,11.845474757228356,2025-09-03,72.95191847731498,34.019640120436534
B-03242,M-05,Polyester,Op-15,Evening,76.49315454183389,101.97592132841132,34.778673212883675,5.283949722601312,2026-08-11,49.617798024077985,24.820594646718515
B-03243,M-01,Cotton,Op-06,Evening,1694.0557322953434,101.61052432505625,66.65391469185383,12.795378718026544,2025-09-01,77.73768394729785,34.322701263071394
B-03244,M-10,Denim,Op-03,Evening,1900.3434674040998,141.81425706006982,46.45127959143574,14.923917954920073,2025-10-03,68.6740601689271,34.53141416655588
B-03245,M-01,Silk,Op-20,Morning,1318.666228108416,230.7835576546694,31.945925379277877,9.684800058441024,2025-12-18,65.24923192387904,21.64763478156821
B-03246,M-01,Silk,Op-12,Night,1151.0000248932156,152.12585957499329,34.22805663416671,3.4167817837691326,2026-07-16,36.94637399564314,27.327667845131703
B-03247,M-04,Denim,Op-10,Night,594.4646602199911,289.2916189181099,10.055025532314824,11.713406520050617,2025-12-15,,34.61703546370933
B-03248,M-05,Silk,Op-05,Night,1405.7011520182834,205.9449893617335,61.89654533653477,14.754563841013713,2026-03-09,67.38358850400789,31.515237674324624
B-03249,M-07,Silk,Op-01,Night,732.6414062910642,103.04330593819545,29.149771448731418,10.663266667803324,2026-04-16,34.91557301186187,22.308672799670184
B-03250,M-03,Denim,Op-04,Night,905.8022662009837,225.7262431137786,12.919018725432101,13.843696965298477,2025-09-23,45.82372658189291,24.342883156798376
B-03251,M-02,Cotton,Op-18,Evening,695.6935421295891,112.44453907576855,195.16725657962598,2.2269933036163616,2025-12-08,51.600229440457696,26.417300900479397
B-03252,M-07,Cotton,Op-19,Night,9212.33203606313,206.12745133313044,133.82165171825056,2.434189627257148,2026-07-24,65.48836419707769,27.25657449453747
B-03253,M-04,Polyester,Op-16,Night,827.373248767357,274.2904129237686,27.456498005461793,13.629874158258069,2026-02-01,46.94854185957799,27.09602838562747
B-03254,M-08,Denim,Op-16,Evening,1600.1622407159873,112.62984038137269,74.1724620604806,9.306811200638604,2026-08-02,77.64100308917908,25.24187794359907
B-03255,M-02,Cotton,Op-19,Evening,1925.2525111446405,153.83072819421795,80.66191719787439,11.558826122394908,2026-01-21,41.938750415978,34.752223234642656
B-03256,M-08,Polyester,Op-11,Night,870.8085555659741,243.173908716647,11.911426836820292,12.369463544097258,2026-02-23,47.92894360534559,23.35405551979454
B-03257,M-06,Cotton,Op-07,Evening,1363.0725554149128,295.61962386314264,28.87139711726973,12.521304480311025,2026-02-03,51.79198194672764,30.73241805709917
B-03258,M-09,Wool,Op-06,Evening,744.5988010400954,196.41623164645466,35.82427409185757,7.489021926340593,2026-08-05,,30.438599056075205
B-03259,M-07,Denim,Op-07,Evening,1405.8429502171584,221.15436732447475,63.386834990230504,2.7923466800550747,2025-11-23,79.82444330884101,35.45689888469337
B-03260,M-05,Denim,Op-15,Night,1121.4506177464912,200.42561915712497,51.72025835792489,8.309173328271871,2026-04-27,39.70472696448026,33.78978312653914
B-03261,M-05,Polyester,Op-18,Morning,745.5587272076285,117.26365469723291,28.204735308778094,11.335064677564791,2026-02-18,43.660091583649105,32.477250832346584
B-03262,M-02,Wool,Op-07,Morning,982.8661453727327,263.02891948515685,43.97640479074082,8.699845749599035,2025-09-05,73.44997039759014,35.26587105117895
B-03263,M-10,Cotton,Op-19,Evening,530.2420731768411,148.70125214771895,15.218801450089561,2.260111166243141,2025-11-01,52.10415085946746,37.799202432306366
B-03264,M-09,Denim,Op-18,Morning,1774.5695668705912,165.43564760386357,73.8054476529108,5.7539810192735334,2026-08-07,74.77808651634388,28.516342930234032
B-03265,M-04,Polyester,Op-11,Evening,854.965321822852,289.7601659355271,25.39808635374069,9.044095451427996,2026-05-28,67.9661784289201,21.79031399589771
B-03266,M-05,Denim,Op-17,Morning,1851.5577466010348,275.40772580866087,31.273907525500302,1.6553954012791856,2026-06-30,45.184923456447336,28.866400129581603
B-03267,M-02,Denim,Op-08,Night,1594.9974664849556,136.9023991197423,63.07073208252227,5.8529557211784065,2026-06-04,63.164031842890914,29.6417868904896
B-03268,M-01,Polyester,Op-19,Night,1941.8118518342897,123.3093375430395,21.970647735646214,10.933948029572853,2026-04-08,41.51720778160573,28.289534548151387
B-03269,M-06,Denim,Op-16,Night,703.8610734390484,163.95545780977994,34.409880637082125,5.787801274031789,2025-12-23,74.9792608231048,34.8362581853303
B-03270,M-04,Silk,Op-11,Morning,1398.6072655028606,148.3427464182636,51.634575932521024,5.587170418903,2026-03-01,45.991796164598355,26.52988655326503
B-03271,M-10,Polyester,Op-15,Morning,1296.2118921356243,177.08483561732885,18.5343473969049,3.087256762202032,2026-08-02,31.106958147107296,24.376693551753853
B-03272,M-08,Silk,Op-14,Morning,1678.1675462783592,122.49959156277708,71.33756317643535,11.139195322295706,2025-10-18,49.28293448880413,21.46756779487552
B-03273,M-01,Wool,Op-18,Evening,1369.44585535492,147.1523025727146,24.74969959258041,13.525536440657351,2026-03-14,,20.90516627741103
B-03274,M-05,Cotton,Op-02,Night,1628.0703917087915,241.87558606197783,72.16116404364747,5.049803712142692,2026-07-24,,21.24049750705566
B-03275,M-06,Silk,Op-19,Morning,970.5464571048539,139.14268298565304,228.92374804022208,8.224865513053679,2026-06-30,75.51135996412236,20.870931556867507
B-03276,M-10,Denim,Op-20,Night,1138.1736748277253,248.81608882101202,52.94245557400783,14.521541942182852,2025-10-03,41.46031055813455,22.87294730144239
B-03277,M-06,Polyester,Op-17,Evening,1503.4296161859556,187.5972043123932,70.35414236987356,9.025633983699963,2025-12-13,67.2806952588122,35.46063797411435
B-03278,M-08,Silk,Op-13,Morning,1140.264183343434,158.682182003879,30.558432373122905,9.955299735057787,2025-10-02,50.78639496397652,31.891969078979557
B-03279,M-03,Silk,Op-11,Evening,729.4936800172618,193.8853503317917,12.116536664487565,10.672849507174458,2026-04-04,69.96419038338249,29.866525535930936
B-03280,M-05,Denim,Op-20,Night,89.80752540115373,257.25878576833964,37.43561054357592,6.78002978863902,2025-09-05,64.82653968021111,30.144273633561795
B-03281,M-08,Polyester,Op-10,Morning,1287.3354241327258,141.77820684868098,49.27409712446808,1.9389187995792592,2026-04-08,55.14669685416244,29.99124311869847
B-03282,M-05,Denim,Op-02,Night,1617.1260395778572,245.55829773857937,43.440000120052204,6.733822260834571,2025-09-23,61.584489361328124,31.538904852879206
B-03283,M-01,Denim,Op-19,Evening,1395.81904127899,289.4495753412525,31.17641183251703,3.700512411539283,2026-07-03,75.28860478927632,21.069110279663967
B-03284,M-01,Polyester,Op-06,Evening,932.2178729172924,225.27302157618112,33.63687518633614,2.8371493248820645,2025-10-07,74.11738059198768,36.571028169300824
B-03285,M-05,Cotton,Op-17,Night,1187.6207476882967,286.5912084284157,38.80811842466405,12.630451766087782,2026-03-09,54.965757404062245,34.03746708908622
B-03286,M-03,Wool,Op-11,Night,1381.9133575823967,166.19521388749425,52.2821223744514,7.469184464748555,2026-07-24,33.90607153948721,27.14697383329185
B-03287,M-02,Silk,Op-16,Night,1929.8240457592794,292.61282255260403,72.97113270600431,8.780120167748484,2026-06-01,60.33111259047911,23.71442371001935
B-03288,M-10,Cotton,Op-04,Night,605.9881890115794,156.9371371598889,26.224027604312262,10.35708686199619,2026-04-05,45.51550657717446,20.996937482289088
B-03289,M-02,Polyester,Op-17,Evening,965.4950107018446,112.62104497173569,39.558266127121904,2.0470343030401126,2025-09-06,42.58793993943768,23.560318944430524
B-03290,M-06,Polyester,Op-01,Morning,982.5260700005517,260.9391570079665,235.97270800516338,3.433843969524139,2026-06-05,54.64395897720419,33.76074267106257
B-03291,M-09,Silk,Op-10,Evening,1887.2324028967546,145.70502954134886,23.091290060527133,7.912068862469475,2025-10-15,74.19962750362043,21.55787531190314
B-03292,M-09,Polyester,Op-15,Morning,849.9534313374371,226.6042439076037,29.360725673877813,4.638314770297296,2025-10-24,39.51199419043995,29.17604630716584
B-03293,M-07,Silk,Op-09,Night,872.8365605251106,160.1382373447484,36.06226000153929,9.589830267361194,2025-10-04,77.28692109947264,33.494834548761766
B-03294,M-01,Cotton,Op-04,Morning,1050.2151421332032,154.45087187689322,46.071905242933575,7.359748404836715,2026-07-27,70.35664143558368,29.125992835811118
B-03295,M-03,Polyester,Op-10,Morning,9353.32238809378,114.40533314606726,102.31462510270639,1.6357421851718517,2025-11-22,37.47948514566809,27.687393514686924
B-03296,M-05,Denim,Op-06,Evening,973.6890745037338,136.93892589884106,47.60672442725878,14.041550622205452,2025-12-26,63.4740502445014,38.240605129027486
B-03297,M-05,Polyester,Op-08,Night,1245.647365516054,146.86382160960525,196.4437726243999,3.71220300675225,2026-01-22,41.14594308429203,34.17186615244006
B-03298,M-04,Wool,Op-18,Evening,1412.214413574725,228.41142934748132,44.26583750476324,10.313680940514441,2025-10-04,48.59402522942956,36.11889777428306
B-03299,M-08,Denim,Op-05,Morning,658.1984450141292,259.41986141346905,19.417276555328066,14.342949007786416,2026-08-07,33.00181565011793,27.8270267740116
B-03300,M-04,Cotton,Op-12,Morning,719.7061401174753,273.5417895565754,24.41375142121965,4.978095028460617,2026-08-18,69.15042699690801,33.419889640566325
B-03301,M-05,Denim,Op-05,Evening,788.2142730448315,144.14070411018113,34.150023531433796,1.6628776664519704,2026-04-08,42.03562148911332,26.908872189210282
B-03302,M-10,Polyester,Op-19,Morning,1049.589000072208,250.9243565531213,20.565292444618713,7.152191938136826,2025-12-22,69.24341559969443,39.52543200874079
B-03303,M-06,Polyester,Op-08,Night,1793.5124179458141,224.36481726115494,34.297333623901764,12.442119662241167,2025-09-25,62.57929511339026,28.478990145483003
B-03304,M-04,Polyester,Op-15,Night,605.0528379967475,207.10367289214338,160.54931845163603,14.864565323376118,2025-09-28,66.9020902507103,26.546910827980334
B-03305,M-04,Silk,Op-15,Night,922.4536900301852,102.86149795884694,20.117202187916636,2.6542769394752943,2026-05-01,73.86530951560289,36.73126070609743
B-03306,M-10,Wool,Op-06,Night,0.0,258.57299742049423,0.0,14.128324578535908,2026-07-17,68.95686283987999,32.11157354061523
B-03307,M-08,Cotton,Op-16,Evening,1288.621871142891,146.70237171865293,55.859037420607436,12.31215988135483,2026-02-17,,27.739221590354745
B-03308,M-10,Wool,Op-13,Morning,1072.413826974088,264.82988103997826,13.739234635768986,5.666449412313387,2026-03-03,52.00663523088349,32.30976838685315
B-03309,M-01,Silk,Op-19,Evening,1922.3105927231966,214.72115722476065,59.38097423867313,8.109480205671233,2026-07-21,71.9696985559956,37.31525459793655
B-03310,M-06,Wool,Op-11,Evening,1890.893488690456,112.94755321529613,54.02094864824059,2.5851610915170458,2026-07-07,59.83941150072201,27.081317235871673
B-03311,M-05,Cotton,Op-19,Evening,992.1188268457498,180.94506228898712,41.14829493291584,12.517048860048192,2026-05-13,59.673809992715235,39.94689098566997
B-03312,M-07,Denim,Op-10,Evening,910.4993811527399,152.86902354533925,17.488190290136455,5.7025757816380995,2026-07-04,72.16297403238713,20.54575301301131
B-03313,M-10,Cotton,Op-11,Night,1857.3776305164004,227.9792872166504,84.97558442435852,4.17585933701479,2026-08-12,40.95724841162902,37.25236203518861
B-03314,M-03,Denim,Op-16,Night,884.1966364431729,184.10207161530644,27.176603829749656,12.68434034079644,2026-01-01,68.55037193049426,36.27832213132169
B-03315,M-04,Wool,Op-04,Morning,1867.3235724577596,165.19030879088706,82.50476175597285,3.1934098808652527,2025-12-06,65.43661662824323,30.787088320137926
B-03316,M-04,Silk,Op-10,Night,621.7388736870724,268.73848068761333,21.377404280250975,5.106125144923511,2026-01-13,62.74278335840915,20.802575781565118
B-03317,M-03,Denim,Op-11,Night,1575.9075337810038,173.75004290112406,36.15430411679539,4.0157498736699635,2026-01-23,56.88153383017725,36.663816088712935
B-03318,M-04,Polyester,Op-04,Morning,878.7039462819193,155.78706172753755,36.261693949560616,14.287850140833301,2025-11-27,47.963845788227985,20.072084797765744
B-03319,M-10,Silk,Op-01,Morning,94.93363777818189,125.71365292059377,42.60552326649157,14.788659487888776,2026-04-29,60.40311426525556,30.015589818812032
B-03320,M-06,Cotton,Op-02,Morning,928.6533503298529,124.48216133731339,17.401865411867803,11.627667338179641,2026-06-22,59.77746402029267,32.18132338508997
B-03321,M-03,Wool,Op-09,Evening,1476.7525836906257,253.09168944937278,59.550843110069316,6.01043943015965,2026-07-26,70.0673571980856,26.97581177064042
B-03322,M-02,Silk,Op-19,Night,5314.889539933165,210.23292029473055,187.33413076045997,14.573371848958413,2025-11-07,79.06223003411954,25.63505156683481
B-03323,M-05,Denim,Op-09,Morning,1352.8582297103212,177.0201357881034,28.8390373880914,2.5787878188481432,2025-08-22,77.33836427484445,30.604380956419874
B-03324,M-01,Silk,Op-13,Morning,1025.3226951972642,154.13943618442954,45.38873092739617,9.425337323997729,2026-07-25,,38.5992715156102
B-03325,M-08,Wool,Op-10,Morning,1190.5713131389662,265.2998724602015,26.37770596521479,6.923476737868618,2026-08-03,42.6153570379319,39.66830230532856
B-03326,M-06,Denim,Op-15,Morning,985.5863464803626,297.93857355730444,30.032589806997542,2.8749849043191684,2025-09-25,68.02669940048474,38.71625516965453
B-03327,M-09,Wool,Op-18,Evening,503.78264255423005,175.01178882262127,13.878436962171914,2.5619658933875793,2025-08-26,50.809383046684786,35.80053523284569
B-03328,M-02,Polyester,Op-17,Evening,1147.8876820188839,211.35789538376932,49.20632974166594,9.143668186467522,2026-01-02,72.81481543994857,26.16710878457903
B-03329,M-10,Denim,Op-06,Morning,1348.900623038071,160.1059099434294,25.942689759817963,5.131764616085079,2026-04-07,48.05687585528622,32.45386485239951
B-03330,M-09,Denim,Op-17,Morning,1880.5003425084012,214.98251683558007,20.520595974479637,13.880220877944096,2025-10-01,32.32021792895773,26.852227409229467
B-03331,M-01,Denim,Op-19,Night,908.3777226469547,272.40129445371764,24.22972797709307,1.512536021790812,2026-02-02,51.80735499578724,22.351341409464556
B-03332,M-08,Silk,Op-17,Evening,1758.277376396566,224.61420668050383,67.46595350109185,11.314588834639924,2025-10-14,47.45520577247905,38.88795390020283
B-03333,M-03,Cotton,Op-12,Evening,1132.6982289267962,185.29296004541098,30.221984697514255,13.861578491206167,2026-03-24,58.82023467176959,34.12758419806083
B-03334,M-01,Denim,Op-08,Night,8969.693532659781,244.71185839888372,194.81628050203057,9.50953280997943,2026-03-20,55.06714402123897,32.48041879988928
B-03335,M-02,Silk,Op-07,Evening,1836.6547162515542,164.28714906140343,58.61973304575811,6.684080825949062,2025-11-14,70.42011498987806,31.902342616492078
B-03336,M-06,Polyester,Op-11,Evening,1889.9629513001678,207.20499219541017,19.460593792268458,8.209141514222338,2026-04-05,32.10092956331798,21.388339171802752
B-03337,M-07,Denim,Op-15,Night,1869.8663386754504,181.67733200354013,64.28612412514244,7.559859265867775,2025-12-13,72.2693473796231,32.18492620751556
B-03338,M-03,Cotton,Op-02,Night,944.8016440322187,266.7816747849039,19.566359018995087,3.3216196645529132,2026-08-08,32.65747960864739,23.832067150370648
B-03339,M-05,Denim,Op-03,Morning,923.4665867813101,234.10271972375352,14.672128040448886,4.049544222601009,2026-05-31,63.83291522474923,21.822643464675995
B-03340,M-05,Cotton,Op-01,Night,1263.2321727364924,284.3791605153285,46.78076501018182,13.033946243355595,2026-03-21,78.43767212214016,33.009581305563415
B-03341,M-07,Polyester,Op-10,Evening,1437.5344983972382,224.56378457163947,39.82184556415326,3.059684830946185,2025-12-16,57.186947808196436,27.721358669034515
B-03342,M-02,Wool,Op-15,Evening,1285.400859588856,125.67923436045032,63.22465887415894,6.0328282739296775,2025-07-25,,21.268991217532072
B-03343,M-04,Cotton,Op-15,Morning,677.7920432301892,151.70494770899091,17.1950564902669,13.47810097384756,2026-06-20,54.13550231195709,22.712744030412605
B-03344,M-05,Wool,Op-02,Morning,673.8019912870787,140.04319941690036,22.531107890504533,1.7284178572978304,2025-10-04,51.911374727455,36.1327224345052
B-03345,M-10,Wool,Op-17,Night,1409.5179582269175,140.11680601664807,62.46592611263543,5.814513805533131,2025-11-07,72.2621051920416,21.757123686530292
B-03346,M-02,Cotton,Op-07,Morning,1225.5350393971785,267.42948626502346,50.736963045366544,5.452089871521604,2026-07-11,46.94214757915104,35.03209736646286
B-03347,M-06,Denim,Op-12,Morning,844.4670169852202,294.5742649643811,32.857899778400565,2.1828614594276052,2025-12-09,33.42514815510654,31.910084305722055
B-03348,M-04,Silk,Op-08,Evening,1941.3291938374607,180.9891561597723,53.03300736895539,1.3540797258548636,2026-04-11,60.14481697232035,25.793920411975435
B-03349,M-06,Polyester,Op-13,Morning,1232.704223374903,112.90252214760676,44.16364605937552,7.803744983897439,2026-03-19,51.31598334021574,34.25088530573186
B-03350,M-02,Cotton,Op-19,Morning,777.8235772258415,141.2277836420794,38.71788534373398,4.514086502841225,2025-10-04,38.94752201485886,33.14426399336934
B-03351,M-01,Cotton,Op-12,Morning,1478.1625107739048,221.33630923825825,72.07531483680242,6.738991066915014,2026-05-29,45.629012942988034,38.221475138129584
B-03352,M-04,Silk,Op-07,Night,1245.1642633815918,158.04009910131148,53.24065260369313,11.781710907376748,2026-04-14,36.62283954334392,35.31176475287363
B-03353,M-06,Wool,Op-19,Night,687.3559169407511,295.37229375931275,13.639179877411442,14.797172065438698,2025-10-19,76.83597396636756,29.920696188125287
B-03354,M-06,Silk,Op-07,Evening,1373.0139213228695,183.98676769428715,17.624737729879133,3.883281026040759,2025-08-02,51.18382048089238,33.27779671355181
B-03355,M-10,Silk,Op-02,Night,1000.1270021690248,103.55897800256504,48.59567335627332,11.492937076463459,2026-07-04,62.03456338083504,21.253442694039318
B-03356,M-04,Polyester,Op-07,Evening,533.932335690651,217.99212929521772,24.69789731194895,11.869144465186782,2025-11-16,69.39481565223615,20.685702711864074
B-03357,M-06,Polyester,Op-17,Night,1877.6775078906833,212.27807463087453,49.524050840542955,7.749164784420046,2026-08-12,32.243373153129994,31.239082850197374
B-03358,M-02,Wool,Op-15,Morning,1659.2096111129842,180.77671337721756,25.86443575495028,10.570131666545937,2026-02-24,35.07040731187654,22.65904541531934
B-03359,M-08,Denim,Op-16,Evening,568.2882496996153,208.26577185396076,21.154505736022852,12.115548164610903,2026-04-20,60.520560184683305,31.499097711057125
B-03360,M-07,Silk,Op-02,Morning,1009.4679846080221,172.39081432964576,16.621509601317847,5.399781375092916,2026-01-17,,34.24217865707151
B-03361,M-03,Denim,Op-12,Evening,519.5379204693866,219.23928934449847,19.176990648978045,14.193339106278875,2026-05-13,60.47039584981523,35.658433058817906
B-03362,M-05,Denim,Op-01,Night,1246.1549802845243,243.6784803567692,271.4448841265288,12.537457733973106,2026-07-07,41.2365822085849,26.72260960966291
B-03363,M-06,Polyester,Op-20,Evening,1827.5968263750015,169.04142016706646,57.41936396140284,6.242536447827748,2026-08-05,73.01836173359659,30.307486614893506
B-03364,M-03,Silk,Op-15,Morning,1791.2018049983194,198.10534740509465,46.88479327483527,10.541805484811533,2026-01-14,34.28223329370304,23.572634262537704
B-03365,M-08,Silk,Op-07,Morning,1242.2586017298122,293.14674024724593,60.325483481197615,14.58912286266906,2025-09-10,72.55985437393808,26.31197670571149
B-03366,M-10,Silk,Op-08,Night,1534.0112970143189,178.58802556348007,66.25000315009646,10.82344883778673,2025-10-07,30.82613648932633,22.923093645484272
B-03367,M-06,Polyester,Op-08,Evening,1468.3604553097566,172.8389402583768,38.06867110666024,8.009332963118062,2026-07-12,75.25710748228835,32.63156218958173
B-03368,M-05,Wool,Op-12,Night,680.4899860963026,158.7493603251122,20.37653858630258,14.696763259152167,2025-10-12,51.86815314258887,29.436789276897215
B-03369,M-02,Denim,Op-10,Night,1826.1560344223167,220.78565687706197,86.26563255335518,10.71147851032691,2025-08-20,49.470677127455204,20.581752371779487
B-03370,M-05,Cotton,Op-06,Morning,1923.6915213746097,289.8306106696102,84.21997799324778,14.211619213054032,2025-10-24,70.76209705347804,33.69192100232654
B-03371,M-05,Cotton,Op-09,Morning,1400.8193585015542,126.87392277840473,62.63499924113231,6.477054310579895,2026-04-07,78.56474559864688,27.022756271913124
B-03372,M-09,Cotton,Op-04,Morning,639.8172061623044,166.83676847509392,9.446116126017465,5.913346546183314,2026-03-01,,21.032050862179602
B-03373,M-08,Silk,Op-11,Night,789.7478166826565,267.5631181620226,29.872297893063276,1.8876278591572895,2026-02-26,44.93504506721936,20.20350005178535
B-03374,M-07,Denim,Op-16,Evening,1430.4546350650699,228.99645241062836,60.715239176492574,6.241358986004662,2026-05-26,40.413391063378455,34.40640426572067
B-03375,M-08,Polyester,Op-05,Night,707.9022471473027,197.36588558748429,22.315823663644963,4.482019547704075,2026-01-14,38.405343060306684,34.68650626989998
B-03376,M-06,Cotton,Op-02,Morning,824.2779985680016,162.00000224230902,23.40989401363023,14.533151398588393,2026-06-18,72.43397823542783,37.59893485746257
B-03377,M-05,Wool,Op-13,Night,1435.7108958813126,175.35354804088232,30.847355288081133,2.087967659644468,2025-09-20,50.05346553283913,31.879615064142897
B-03378,M-06,Denim,Op-08,Morning,1771.9258620911237,130.22003183491972,338.2294775847216,6.139807252116879,2026-08-14,36.245195266210146,28.09664267970451
B-03379,M-10,Silk,Op-02,Evening,1101.1028826705256,195.6330726553383,33.42968707048942,8.611749018651986,2025-10-13,43.749556489495944,30.460826692297445
B-03380,M-10,Denim,Op-07,Evening,974.2670763143126,266.04006613129565,42.677278756734076,8.638975772309912,2026-07-15,46.61348593732725,38.946770241615525
B-03381,M-06,Wool,Op-01,Night,8133.575400519244,238.44677492908414,188.16149409898384,6.295120677084656,2026-06-12,44.04303333395062,33.26635687348962
B-03382,M-08,Cotton,Op-06,Morning,993.655146571653,181.39075649485113,40.730489240915,13.687853354250946,2025-12-03,67.84333509789094,39.628206407358114
B-03383,M-06,Wool,Op-14,Morning,1172.7735608273476,206.2136039644726,32.16307156783972,13.607216894483914,2026-06-21,57.5823368049024,25.107947483288903
B-03384,M-08,Silk,Op-04,Evening,1274.4739832736768,119.34396671022591,53.76355455679239,11.412677439540463,2026-02-24,35.46769666774865,28.098354267376113
B-03385,M-09,Cotton,Op-14,Morning,1201.3555424199453,268.4031039437016,13.852309130553753,5.78633850878561,2025-10-22,77.88181469992176,24.18936863610471
B-03386,M-04,Cotton,Op-02,Evening,1808.6398144856278,250.44054319008166,86.89179099389756,4.247773718943219,2025-12-08,79.2370803568337,30.045602585370556
B-03387,M-09,Silk,Op-01,Night,1257.543157080499,194.3749173542582,35.33971230433699,7.287939520022511,2026-03-07,46.74376380664751,30.674029943531032
B-03388,M-04,Denim,Op-14,Night,555.1203149353312,152.0870466847005,22.508643278651025,3.9837192014778173,2026-03-31,73.37178011605333,31.97739954453683
B-03389,M-02,Silk,Op-05,Morning,1935.2390566239208,228.807854505282,50.57243245289926,14.756539879666422,2026-03-23,45.588202582606485,23.725343646257876
B-03390,M-05,Denim,Op-05,Morning,1206.199122403712,279.072308570517,36.467352770473795,8.839166146513469,2025-12-21,44.60904997090085,34.85268565735042
B-03391,M-05,Cotton,Op-14,Night,743.1979179127552,215.36395751825043,18.64187636757782,13.759523515301975,2025-08-07,72.13113087379101,31.73619945270662
B-03392,M-07,Wool,Op-17,Night,630.4681265963168,193.92978466632474,29.79289033630563,11.529112125414109,2025-09-05,48.01368598665053,24.708936511033286
B-03393,M-02,Cotton,Op-13,Night,1732.3335506869887,227.65512388402894,60.028591236264376,2.914966814887271,2026-01-16,37.24544202030865,22.06439182911558
B-03394,M-10,Denim,Op-18,Night,673.344194710004,268.5254397725266,25.90132043465859,14.90151002547051,2026-03-18,48.31740923543326,29.073396939341947
B-03395,M-02,Denim,Op-09,Evening,1905.7295094886488,278.81875471127705,71.57105208931794,1.8062856024978802,2025-09-15,38.453590127838254,35.09194397115584
B-03396,M-08,Wool,Op-01,Evening,699.8278910601849,200.41291640031352,110.53485247776571,11.931404835194138,2026-01-14,,24.37561364525387
B-03397,M-08,Silk,Op-13,Night,1673.2926276021108,223.16377995797404,79.24037682034619,5.412790853160888,2026-05-28,66.04662741709556,35.64731590302319
B-03398,M-04,Polyester,Op-16,Morning,1051.6620082313955,237.203347195991,10.649857840213546,9.436627877085673,2026-03-05,56.260303472854424,37.808329483100756
B-03399,M-03,Polyester,Op-01,Morning,923.1674091553964,207.655447908966,26.87831433290742,3.4961056629117326,2025-11-18,75.39332668663792,32.951902352260305
B-03400,M-04,Polyester,Op-10,Morning,0.0,190.17723829302076,0.0,8.821142167020133,2026-03-06,30.13754977769605,27.314010603901473
B-03401,M-06,Denim,Op-18,Morning,952.6363358753462,193.56646787434846,215.96629480379113,3.9348184313188463,2026-01-31,76.25433162430703,21.07945265101826
B-03402,M-04,Denim,Op-11,Night,1428.419744208226,160.52112418174076,71.0448388741344,14.533766635120498,2026-05-23,44.09254792597449,31.777559942806086
B-03403,M-10,Denim,Op-15,Morning,1821.6415945751687,207.2659650572212,364.64528473781024,14.86524332154097,2025-08-15,65.06849308663072,24.174008322836187
B-03404,M-05,Polyester,Op-08,Evening,1016.0205624067837,252.09128787197326,22.222244886900622,9.17968098181911,2026-08-11,31.904635579476427,37.54896967301952
B-03405,M-05,Silk,Op-07,Evening,1995.6123153697156,290.83814606695717,62.47326169581727,14.167430033547513,2025-11-14,70.55638020319869,24.412266633670853
B-03406,M-08,Denim,Op-06,Morning,836.4539402374619,151.93509111778985,39.10165120210615,9.553324772107883,2026-02-25,32.04167726765317,39.38917133641415
B-03407,M-06,Wool,Op-14,Evening,1071.1513582365797,203.08448960138261,22.627483199144553,7.525671869748626,2026-06-26,74.1099889308735,33.77203752632222
B-03408,M-09,Silk,Op-08,Night,1170.2618816979452,185.79319513735277,52.92480488034692,14.43069235597486,2026-07-26,38.76554552573198,21.791526745888582
B-03409,M-05,Wool,Op-06,Morning,1845.0289842588063,274.347817582433,23.575619921153407,8.15367681875779,2025-10-07,62.98722141347302,31.267260951219676
B-03410,M-03,Cotton,Op-11,Night,1393.7523453510837,102.72282945122018,30.888075759423216,5.549823733799206,2026-08-15,,38.64585151746334
B-03411,M-05,Silk,Op-17,Evening,1909.7399639663718,150.02679142984886,57.39820995977679,5.403871366461455,2025-07-24,61.42037482192768,35.2325394557859
B-03412,M-02,Denim,Op-13,Evening,1823.1735307912331,108.04808432212386,47.4654608402477,13.910727740881189,2026-08-24,39.8153899947704,37.68477490169312
B-03413,M-05,Silk,Op-15,Night,1749.1355838065565,234.33310996073902,34.57272259983274,3.4631828546956696,2026-02-03,75.90237849407242,24.910347809769192
B-03414,M-08,Denim,Op-13,Evening,1721.2683449560707,121.1746511145042,27.367063333703083,4.1085026891864445,2026-04-21,55.183878671053115,36.60954057373249
B-03415,M-06,Polyester,Op-19,Evening,1321.5023517685195,242.2481183605879,47.723594059751235,13.048333146023317,2026-03-21,76.77827801011098,35.69279828937865
B-03416,M-09,Wool,Op-16,Night,1150.4301279691488,122.42203083768393,12.273299107979364,10.936320695357297,2026-06-20,79.63686522377435,34.735211894642
B-03417,M-03,Cotton,Op-14,Morning,1244.3899670627582,222.92932649658076,23.5617939543991,10.655438815439803,2025-09-10,65.98629178003543,31.16216882433048
B-03418,M-08,Polyester,Op-17,Evening,1913.30099221482,239.33329353273237,87.05406145427223,4.315760516171732,2025-09-10,46.116091613513646,38.43855341260739
B-03419,M-04,Wool,Op-02,Morning,1107.7196575371345,107.6614443982902,36.96215183088462,1.6789631645151346,2026-06-05,44.19591454591945,32.58244438677999
B-03420,M-10,Polyester,Op-08,Morning,1450.741680415914,243.45659438642133,23.493890925505696,1.2664515502983378,2026-07-18,35.25427975862215,27.189669036544252
B-03421,M-09,Wool,Op-11,Evening,612.9800638168313,228.19287919946638,22.456072112946405,12.414710684875386,2025-12-03,67.63133287171412,36.34079557218358
B-03422,M-02,Silk,Op-07,Evening,1603.0179827213033,154.35575484166026,34.556055507276334,14.9021125079783,2025-10-20,39.15828272469436,24.28987748778765
B-03423,M-08,Wool,Op-18,Morning,1962.9986451598684,297.6577178707812,95.84308265348685,12.128512495890964,2025-09-29,61.452879927981684,30.40125150369227
B-03424,M-07,Wool,Op-14,Morning,1543.4342042873714,288.94602566520604,24.685990447358154,5.431711192686734,2025-09-25,46.68873961347828,37.094491882368715
B-03425,M-09,Denim,Op-09,Morning,1918.8917919441137,201.49487093268152,56.25232224293741,13.969794300171769,2026-01-02,46.83963943629065,34.31917808278794
B-03426,M-10,Wool,Op-19,Morning,1440.2054453682094,200.87449862783046,66.80692071182187,14.53961864319906,2025-07-27,64.60526989069587,25.026379372526307
B-03427,M-08,Denim,Op-06,Night,941.0446072326565,174.32101986017125,19.156567195200672,2.429731772282987,2026-05-19,74.99832598980953,25.72224046455726
B-03428,M-02,Denim,Op-19,Evening,1880.3938969924309,261.10537248100667,24.70921959268126,2.9751049012712416,2026-05-22,68.46622519518404,38.26066196107581
B-03429,M-01,Polyester,Op-16,Morning,1737.8224923568596,209.48401037461122,19.748466161398856,10.36876429130321,2025-10-21,54.642716945246846,33.95606169810557
B-03430,M-03,Cotton,Op-07,Night,1644.0600848349256,106.66873957179168,37.06769608629924,7.374197868462808,2025-09-23,37.54824965651474,36.47148554702615
B-03431,M-10,Cotton,Op-09,Evening,1181.1403169064988,185.75014825966232,15.284346743383487,11.815027519585891,2025-08-18,54.05721798979877,35.77916670020692
B-03432,M-03,Cotton,Op-04,Evening,787.3909518544926,210.30684992927212,12.804572916341227,14.25923654653773,2026-03-08,33.73789233608902,20.861684323137286
B-03433,M-09,Polyester,Op-10,Morning,1461.7296932902348,179.79858333404945,32.15959715846929,12.557733311847606,2025-08-18,33.59665757406829,23.92828173629402
B-03434,M-01,Denim,Op-11,Evening,1440.095130033178,237.03453806030944,55.482185799871516,2.7388461154928336,2025-10-27,77.19023544958698,26.820882703804184
B-03435,M-05,Wool,Op-10,Morning,84.49258143731507,144.55162270942134,39.019127201255166,12.847196523615755,2025-08-07,70.9119014095965,27.921437078333803
B-03436,M-04,Polyester,Op-17,Morning,1766.1181015733523,143.47702085545487,53.568936295031975,1.207247919458498,2025-11-01,43.42540209839592,23.821049729189735
B-03437,M-05,Polyester,Op-03,Morning,805.5549374848645,252.63797414389896,26.695153703853936,4.379188932056055,2025-10-14,,34.13936359825311
B-03438,M-04,Polyester,Op-16,Evening,1979.3747847078266,299.98019540184634,79.43442623071589,13.173365166442618,2025-10-09,67.99916846493755,27.729128280011473
B-03439,M-08,Silk,Op-16,Morning,1935.013305619236,104.67551507908883,55.45338605822534,8.530805802768343,2026-03-08,40.89991521942173,31.15752631737701
B-03440,M-07,Denim,Op-04,Evening,1363.6528723284266,210.19244428374483,31.081482832279285,14.441498548359867,2025-09-12,57.609305446736805,36.924641762497345
B-03441,M-08,Cotton,Op-05,Morning,1157.1510331865734,194.08269520896198,38.4261051218676,4.902192606695316,2026-03-03,48.98951307389776,31.970261589335504
B-03442,M-10,Cotton,Op-14,Morning,1454.6530168602208,170.36358308402822,29.269454094995233,5.421640932142799,2025-12-29,60.58089413770816,22.657234968550497
B-03443,M-05,Denim,Op-16,Morning,563.1916054294928,114.52217051921602,20.38700273043927,4.407365909648524,2026-05-09,30.976464014845952,24.908211841749228
B-03444,M-04,Denim,Op-04,Night,591.6606177033996,187.3473355589282,27.80344541999473,13.783523016873692,2025-10-24,69.56424144627005,26.108750045897146
B-03445,M-08,Cotton,Op-10,Morning,994.4697451215873,114.5030992675125,36.452349137961036,14.91678339475359,2026-07-15,73.5011263594586,29.318655666021847
B-03446,M-07,Silk,Op-20,Morning,1506.8421167850051,138.89644614609207,70.01229317142777,3.800680864150852,2026-08-04,,29.391614067036514
B-03447,M-05,Silk,Op-07,Morning,514.9906622878561,256.50112718987185,19.29689101436341,1.805374972005158,2025-08-09,53.91110574415589,32.75745666146953
B-03448,M-01,Cotton,Op-15,Night,587.718895423867,183.72072347679364,21.47875099665783,9.173721647032545,2026-06-12,33.30227686530035,22.701891131906194
B-03449,M-09,Cotton,Op-17,Evening,1282.4572948859775,132.3657322536581,45.79058777874126,8.493350716806269,2025-11-21,75.6346186722208,20.31175169550728
B-03450,M-04,Cotton,Op-01,Morning,610.4756519080129,101.28988859294017,25.697215552399722,3.109162841248873,2025-10-30,,28.458132637078386
B-03451,M-07,Denim,Op-15,Evening,922.678244906838,225.13464247775173,38.658907903169904,6.756192931374294,2026-04-04,41.7165895983004,30.284942285657173
B-03452,M-01,Polyester,Op-10,Evening,1748.7385550842164,269.30390637544735,69.139883334258,5.7398093757697115,2026-01-24,69.67280323578765,24.243569102178157
B-03453,M-07,Wool,Op-10,Morning,1922.576639408925,102.74876693819144,32.76745481545941,7.165095036503172,2026-03-09,62.38854942070023,34.035515409751056
B-03454,M-02,Wool,Op-12,Morning,1958.2749128578891,223.0530735941946,25.826100796255577,3.3007684171957488,2025-08-19,31.026125585625763,35.66528397579552
B-03455,M-10,Denim,Op-11,Evening,711.5763816053548,214.96600537113812,18.31637490574087,9.449077048294676,2026-08-21,,33.73774237184797
B-03456,M-06,Polyester,Op-06,Night,1660.8480034502343,294.8717199231777,62.20120001397595,4.795329203118362,2026-02-06,65.1514308268973,38.56937304790314
B-03457,M-03,Silk,Op-03,Night,1521.6642479663892,144.75451381704133,75.88974495618551,8.491822804475701,2026-04-14,58.12614218022901,34.00259124911906
B-03458,M-03,Polyester,Op-16,Evening,550.4657338156431,113.04653225349736,8.506981013524072,2.0913009720328626,2026-01-28,,34.85958268977914
B-03459,M-08,Cotton,Op-18,Morning,1433.677811735518,783.3689790746757,451.4927411286113,7.402479386949953,2026-05-07,40.78315799087069,37.322131226090846
B-03460,M-06,Polyester,Op-10,Night,685.86204589542,134.1740867676951,26.166487657970602,14.84703566914986,2026-05-22,66.27825986654338,20.985575000581793
B-03461,M-05,Wool,Op-13,Morning,1118.2595702144174,161.4416773646381,24.14704688588631,3.15685111222748,2025-11-15,71.99519772782828,21.276827579782015
B-03462,M-10,Cotton,Op-18,Evening,959.5743407385567,132.18105679270008,45.431217737470874,8.114588366016184,2025-11-25,30.58513134054463,26.019510308208183
B-03463,M-01,Cotton,Op-15,Night,965.7943540130086,172.09187742135032,17.010390051047356,7.624310675277002,2026-06-09,58.08466874257374,36.17417289641488
B-03464,M-07,Cotton,Op-19,Night,1807.6195657888359,251.50987142877787,61.02615487742934,11.117104685261774,2026-03-22,34.34022868573176,20.432813799491694
B-03465,M-09,Silk,Op-11,Night,1794.7009437847419,216.8882928281272,69.76148135376933,3.985288116237432,2026-05-27,34.52599489746066,33.9919290563547
B-03466,M-03,Polyester,Op-05,Evening,758.797551030663,105.63806309930726,32.17134708689586,6.715969185124758,2026-01-10,59.135935106651104,34.12004819134383
B-03467,M-09,Wool,Op-06,Evening,1415.8061409600984,122.17612171969701,63.52262919471167,10.556143409993808,2026-07-30,79.2088321447441,38.11169169194808
B-03468,M-05,Denim,Op-14,Evening,953.2552300375113,250.15763529080013,19.08652449620764,12.915448243512037,2026-07-05,,33.566524092625265
B-03469,M-01,Denim,Op-17,Evening,1930.7509578124375,190.16388229173518,53.11184234063887,2.8172778213223113,2026-06-02,35.4888947528696,32.95037974598092
B-03470,M-10,Polyester,Op-09,Evening,5053.614014471926,248.07291443121892,130.51121396784092,12.190552341620675,2025-10-22,66.27078153932257,24.04521755368026
B-03471,M-10,Silk,Op-03,Night,1098.2322971113156,267.0493897771003,32.89970531612563,6.46552122297166,2026-01-21,30.563472309469915,27.046928236560188
B-03472,M-09,Wool,Op-08,Night,1923.5071800091603,288.20686075790894,79.93495185870077,3.532236535099762,2025-09-26,39.25732708697258,23.26762912929101
B-03473,M-05,Denim,Op-14,Night,509.0330605526095,125.43543963837547,12.417922847281352,8.531434843017387,2026-07-24,42.37810334433828,21.84712916478524
B-03474,M-04,Wool,Op-18,Morning,911.3114075903671,202.22086130285692,43.0862572155236,14.709270313622742,2026-07-12,36.21523184074592,27.454534096681886
B-03475,M-09,Silk,Op-06,Morning,1815.309565240734,178.8542069568561,88.79461333048869,10.785345703276311,2026-08-24,34.39285067906728,34.2508211108723
B-03476,M-07,Polyester,Op-03,Evening,1306.2322292512874,199.69804540688284,43.912250512709285,3.6224606758267446,2025-07-30,,32.67576397814584
B-03477,M-10,Denim,Op-16,Morning,63.810908425547495,105.21665733694437,34.60748363305733,8.682128836887031,2026-08-10,59.74674217486865,24.150602708256045
B-03478,M-08,Denim,Op-11,Evening,1409.3990952985575,269.1525292235609,231.549204661102,5.139220005803375,2025-11-06,75.60340299441592,34.87412323966717
B-03479,M-02,Denim,Op-13,Evening,885.4754937312238,291.35364344297005,37.43261231373956,5.3450872623771115,2026-05-11,46.49504800745322,23.79177862195434
B-03480,M-09,Denim,Op-04,Evening,913.466345363416,166.05164967377112,27.54077995018677,6.800873518042772,2026-07-21,51.686413988730486,28.226815808300433
B-03481,M-01,Wool,Op-15,Morning,1721.7693194246049,263.8570081484044,25.49952576206945,12.176383872686856,2026-06-20,35.056241955824376,35.993576065496285
B-03482,M-04,Wool,Op-01,Night,687.0856550783869,289.5725543269922,34.0619866923495,12.471569825877578,2025-08-20,57.620523343400436,37.499404089557245
B-03483,M-07,Cotton,Op-01,Evening,1415.9630999476663,222.5796873963036,57.181163537553275,11.561978408238993,2025-10-24,41.60694761826664,23.342497230375987
B-03484,M-06,Polyester,Op-15,Evening,1017.3571924911535,127.0140712611868,38.57654521068538,5.408288162848496,2026-06-06,47.93184339372877,39.304553190113815
B-03485,M-08,Wool,Op-12,Night,1296.2844760996009,293.774627736521,33.92659883545117,13.643956366638529,2026-04-01,55.60004283070799,38.11359270753961
B-03486,M-02,Cotton,Op-13,Evening,845.630998034937,146.53563536441703,31.662994075821388,10.272417342189774,2025-12-12,55.053516035363856,33.17901694010894
B-03487,M-03,Wool,Op-01,Morning,533.4843093465764,110.80791846958047,17.11814020116504,8.457488172277499,2026-03-17,39.551773888003844,32.65067537608879
B-03488,M-01,Polyester,Op-06,Morning,1378.6405375563368,160.49107596620212,60.02294214610555,9.957809087890553,2025-10-17,71.47463182425115,39.961425071844744
B-03489,M-01,Silk,Op-01,Evening,1336.248139519921,138.68591833599132,27.04542826135466,10.540242265677492,2026-05-18,76.88268927789892,24.23733079464605
B-03490,M-06,Cotton,Op-17,Evening,723.5128151174767,247.34432872528035,23.37443893850594,6.69186104793123,2025-12-14,33.1347819443192,37.498999829805605
B-03491,M-09,Silk,Op-14,Evening,996.6414380005338,168.7965952122194,31.810654077445733,5.0635170826726945,2025-10-19,52.77400861963209,26.7408337697629
B-03492,M-07,Silk,Op-10,Morning,1660.2758784069413,234.8922566888747,21.132405436081754,5.12239649855764,2026-03-07,56.437050576988966,36.80252319824501
B-03493,M-08,Polyester,Op-15,Night,617.4459004803572,211.2340136099507,22.135765916179118,9.947611797457245,2025-10-27,40.570650788795206,34.904402533830364
B-03494,M-09,Polyester,Op-05,Morning,1884.9339023544296,133.79084037170733,60.46077338300698,11.51923971501215,2026-02-24,34.18215452916335,31.30584819035795
B-03495,M-07,Wool,Op-01,Morning,1082.577566970111,268.9142295337134,43.02157271484932,1.0611890270041713,2025-10-15,56.00897009492604,24.343070996703748
B-03496,M-08,Silk,Op-16,Morning,564.6011394591458,266.31093763631554,85.90694502376596,12.733291173897321,2025-08-24,71.64330062017515,23.051370534653397
B-03497,M-10,Denim,Op-17,Night,1771.9438869337998,244.5950387017241,55.18937767404526,8.436152232589537,2026-02-01,66.52957165483085,21.886481933035444
B-03498,M-01,Denim,Op-20,Morning,936.9147377246682,294.52389264459464,22.3676515263874,12.999651308734624,2026-03-23,66.66378479169884,38.67495270499464
B-03499,M-10,Cotton,Op-04,Morning,1851.319848482272,165.04764642134205,45.25067792120045,11.259154075676141,2025-08-07,66.82084558882245,20.36699752908187
B-03500,M-08,Denim,Op-14,Morning,529.1490086127468,299.41840352204974,9.551427510374726,2.7107546656093318,2025-11-01,57.14054478240547,35.81112477525274
B-03501,M-03,Cotton,Op-15,Evening,1227.579002143209,221.48575218423017,22.63768992068104,3.2428665615376353,2026-03-24,68.92777299557693,25.986729143787308
B-03502,M-03,Polyester,Op-18,Morning,1337.4331196561252,182.06272552858758,32.593982036988905,13.884003224909849,2026-04-21,74.0031349099077,29.667013267777662
B-03503,M-03,Silk,Op-07,Night,988.2769724468978,153.51272461630148,17.397394181948428,8.623669951974682,2026-06-12,70.24893023672718,26.215132164071157
B-03504,M-10,Wool,Op-16,Morning,1213.22570927493,113.8068833595333,26.712579440867366,10.817906085815896,2026-02-24,55.91791331509668,29.927496159457085
B-03505,M-04,Polyester,Op-11,Night,1857.010156297605,118.09725836991055,72.70279874863566,13.17753612441844,2025-12-29,48.835260120796136,37.612470319500446
B-03506,M-04,Wool,Op-17,Evening,656.2560899930575,266.3072573018707,23.24795220443546,10.550475671793071,2025-09-21,31.615095645767422,22.6740536421934
B-03507,M-05,Polyester,Op-15,Morning,1493.9007543204275,249.330286567519,49.30384633646473,11.083435610849747,2025-11-01,62.97599773349775,35.32477803492845
B-03508,M-10,Cotton,Op-18,Night,891.1870782866824,282.47532274614366,24.138908554254193,1.254996433047691,2025-11-17,48.32808599357451,34.57740586194326
B-03509,M-04,Polyester,Op-10,Morning,537.2516112200215,113.19618062324264,16.26277428146471,10.08092316793604,2026-02-09,78.24322997026499,31.037272716689976
B-03510,M-02,Silk,Op-05,Morning,977.4878195844009,151.33813477321263,17.514618268632947,1.293789744587986,2026-02-17,43.647743382023556,28.98220881730505
B-03511,M-04,Denim,Op-06,Night,631.0219827221438,243.54557345092053,7.642296697186732,13.52468376695294,2025-11-16,76.83860348435428,32.35997456993979
B-03512,M-06,Cotton,Op-10,Morning,1611.2939449426601,122.01906105237728,77.463523949902,10.376473647629535,2026-04-11,68.96829178739378,34.51729421652946
B-03513,M-05,Silk,Op-19,Evening,1607.2194267010846,238.6419555963617,74.24689079163454,4.664404410563433,2025-12-26,76.23843432179508,23.590877415883337
B-03514,M-05,Denim,Op-08,Night,968.9938150188656,126.03271877553375,19.857080252138907,12.573562381796389,2026-07-02,30.124772680041456,36.64176635361662
B-03515,M-08,Wool,Op-06,Evening,1827.081909133432,238.2958364483158,78.93528073092428,10.326566659908261,2025-09-23,48.26597815824217,21.18805947781542
B-03516,M-04,Silk,Op-07,Night,756.3556927647919,174.45172837895046,11.817796208598363,9.404965597127145,2025-10-13,54.11268692803108,23.973212703426363
B-03517,M-01,Cotton,Op-15,Evening,684.8694083754359,272.6015762998402,9.870948731522098,1.4418336868586707,2026-06-27,78.85071297999471,23.97057380770828
B-03518,M-10,Polyester,Op-08,Morning,1365.4574821651927,115.99719158813933,57.342037653753216,9.43434568429033,2026-03-07,72.53133224068065,20.957960429348496
B-03519,M-01,Wool,Op-03,Morning,1091.716161473178,131.898126766242,48.7683927019689,3.465350723744427,2026-04-21,75.93822718471131,22.212115038813288
B-03520,M-07,Polyester,Op-10,Morning,1316.366931475422,107.81123576328781,51.40164272248943,7.502666040042737,2025-08-11,,36.348990289526014
B-03521,M-10,Denim,Op-04,Night,1233.1736265270767,272.0099759392434,47.268868332503565,2.685106664923216,2026-08-14,75.49705266961844,36.928824169666974
B-03522,M-02,Polyester,Op-03,Night,1726.831613193124,208.7631013685332,56.5613884675124,10.452274007367336,2025-12-19,58.02990353538895,27.108570610158985
B-03523,M-05,Denim,Op-03,Evening,92.59936090923853,188.05583416815705,44.09731152695093,4.930855701643405,2025-11-03,,22.45775578922778
B-03524,M-07,Cotton,Op-01,Evening,1622.0054734533037,135.03957084763226,56.27946224216846,6.941868228346983,2025-08-03,35.74280346675883,22.772421267349795
B-03525,M-09,Polyester,Op-05,Morning,1411.2227261735165,142.67438147097243,15.196640895945249,7.641924720043181,2026-05-31,73.1653083488974,23.484030173529657
B-03526,M-06,Cotton,Op-15,Night,1477.9927109953585,110.699641617737,40.2009607074858,14.719163340014243,2026-02-06,60.48101418994405,29.407927056879444
B-03527,M-03,Cotton,Op-02,Night,1359.6059877753971,539.9769517499035,276.6941535338817,14.02026682347294,2026-07-24,61.28210342759389,23.679569952218177
B-03528,M-08,Polyester,Op-08,Night,1445.775477820997,229.69666837402556,17.72584008290044,9.171752159247816,2025-11-27,39.174160218001155,32.06859716989534
B-03529,M-06,Wool,Op-20,Evening,1413.8575333578833,210.80340382152377,69.59878798796605,10.173567631747392,2026-01-06,74.7737802876197,37.00716210479073
B-03530,M-10,Wool,Op-06,Night,1964.3615494048627,254.46393867475052,76.81301503786763,14.389874710488192,2026-05-02,,37.34567771778224
B-03531,M-04,Denim,Op-15,Evening,613.0763819656328,109.80997765397755,13.804475868626108,12.726393945080783,2026-08-19,54.482792893584914,36.29213368749842
B-03532,M-09,Cotton,Op-11,Morning,1096.4747874845193,240.03734420238638,45.74548623423006,13.814574317049304,2025-07-28,34.388073723944295,37.22956289269213
B-03533,M-01,Polyester,Op-17,Evening,973.3089060947821,171.0433228263119,13.452672574854645,1.6504606811067348,2025-07-31,30.787030555835898,29.54012252715458
B-03534,M-07,Polyester,Op-12,Evening,9339.898862198737,269.3534399053327,152.33275937130435,8.994397477506334,2025-09-15,61.681621863305665,23.7495866166384
B-03535,M-02,Cotton,Op-03,Night,1868.8366578179898,268.9657249909163,38.9342991983333,11.238538473442134,2026-04-01,66.70379578468143,22.107869479017268
B-03536,M-09,Cotton,Op-05,Evening,600.2708297265141,101.73624184526173,29.296913260761077,3.2163334393747416,2026-03-04,74.024359132347,24.79748118072103
B-03537,M-06,Polyester,Op-11,Morning,1395.9364993418092,147.45169752693806,61.26848961930568,7.959831248778979,2026-04-08,40.95474113500577,39.67947116364748
B-03538,M-08,Denim,Op-12,Evening,539.3581831734937,289.5552062934942,19.350590170182922,11.094911502240421,2026-01-05,34.119062601063916,33.41275492652891
B-03539,M-03,Silk,Op-03,Morning,828.1831187113752,251.68934000151512,40.373512577732846,2.2189058463815394,2026-06-01,54.47225906156239,20.19846414326176
B-03540,M-01,Cotton,Op-16,Evening,1627.345447665364,131.7704152319312,20.10724115941404,5.783436559317962,2025-07-28,38.02811889040881,35.33234928258629
B-03541,M-10,Denim,Op-11,Morning,1760.6099833455712,288.43926776714596,51.215431355023505,10.4727911992882,2026-05-12,40.64827250007171,27.201801916271016
B-03542,M-01,Polyester,Op-02,Morning,1406.9371583033808,233.73261796233749,18.64991201568381,8.759006014464358,2025-09-21,47.56569604109279,37.81834561129806
B-03543,M-10,Cotton,Op-05,Evening,1199.3840813652425,255.11296769349613,43.697462410503185,1.8522173140796125,2026-06-15,65.26676084056506,36.3942324550665
B-03544,M-02,Polyester,Op-20,Evening,519.405338413034,136.02740542644125,18.731707682856275,5.789583104487311,2026-02-16,41.6845017819023,39.25304280454855
B-03545,M-03,Cotton,Op-09,Morning,945.4564360273555,285.9394997330891,279.53468963198907,11.368318792666617,2025-12-09,44.230360591352095,27.57763138803911
B-03546,M-09,Wool,Op-16,Night,1275.9447438351099,279.21133749959694,62.883166583009874,5.850996794235868,2025-12-17,73.04208015487379,21.077736968543277
B-03547,M-04,Polyester,Op-17,Morning,1868.051550549954,172.640588955331,41.63924126197444,11.846110314404083,2026-04-03,67.6128963236913,38.025095942058634
B-03548,M-04,Polyester,Op-08,Morning,1198.2800079712242,272.9999225212106,14.233363539939571,11.900112357893024,2025-12-12,49.67333593701396,36.91450465824244
B-03549,M-07,Cotton,Op-06,Night,1673.0694544444852,141.35317188674014,51.568692332480815,5.005692709533021,2026-08-19,54.66074217977968,28.994690021399478
B-03550,M-03,Cotton,Op-02,Night,1317.1633935080358,166.3055382062994,39.82263661394459,3.45318518223842,2026-04-26,68.42406146436531,27.999522981742842
B-03551,M-08,Denim,Op-08,Evening,1467.0450775266772,281.9275844613312,72.7275869700331,10.90573963596308,2026-03-05,32.27296127951922,36.77120726796035
B-03552,M-04,Silk,Op-17,Morning,1208.7275380570732,293.91806729092013,43.879462828708974,8.662602392804093,2025-10-17,52.98079979359749,26.6280952945491
B-03553,M-01,Polyester,Op-13,Night,844.730630787567,120.98684370288086,27.101550143586646,1.381319436178997,2026-05-15,44.61900563576319,27.915416643340762
B-03554,M-04,Polyester,Op-07,Night,939.1247377805096,296.81191447708227,19.181679617658283,5.084432355376347,2026-07-16,52.04876942232043,22.065523310638007
B-03555,M-01,Denim,Op-01,Morning,572.4982096834866,211.9017266874656,6.105492498954639,11.514905563854043,2026-02-16,39.785490716803395,27.358218756321413
B-03556,M-02,Silk,Op-04,Night,1759.283083583318,255.9927049863339,45.18029355850171,1.8855564322400933,2026-03-28,48.24338046602057,39.10573227698991
B-03557,M-05,Wool,Op-08,Night,1289.313015086024,171.04857220207106,52.84713431613671,9.345839433795666,2026-04-19,78.90784378184111,39.95005006962394
B-03558,M-10,Silk,Op-02,Evening,1106.4666470306588,198.88644016579767,30.933773317324363,5.994238593572277,2025-11-10,79.2787314952173,34.155206116508076
B-03559,M-06,Wool,Op-20,Morning,518.1729051644035,204.09668287810968,5.639664296573987,14.77499482382265,2026-01-07,56.15304544865259,23.648533709782274
B-03560,M-09,Wool,Op-03,Night,1032.0556371863136,283.6456111393214,33.36193034153226,14.951757514462333,2025-09-19,77.26839874060013,34.58839986508514
B-03561,M-07,Silk,Op-20,Night,1386.0292195733782,207.79840181839216,20.602609987125675,10.898690268921836,2026-07-24,50.943661334767626,33.38408009911531
B-03562,M-05,Denim,Op-09,Evening,898.5429598422256,267.2006077617259,42.30245263821235,13.652485030407476,2026-06-15,56.95041187801499,20.63271234425865
B-03563,M-03,Wool,Op-13,Evening,1553.0963870409296,182.80558475107216,70.62301180432405,9.377305204792949,2025-11-25,51.488741722068305,29.306784534641018
B-03564,M-08,Wool,Op-12,Morning,741.6263703756673,120.73382709644736,13.94214547553953,1.0382024231822204,2026-06-25,45.700018780606335,22.94827532968855
B-03565,M-04,Denim,Op-16,Morning,516.8584739980654,145.43908293754063,16.928155953325707,5.657962147053235,2025-08-04,31.578374820494066,32.158082485942955
B-03566,M-05,Cotton,Op-15,Evening,645.5536677648876,219.00195550368022,6.524507460251706,14.981154860524287,2025-08-28,,38.88937905623081
B-03567,M-02,Denim,Op-04,Morning,1693.0674669955395,170.7210552472972,52.3661866246351,1.891119184684784,2025-09-22,44.799160685810406,26.434730326259245
B-03568,M-05,Silk,Op-16,Evening,1491.625650903282,249.8111224416816,36.55896118972963,4.442642595885733,2026-05-29,46.088528512424844,26.167634137194703
B-03569,M-03,Wool,Op-13,Evening,1999.4844634345081,255.58866056548516,51.16634222938918,14.649866513761758,2025-09-10,64.65555297735287,28.125414032945685
B-03570,M-07,Wool,Op-17,Morning,1232.8717174625676,183.37395667288746,50.54084958508759,12.59656744529844,2026-03-03,53.25010065133465,25.91228720421692
B-03571,M-07,Denim,Op-18,Night,1781.630614072092,184.08579122809027,21.021897023248552,10.349320006677448,2026-03-26,32.94022669441524,30.589297039429333
B-03572,M-01,Silk,Op-19,Evening,543.7862607417021,222.5849701045478,8.469822813145997,5.2466953535298195,2026-03-20,67.12685812277327,37.921651212651845
B-03573,M-04,Polyester,Op-05,Evening,1586.7842578683858,202.90399965766863,48.59633849426063,2.569669502277784,2026-02-18,62.57963032403624,32.189336062129456
B-03574,M-03,Denim,Op-19,Evening,1889.706806839487,204.2159392208033,54.45917709154583,14.867211616302976,2025-08-14,55.46144069240555,22.31704076602735
B-03575,M-09,Denim,Op-19,Night,773.4931438326068,219.42669704348543,22.23456778714615,10.703850452710416,2025-10-10,53.42176393535468,21.954059353662963
B-03576,M-03,Denim,Op-02,Evening,622.1813221016006,236.4251911013068,19.472292752051562,12.065155148111225,2025-08-30,78.11901636135195,22.976042142569128
B-03577,M-02,Denim,Op-09,Morning,1351.3060513031278,284.49530675619593,37.09882789565484,9.781872968351198,2026-04-29,,22.91019291290642
B-03578,M-02,Denim,Op-13,Morning,1482.1437927593756,240.05688641385947,18.327562424647727,13.08303598026803,2026-07-03,39.02535599221986,39.03084293510997
B-03579,M-01,Wool,Op-12,Night,1975.643201853353,271.5534185732817,23.03440838418289,10.243818958670397,2026-03-03,66.74977501322108,21.45384011837593
B-03580,M-06,Denim,Op-16,Morning,652.6486948270483,117.47196293282755,18.163177230923733,8.663337268572093,2025-10-03,40.77219935558946,37.204112744134534
B-03581,M-09,Silk,Op-03,Morning,1543.2657146874124,230.57461859403196,64.61087933411737,5.4779425450159405,2026-03-28,42.15837867628645,26.849125705932703
B-03582,M-01,Polyester,Op-05,Evening,1379.4152726294278,150.70773250383508,38.02224703327376,12.449850202846022,2025-07-31,32.737969305515335,33.983667499805904
B-03583,M-06,Polyester,Op-08,Evening,1596.9355790988325,285.49225604868536,67.47697829117868,11.500477371256654,2026-01-28,52.09826776556912,23.019513630277615
B-03584,M-09,Cotton,Op-14,Night,1191.0582903820573,115.06246469142596,54.91974612524826,11.066775568876125,2025-09-01,44.59259829582948,20.977764590103703
B-03585,M-06,Polyester,Op-03,Night,1224.651638140865,156.1922106346043,45.941688589834534,11.029411810388762,2026-07-06,74.29511888412819,20.00614150067511
B-03586,M-04,Denim,Op-14,Evening,1650.5175410276322,141.98548545589858,72.45481636580641,7.854733639742442,2026-02-07,34.46429494589679,34.934997650306954
B-03587,M-04,Polyester,Op-14,Evening,662.2799859869908,263.29205068656694,6.624074719551926,11.80198238678347,2025-11-03,47.34566601854486,33.80579059867166
B-03588,M-03,Wool,Op-09,Morning,1897.696481698998,210.07664706167458,84.01207741820579,9.684744096867993,2026-05-04,63.232970676954935,31.227380344367333
B-03589,M-03,Silk,Op-11,Morning,1414.552748227316,281.5519982480945,52.71344952515847,9.152642711276124,2025-09-09,38.55612109902833,38.27125111678606
B-03590,M-04,Cotton,Op-12,Evening,1548.858491653334,297.09635011432033,54.546240245922895,2.052751758934108,2025-12-14,51.429630354758565,24.781907859732303
B-03591,M-03,Silk,Op-20,Evening,1710.2175256221078,293.26214177848254,63.84758047326818,7.364345497366081,2025-11-23,69.3109115321302,38.34103184080759
B-03592,M-09,Polyester,Op-01,Night,864.0988286746568,221.57083022155828,39.298791591784415,14.579328669440612,2026-07-21,79.37769144307828,32.84719647433556
B-03593,M-07,Cotton,Op-14,Evening,800.5240457729042,149.21572099044334,21.471611098197485,14.340426580388035,2026-01-14,36.761768774740396,23.82212876186958
B-03594,M-07,Cotton,Op-19,Night,1384.3764316300255,220.76344379365435,35.55455520593126,5.087664121317902,2026-03-13,76.0306948975174,38.30199815215725
B-03595,M-10,Silk,Op-18,Evening,1151.4376541454458,240.49942336478236,27.544182324036715,10.281942549584612,2025-11-03,49.11485074804811,28.284885030420067
B-03596,M-08,Denim,Op-13,Morning,853.0775104299619,191.62767258482793,21.317793228899454,10.610077846635566,2025-08-23,67.09833526571465,35.577472965119256
B-03597,M-01,Wool,Op-03,Night,1646.9539914274606,101.30326313837506,47.69994609486813,7.678699128036351,2026-02-20,69.69522000663454,32.60089441282707
B-03598,M-06,Wool,Op-07,Evening,1466.9630099095239,281.3892006297328,56.07132823562422,8.929345208542903,2026-08-20,69.9893095730053,39.61485450450395
B-03599,M-02,Wool,Op-11,Night,1359.9886458335955,107.49718942506806,37.43258804257673,6.242690575564225,2026-05-02,58.27213667575592,35.94413143412065
B-03600,M-03,Cotton,Op-08,Night,1940.0874136471602,588.8645784955116,425.5822532273388,11.42394073294443,2025-08-28,50.95157085420637,29.719769891318116
B-03601,M-10,Denim,Op-13,Evening,1280.3833769201406,205.75892236074975,43.10740842837351,12.160348811155233,2026-01-20,78.41596031160509,21.106013726566967
B-03602,M-05,Wool,Op-08,Evening,1521.9177954722,297.16027014970433,315.9904397161516,14.196262999876762,2026-02-23,65.62253823559888,30.43578822488932
B-03603,M-06,Denim,Op-10,Morning,1377.6834875857317,245.04007931915075,53.874439009314294,9.895593804707572,2025-10-30,65.70614009138706,28.583050091037954
B-03604,M-02,Denim,Op-09,Night,715.6118840295788,132.5172623526227,9.332554012084437,3.2796500416124794,2025-10-26,,37.81729914071552
B-03605,M-09,Denim,Op-08,Night,1702.2625591002138,146.7141796093474,31.329644402126558,7.5580191669335095,2025-09-23,75.7978297732839,31.718744593750134
B-03606,M-06,Polyester,Op-04,Morning,926.1350904782107,284.0893247791571,23.280742621388185,6.9800149515396965,2025-10-30,59.34927415033947,29.198643932507775
B-03607,M-09,Cotton,Op-02,Night,834.9186903986028,237.23830009692043,36.887883317401474,11.055388367809686,2026-03-13,43.744254580369976,35.780216861096605
B-03608,M-10,Denim,Op-01,Morning,1881.0126443594456,132.24248278367398,19.071095071332863,5.254931570585729,2026-08-14,73.01766737518477,23.97080405655788
B-03609,M-09,Silk,Op-09,Evening,1806.2409653774519,165.28988835027388,42.4749949915325,6.8029653519453,2026-01-14,52.3167012860319,36.96549201334457
B-03610,M-10,Polyester,Op-19,Night,1838.4198287847225,223.3878276096096,64.27545490874299,8.382014136471579,2026-08-11,46.280725356373125,24.874233925623717
B-03611,M-08,Cotton,Op-17,Morning,1170.3412400848642,282.10320198640125,48.65169378692372,7.882942025596696,2026-06-15,55.58974583505956,28.334465622720018
B-03612,M-03,Silk,Op-03,Morning,1137.2587971639055,153.86839994995097,39.15910511564902,13.068432240109138,2026-07-14,59.84141106826201,31.830204395380036
B-03613,M-01,Wool,Op-10,Morning,1578.2596223085002,162.61359786251336,61.35135405607437,1.4738211916620398,2025-09-23,70.52965804385047,22.57810107763275
B-03614,M-10,Cotton,Op-08,Morning,623.4729474309931,175.06156840569844,10.510086507018675,1.8823649776415354,2026-04-23,56.11068398138623,33.062715455631505
B-03615,M-07,Polyester,Op-17,Night,1057.441427657603,286.0478982086107,51.78695988442431,7.193447639504395,2026-03-17,70.12717844882783,38.543694901204184
B-03616,M-04,Wool,Op-20,Evening,1847.4830295370539,163.48106583179384,19.5961035259665,14.476020406256701,2025-11-19,70.61976208730235,36.74351167278975
B-03617,M-09,Polyester,Op-14,Morning,1931.3582949774404,255.61804476974814,93.65246490588983,11.7515449511106,2026-06-06,34.076236546429314,24.651370821466625
B-03618,M-01,Polyester,Op-13,Evening,1251.0156122082144,179.5716036474512,31.310457494911873,12.759171440056791,2026-04-25,34.367020705697215,28.338840325421188
B-03619,M-06,Cotton,Op-08,Morning,1024.7770805455891,161.53844873061462,47.9347612551561,3.9410493950610928,2026-07-05,38.64554014952611,32.80812233839348
B-03620,M-08,Denim,Op-03,Night,1263.2774678748222,159.59491046932885,30.275980737193215,3.2282427681111687,2026-06-19,71.50716825262971,39.42984112946428
B-03621,M-04,Cotton,Op-05,Night,936.4256383281934,220.29859059498827,36.20405311996926,11.85460573334796,2026-01-12,52.77014017748321,32.60146299721899
B-03622,M-01,Polyester,Op-14,Morning,1940.8884317842687,133.0074661040167,63.84858209363382,14.963354913555172,2026-02-15,49.607832762061435,34.464002854531074
B-03623,M-08,Polyester,Op-13,Evening,1230.0029255132602,239.6150737463173,37.97835116757469,6.5405539031303315,2026-03-06,36.30549906684032,29.777867662424796
B-03624,M-05,Silk,Op-04,Night,802.8532300999088,287.1238712657314,25.235175023714532,4.184659053048078,2025-08-11,50.46137970420489,23.098593736894465
B-03625,M-05,Wool,Op-18,Morning,961.4564121501345,197.85450399521682,34.26962485968196,4.144636830414827,2026-03-15,32.68875639743579,35.58453302164511
B-03626,M-09,Silk,Op-04,Morning,1011.1090335665193,109.49884493646445,29.467574764527676,13.118050877759693,2026-07-01,38.48975024678397,38.61484436562856
B-03627,M-06,Denim,Op-14,Evening,1010.5800648627256,248.35189537819278,27.615443104775796,13.275751685052601,2025-08-16,48.53567818228554,28.146875043403746
B-03628,M-09,Cotton,Op-20,Night,1883.4845922180036,238.51279830286654,38.691586896019054,4.467045638639178,2026-05-16,39.249984875098974,24.607353268496322
B-03629,M-01,Polyester,Op-16,Evening,845.2752370010023,231.70128943847922,18.287021706358672,2.623069149205089,2025-12-10,49.367924485398035,32.50107145940733
B-03630,M-04,Polyester,Op-07,Night,597.911577052487,116.36478456919366,7.522263633509738,2.7635348682656087,2025-11-05,71.79215124340776,33.1572701120994
B-03631,M-01,Silk,Op-03,Evening,1086.6033187271298,155.71703456941313,24.536040604376005,9.092561562803203,2026-03-08,56.14029748361567,29.622480467394297
B-03632,M-01,Polyester,Op-06,Evening,706.6996580659861,248.47527657452758,27.982725919856176,13.317994763797161,2025-09-15,77.20754546164086,21.17237941227161
B-03633,M-07,Polyester,Op-17,Night,1589.7551891104438,289.4219228291179,56.038598298486285,4.540804322968716,2026-02-15,67.10895191475782,21.09252577532969
B-03634,M-04,Denim,Op-01,Morning,1026.2717360782694,253.78188790949503,15.082256196964018,13.086260010095508,2025-09-11,48.24105211087581,30.51172185398601
B-03635,M-03,Denim,Op-17,Morning,1125.360447835215,172.16007865183383,39.87104160221788,3.563728436983248,2025-11-08,74.72393123833879,22.961756760803205
B-03636,M-05,Cotton,Op-06,Night,9611.990137162546,282.39371597264517,170.90866814238495,12.105355797767958,2026-05-05,38.80705669370883,36.348628184277395
B-03637,M-06,Polyester,Op-19,Evening,1677.9013415133297,117.00649070038745,18.700660446428923,9.158711588209622,2025-08-18,71.05710634493397,37.231807055449984
B-03638,M-03,Silk,Op-18,Night,1908.738848832679,108.66774666049595,22.753073012054777,9.603261515447898,2026-04-27,64.66937638076561,22.146905823358196
B-03639,M-03,Wool,Op-05,Evening,58.061840421732285,176.93412495948678,23.401505110805576,2.499575214411731,2025-12-27,68.1333908193821,36.983261402872415
B-03640,M-09,Denim,Op-12,Evening,1551.2037219529159,210.02793496506337,23.23799156734613,10.111159984081112,2026-07-07,70.65923350997979,28.684555539859442
B-03641,M-06,Cotton,Op-17,Evening,1909.9749280862397,209.05242544937147,62.80720349462916,9.614117667239563,2026-05-31,76.67057147758756,38.63167312620526
B-03642,M-08,Denim,Op-02,Night,946.4171370821391,299.42272680254786,25.20627022505895,10.531439259349504,2025-09-13,50.42183384460283,31.196736057071796
B-03643,M-09,Denim,Op-06,Night,1832.457728444971,196.49987497314922,71.25978145748971,12.52939726373746,2025-10-25,72.0088148911502,36.486646754704964
B-03644,M-02,Denim,Op-07,Morning,1782.3165752113728,177.44591592459386,26.9041423144758,2.605284885987445,2026-08-19,72.12271021862573,29.963368313746905
B-03645,M-03,Wool,Op-01,Morning,672.9687832730119,131.84847880197853,29.527808721160888,11.513625635339482,2026-05-13,65.54283367331405,24.076373603697665
B-03646,M-08,Silk,Op-19,Morning,921.9421932923674,258.5971166629895,22.021164471578864,7.843282708289187,2025-10-08,66.5774341269283,27.62775326147132
B-03647,M-01,Polyester,Op-04,Morning,1762.0393984389984,107.06045090281393,61.88666711459728,14.646317261605104,2025-08-27,62.40897791326867,28.64966776398884
B-03648,M-03,Wool,Op-09,Evening,8262.290742439767,202.81049105870952,120.48872286917754,14.791337326757168,2026-03-18,41.763471892335346,34.44556198072699
B-03649,M-07,Polyester,Op-06,Night,1205.6974739264037,296.018542771855,39.30822554840191,3.7340201142241343,2026-02-28,61.822251392437856,31.511954975335907
B-03650,M-07,Denim,Op-02,Night,70.66365886894346,200.4475947376456,39.15542561028586,1.237030503607212,2025-09-24,75.00484057315589,36.53957654968062
B-03651,M-02,Denim,Op-09,Night,1970.0934730809265,290.2274092883573,88.92567830945184,13.591028795466439,2025-09-24,37.91869486495698,38.289502120180096
B-03652,M-03,Silk,Op-09,Morning,1065.4248667495845,178.9045189072524,11.632241762622458,7.438724907372251,2026-08-15,62.808781548320844,25.216712319660317
B-03653,M-04,Polyester,Op-03,Evening,711.8442868958634,188.02318151535474,33.24213803843111,4.948035971966826,2026-03-02,68.22582805180659,22.133801410985427
B-03654,M-04,Silk,Op-09,Night,1842.9907699158666,281.75136338665766,549.4966898441841,11.354539980446573,2026-04-19,35.34999857417996,28.762751427391336
B-03655,M-03,Wool,Op-17,Evening,999.55763509801,217.06610837801242,36.96379242971017,11.911502759419104,2026-08-15,76.03080421128227,35.1109545168272
B-03656,M-07,Denim,Op-15,Morning,1198.972673057227,221.08002675010482,13.914559878703066,2.3182933239396175,2026-04-20,74.19612709806313,30.87554617679771
B-03657,M-05,Denim,Op-19,Evening,1879.8531884898462,197.86039476737375,23.41567834910961,13.160247981854024,2026-02-26,72.84439771026784,36.31503174914229
B-03658,M-05,Wool,Op-06,Morning,870.5999681363132,275.10957449308614,14.805096892589358,13.585874784729313,2026-08-25,52.90344311844031,28.800829353084048
B-03659,M-03,Cotton,Op-17,Night,1952.6161830367269,503.27209859533843,392.7700192308921,3.673114980910718,2025-09-13,63.036448507458715,24.856886060008954
B-03660,M-03,Denim,Op-20,Evening,1257.3152021533992,197.6124919826944,190.34254450825532,3.2870963066127468,2026-06-03,54.72597814851422,28.23322210339973
B-03661,M-03,Silk,Op-20,Morning,1964.4047075494284,224.8785528591685,38.100820987178686,3.1258082390338586,2026-05-01,32.33800069055831,30.762113171184637
B-03662,M-01,Polyester,Op-16,Evening,951.7483055018888,149.02643296690272,29.56231248506918,10.102412390015152,2025-10-24,57.67644810580668,21.55948847043623
B-03663,M-01,Polyester,Op-16,Night,1686.7846483449498,116.23891816406487,26.8631397570987,13.456345667225879,2026-02-07,58.91533247238645,39.01248938540633
B-03664,M-06,Wool,Op-01,Morning,1990.3474990299728,228.85457319393535,94.71181558594967,8.94491879273488,2026-05-04,55.76398120560427,20.473087461966255
B-03665,M-04,Polyester,Op-19,Night,1465.9917092812975,118.32529689985824,50.6655773970681,1.2933303841233486,2026-08-04,32.53918196183756,32.187915268644815
B-03666,M-09,Denim,Op-04,Evening,1249.5009376721616,161.3531641305903,13.465399787569565,8.44439824260498,2025-11-01,,30.32603641752516
B-03667,M-01,Wool,Op-02,Evening,923.7038454912471,110.63706829342989,20.401708771394176,13.602166520267176,2026-04-20,66.26115813925676,39.922303403858244
B-03668,M-08,Silk,Op-01,Morning,1817.7287716353655,220.61085358649635,83.91659383200538,7.343755696650469,2026-05-17,41.12865556443175,34.767843305722856
B-03669,M-09,Denim,Op-11,Night,852.9625971130561,135.07806699472252,18.239095021787982,10.747106810068138,2025-12-21,78.84865813627596,34.99910202208156
B-03670,M-08,Polyester,Op-08,Evening,1129.9331362216785,176.86352709167434,23.72674775995661,12.929330252658637,2026-02-15,68.5685389436112,31.779508695230405
B-03671,M-09,Cotton,Op-18,Morning,1906.9827915830842,230.6630449538293,81.09294656579075,14.586673050184954,2026-05-21,59.00585165210154,36.42385516727228
B-03672,M-09,Wool,Op-10,Morning,1005.9931652503881,292.8041445914456,23.697505098532453,1.3071805463658959,2026-03-24,68.43554543837071,39.311141715280876
B-03673,M-06,Denim,Op-15,Evening,1472.1658816864579,212.4446499688421,62.76753460815587,11.661102335471332,2026-06-21,73.30889608225262,32.060891385990956
B-03674,M-02,Denim,Op-07,Evening,968.4283638338828,145.71741174096337,36.0391780493969,7.029347653459762,2025-12-30,63.88682997903916,23.74493897877447
B-03675,M-04,Denim,Op-13,Evening,1091.140472858101,259.1150547785264,51.97911594251453,1.5157014394462462,2026-06-08,63.39913189146972,32.99644673299935
B-03676,M-10,Silk,Op-08,Night,1570.0513303461057,259.2603792846562,70.3240937489129,13.664274221944357,2026-02-21,63.75259591459939,25.80307269919949
B-03677,M-04,Polyester,Op-20,Night,1621.3671792139626,184.8875208001787,77.97813065591036,10.947408417099469,2025-12-31,73.3844438590571,39.51304262782543
B-03678,M-08,Silk,Op-15,Evening,987.9917401462124,184.33874274363635,24.140587265317176,2.533512469683198,2026-04-10,42.3772143509023,37.648424169739
B-03679,M-10,Wool,Op-02,Night,1430.8289878923215,233.19312366140664,39.9679952262814,11.945609852006369,2026-01-26,39.14000151228155,26.09626269228871
B-03680,M-10,Denim,Op-15,Morning,1047.2615918574102,296.5810465719379,25.03595909057427,12.689171244991975,2025-10-19,53.9843377310243,37.585372521729354
B-03681,M-08,Polyester,Op-13,Night,1678.7424858353968,144.73511962129072,35.13691654819878,11.812508633169124,2025-08-19,52.82267015978642,22.149986419844847
B-03682,M-08,Silk,Op-14,Night,1103.411936035347,249.85858233288744,39.89590515253987,2.021758006233312,2025-10-04,62.97734975463198,34.320272818656875
B-03683,M-09,Wool,Op-15,Night,1641.0044572513334,135.63372320456767,56.538271381695075,9.219446970882522,2026-01-07,77.057247360194,32.215685396090755
B-03684,M-09,Denim,Op-06,Morning,1604.6594631699033,166.6408464251718,71.89599964941439,10.806662618501568,2026-01-29,75.81169166566076,20.21790946050686
B-03685,M-09,Denim,Op-15,Morning,827.9274968882887,191.18465474007505,39.423151815121294,12.932869213336932,2026-06-14,71.19560637283145,37.838549562521116
B-03686,M-10,Cotton,Op-06,Evening,1170.7354351576378,231.27276216020138,46.505176831978446,6.466698167365494,2025-08-04,47.535835874608296,28.631908211953387
B-03687,M-10,Cotton,Op-20,Evening,1252.1611207123292,262.8119348896684,34.387906688432324,11.433058680746182,2026-08-14,31.023923056219967,32.60476314212323
B-03688,M-06,Polyester,Op-15,Night,1184.9434837267124,263.67461077397894,38.05280147440244,8.666511805185475,2026-05-03,74.28109117294736,34.25611184783381
B-03689,M-06,Wool,Op-13,Evening,1631.8069642266555,107.66981018508146,31.686437136755593,1.3791711675949083,2026-08-16,34.1674663460426,28.751306502942853
B-03690,M-02,Silk,Op-10,Morning,1976.391941623677,208.45802780227336,46.284088369446145,10.273820445136218,2026-08-25,43.941006812334834,26.435938171752177
B-03691,M-02,Cotton,Op-14,Evening,1548.1035577254509,194.7412415378617,63.089037986981715,8.247571135421042,2025-07-26,,31.840059643186905
B-03692,M-03,Wool,Op-17,Night,635.5546227687172,255.37478244376433,16.76305409326144,8.885290964252517,2026-03-11,63.45477224276286,26.55103529681524
B-03693,M-08,Wool,Op-20,Morning,846.7487294808803,295.85999948348103,15.910451451569847,7.958041615144433,2026-02-17,79.8038457898299,29.795719561225326
B-03694,M-06,Silk,Op-15,Night,1261.1785951052852,107.91911435981557,43.37580196062855,13.666777219907319,2026-02-21,70.92751255972206,34.516410413885694
B-03695,M-04,Denim,Op-03,Morning,1369.7513505055447,299.3456428158926,67.16606121488819,4.891964076279131,2025-09-03,68.9842182682789,31.628095404273147
B-03696,M-07,Denim,Op-15,Morning,8871.801930907941,299.7050225979185,100.05099890159435,9.236549922474248,2025-11-15,40.22719787724675,30.073740713894676
B-03697,M-01,Silk,Op-02,Morning,1257.540632753441,147.0469159941293,25.95876693445331,13.248765665567037,2026-03-01,37.64527220251143,33.32912499149667
B-03698,M-07,Denim,Op-15,Evening,1034.8132148214083,288.11185215136896,31.23542752139342,4.366273755713113,2026-06-13,34.75013809114653,21.385698028884516
B-03699,M-08,Cotton,Op-15,Evening,1462.567223426432,165.45872871417743,62.39704970183976,10.663636385103132,2026-05-10,33.05168592866189,37.14669289845754
B-03700,M-08,Polyester,Op-19,Night,1978.2444070881284,287.3009961803691,30.39238381915402,5.986760294864993,2025-10-20,49.963769200778856,34.919296949565194
B-03701,M-07,Denim,Op-13,Morning,971.0220653672523,123.70818739512966,10.744618878934453,7.368410287019639,2026-06-03,57.600213994265886,24.223209399255047
B-03702,M-04,Wool,Op-03,Evening,1579.0337476257846,104.0010328852337,43.24984337911821,14.627636524996987,2025-12-09,41.08036283711977,33.27800184232582
B-03703,M-07,Denim,Op-17,Morning,589.5107905056608,194.4367213268935,23.16421506402531,8.234648880155195,2025-09-27,,37.09366416185737
B-03704,M-06,Cotton,Op-06,Evening,618.9537121300796,141.832536686453,140.62128143644708,5.366427579009268,2026-07-25,35.82038432324097,29.13798141828981
B-03705,M-03,Cotton,Op-14,Evening,58.57549114901214,236.58755953986923,27.49301853073485,12.898760091289931,2026-01-15,40.78617452328047,35.076525233860565
B-03706,M-05,Polyester,Op-04,Night,1955.1526464973422,256.1575691959585,57.86979491247442,4.956271655525454,2026-01-29,58.197088482224345,28.086522456989577
B-03707,M-07,Cotton,Op-15,Night,1032.7492870860628,155.86620370606812,46.43063668930491,10.446682579479862,2025-09-21,,35.57083630172235
B-03708,M-08,Polyester,Op-06,Morning,732.9949509772821,264.5711047290481,20.65590329862244,4.56721154267889,2026-05-05,51.36681949550253,38.02887371698493
B-03709,M-05,Silk,Op-11,Evening,93.85059794714267,131.97373104742357,51.57714202644961,7.621772733129873,2026-06-20,68.13362119882771,39.944102879486024
B-03710,M-08,Cotton,Op-12,Morning,1843.152651134159,115.25870866278265,474.2181905635524,14.019042385743036,2025-10-13,49.8203076862828,38.43228446560889
B-03711,M-03,Polyester,Op-11,Night,1603.5331230053068,299.38217785955453,39.54639405480497,11.763973789657392,2025-10-31,49.12868529078033,31.144971032370908
B-03712,M-06,Wool,Op-13,Night,794.0279679572873,149.7004655004547,36.92949840811212,4.108147479840493,2026-06-11,57.44076650816065,38.12321269063787
B-03713,M-06,Cotton,Op-12,Morning,582.1456662887383,115.97988019037871,14.867146685933863,4.431666800412809,2025-12-23,42.752972623473745,21.89778350478502
B-03714,M-10,Polyester,Op-16,Night,1381.5880890369308,215.63244011989275,59.49029563595931,8.608015537620297,2026-04-21,46.93359624437486,34.12911370633161
B-03715,M-05,Silk,Op-17,Night,1019.4113997161127,117.1070718598924,16.552596831883815,5.148623515285991,2026-08-17,36.86843272874514,29.347174544543616
B-03716,M-07,Cotton,Op-13,Evening,1194.267136486966,144.20057846492955,20.03924243514533,11.342235476473641,2025-09-12,31.37841204179228,31.09492607663851
B-03717,M-03,Polyester,Op-05,Night,501.4877967044406,273.84001761296145,17.28422489723345,10.401389029396947,2026-04-16,34.94714110252617,33.28144735367711
B-03718,M-02,Silk,Op-17,Night,1210.0350305648049,183.85161968512278,28.029997453709676,13.41897668082029,2026-07-03,42.25740099487256,27.966201140267664
B-03719,M-09,Wool,Op-09,Morning,1656.8015435549503,283.2930612465079,62.76922212358342,12.896943782363227,2026-01-10,69.88519651498842,39.73579891140166
B-03720,M-02,Polyester,Op-13,Night,1626.5806868203006,296.56050794100383,75.98259724750825,1.0978709955884371,2026-07-02,61.702418821818256,34.779430639065794
B-03721,M-09,Wool,Op-19,Night,1825.7664562765142,268.39213624675887,19.064974576177416,14.241077807183853,2026-08-21,56.86895939568538,20.138401911696533
B-03722,M-04,Silk,Op-01,Evening,1316.958583426787,187.05444777278825,32.0900849096866,7.317430747116279,2026-08-10,50.02023686050185,38.354516181824714
B-03723,M-04,Silk,Op-17,Night,1784.3404126446248,280.5729587583282,68.37389100975764,7.993024779985367,2025-09-25,52.34690186825442,35.22041208430893
B-03724,M-02,Cotton,Op-14,Night,992.8026748943089,120.50962518492932,20.32551277508841,4.707933602554725,2026-01-27,36.55142529061495,25.894645515533828
B-03725,M-05,Denim,Op-15,Evening,1456.5671358300704,290.8992056909559,56.973776286901156,10.60041225262677,2025-07-26,76.33247040322848,35.68264517216887
B-03726,M-04,Denim,Op-06,Morning,1121.0929103200122,164.9589005726737,11.61735210810337,12.84788321462087,2026-01-05,75.26966164645026,29.03764987301864
B-03727,M-06,Wool,Op-03,Morning,8426.053731692346,157.01376809445833,191.46898211444775,1.1384301102368903,2026-02-09,,36.09977117952244
B-03728,M-07,Silk,Op-14,Night,1311.760745207158,200.63881451579317,36.67836496445624,5.069269698875689,2026-02-27,45.25969172199763,35.93084132059292
B-03729,M-09,Cotton,Op-07,Morning,745.2893129121805,118.90575280009912,21.4961554020798,7.620881636064912,2026-04-03,53.247751180886524,33.06916556410792
B-03730,M-07,Silk,Op-04,Evening,715.213556201322,201.5605769597027,24.141583433177118,13.695051654404352,2026-04-11,37.97207058101062,33.79509281955498
B-03731,M-04,Polyester,Op-05,Morning,1622.878590067704,130.12005468551854,32.237299378378644,14.182474716683924,2026-08-16,61.048321388357934,36.941422753822735
B-03732,M-07,Silk,Op-04,Morning,1609.1193340969423,256.2061408667838,22.103357607910937,6.564093813419059,2026-01-28,49.19767264417111,33.15592530051499
B-03733,M-08,Silk,Op-11,Night,1603.4362253262634,108.57735196788218,78.36583484409165,3.668264215691564,2026-02-05,63.20718786206836,21.966473341839276
B-03734,M-01,Wool,Op-08,Evening,1802.594314192851,225.2604664813473,79.27172309580708,12.466804379370897,2026-04-11,74.37900242947839,25.18951299143637
B-03735,M-10,Wool,Op-17,Morning,792.1906754564027,182.66845282976305,17.127460671971885,8.815634837480392,2025-10-30,65.69454815370162,20.60282635445056
B-03736,M-10,Denim,Op-05,Evening,1412.7786473155854,171.47373582982374,22.374400328859856,11.850350778812908,2026-01-16,62.58260805753581,24.688029074474716
B-03737,M-04,Silk,Op-04,Night,1443.5704903805756,190.09346554095154,20.67954987723658,3.3653985754184603,2026-05-14,46.31871026591887,26.060934966371732
B-03738,M-09,Cotton,Op-06,Morning,1320.3635288978421,252.72972678251082,19.941109576087936,9.056536443941818,2025-12-07,,36.525827298747046
B-03739,M-05,Silk,Op-01,Morning,1153.4177867333358,221.8830207316198,41.589007155143044,10.464021853186702,2025-08-09,64.78931532117136,34.57930854195762
B-03740,M-05,Cotton,Op-10,Night,641.3421334113015,239.0611355204593,145.7270380867648,11.146957194841427,2026-04-23,79.67399671668136,33.86724873402252
B-03741,M-09,Denim,Op-14,Evening,1801.8843628776708,299.36695239223167,70.39883872297318,11.906628182764049,2025-11-07,60.625018892890424,21.579096538631365
B-03742,M-03,Cotton,Op-04,Morning,1562.8423528729256,255.11362956188634,63.15578748318163,2.7437754375928503,2025-09-23,62.686625006307175,25.914478099033495
B-03743,M-09,Polyester,Op-13,Morning,860.5609310471993,236.79573536408213,12.504607216956188,5.129901257775716,2026-07-15,30.449714640871555,32.66715823946191
B-03744,M-04,Silk,Op-05,Morning,1488.937209182321,285.1218896713875,35.94611726637184,14.569443078955263,2026-03-14,41.79615436638063,36.1850645530131
B-03745,M-08,Denim,Op-15,Morning,1850.6856091219736,257.49791372587475,76.63178471555057,2.034904033040691,2026-01-06,50.356849693863865,26.74635652019348
B-03746,M-09,Wool,Op-12,Morning,1115.4285659797388,236.91767953061677,30.237015915606953,9.434093578266166,2026-07-11,78.78193595488169,38.7556991360323
B-03747,M-04,Wool,Op-08,Night,1585.367317461724,265.8920187962443,36.16096281545418,13.584400554070033,2026-02-06,33.406713188824185,26.041575985469937
B-03748,M-01,Silk,Op-15,Evening,1151.6689268298178,133.8529501430838,42.187618045775814,7.946882319300113,2025-09-09,63.160716364922806,29.947278404334355
B-03749,M-05,Denim,Op-16,Morning,599.6624477268505,275.197466341482,9.149554080756962,14.146968689414958,2026-02-12,60.895371205932435,37.62781997273794
B-03750,M-03,Cotton,Op-05,Evening,1696.1733801144653,123.82963869451879,37.41857093677992,6.7121432409655135,2026-03-22,46.19092672791375,31.711836504409085
B-03751,M-07,Denim,Op-15,Night,1455.9704445006992,173.4774578303916,34.13548460500687,13.051065334426502,2025-09-21,61.69419201098057,24.305965946428923
B-03752,M-02,Polyester,Op-19,Evening,1771.1313314399838,177.2959499974917,38.538303862777475,8.501186917919032,2025-10-15,62.44709679761664,26.956192991718336
B-03753,M-02,Wool,Op-11,Night,1212.882353912043,142.97619441855784,27.687876965841774,4.978948216866888,2026-01-15,33.10392420160181,26.07940551942011
B-03754,M-04,Denim,Op-16,Night,1942.7497494369795,217.94576509317602,82.72515655928821,12.023353955821278,2026-01-23,32.26886263901612,22.13073387216744
B-03755,M-05,Wool,Op-20,Evening,1435.3243241264536,138.19640610804058,17.821675287185847,6.667135682064336,2025-09-14,56.93362499908114,36.872196582748835
B-03756,M-03,Cotton,Op-02,Night,1395.0834340510437,243.4071843173368,368.9879650335282,14.690486010746431,2025-08-25,70.35800391460921,25.524546271305468
B-03757,M-07,Wool,Op-02,Evening,1594.6032498775928,264.028813590374,66.74371291062195,13.652219666990927,2026-05-26,34.921493449467015,22.095277153622376
B-03758,M-01,Wool,Op-13,Evening,0.0,111.70828439001559,0.0,6.617208533728481,2026-07-08,70.99384559130391,22.531300476279608
B-03759,M-05,Silk,Op-17,Night,1026.2755186527302,116.72045620488281,20.216791565457708,12.84262334411958,2025-12-23,73.20352515727345,35.11141406199049
B-03760,M-10,Denim,Op-14,Evening,1284.8706128599697,136.83770510467428,17.71345139844993,4.9378983010235515,2025-09-01,55.80026460868956,34.700276169215954
B-03761,M-02,Denim,Op-04,Night,945.0450464421292,285.32426971438446,29.35914085748796,7.007726448946435,2026-01-02,76.94348369546572,39.82801083104271
B-03762,M-04,Silk,Op-08,Evening,932.0660146772759,258.15536171451583,25.488125300613763,3.2303502973502094,2026-01-02,42.60234298360353,35.69759818998564
B-03763,M-03,Denim,Op-11,Night,802.3069054815,230.2251489904649,15.124343809122335,11.258666059343561,2025-12-24,36.25356197252845,25.53960519949868
B-03764,M-02,Silk,Op-01,Evening,1069.7819431436783,252.68897911521287,16.780313431154937,10.991913431840539,2025-12-26,63.126195519185195,20.125710917371823
B-03765,M-02,Wool,Op-20,Morning,834.9463236531002,154.3911692077699,33.39859405743193,3.0499715830846004,2025-12-24,50.51577757369448,21.50361170028052
B-03766,M-05,Denim,Op-05,Night,1681.5811809441575,214.85333792017963,30.427441999280727,2.25586827858755,2026-07-12,74.50415847733791,39.312716574162295
B-03767,M-04,Cotton,Op-07,Morning,1556.9597291610796,268.38772612849715,47.472869910772594,8.557809315597833,2026-03-02,46.166154976337445,29.57117430160705
B-03768,M-06,Silk,Op-18,Evening,1100.955566282042,285.96849872674125,41.338201829049304,11.41436355319503,2025-08-20,42.0650821127482,31.71114374639737
B-03769,M-02,Cotton,Op-16,Morning,710.2346325531954,171.68514847602975,10.590586964542887,13.677675942454824,2025-12-03,58.358655009260076,24.339954921206335
B-03770,M-07,Cotton,Op-06,Night,1277.3403402123167,209.53714460582881,20.1891148091185,5.681802318964573,2026-02-15,61.52080142095592,21.373693724387774
B-03771,M-04,Cotton,Op-19,Evening,1319.410731516889,112.36313876889079,33.84042808334306,13.332722709875409,2026-05-29,37.10731852282584,33.47839748169073
B-03772,M-01,Wool,Op-11,Morning,1099.6816213133727,252.97790572222877,37.077100498009685,7.9924698784207955,2025-10-09,66.28277318219332,30.103824575055384
B-03773,M-07,Polyester,Op-13,Morning,1641.0719418044962,221.46174858425508,41.13945182795635,9.61861153144304,2025-08-28,69.46097957137972,38.98173631638747
B-03774,M-09,Denim,Op-02,Evening,1365.6757358389268,117.25463154670912,41.70185922027319,6.023254327964137,2025-12-14,50.6024612944693,36.70474633648102
B-03775,M-08,Polyester,Op-20,Evening,1596.5995599476867,103.80148000513427,17.979127887073904,7.502897374796419,2026-02-22,75.06588325817921,24.4862781861157
B-03776,M-09,Denim,Op-15,Evening,1150.1131005702146,240.88636412951908,23.20416704749332,7.362489095780573,2025-12-30,52.998915675563296,33.39610082476639
B-03777,M-02,Polyester,Op-19,Night,1627.8346874629663,130.6227061811467,67.81761622851745,6.540508474003828,2026-02-12,62.8004054235459,36.56738014460395
B-03778,M-08,Cotton,Op-02,Night,1582.5283989615468,171.81927670727822,70.09533361183735,2.712260428112134,2026-06-23,40.84171088464953,37.2966762915297
B-03779,M-10,Polyester,Op-16,Evening,1927.3412788085236,115.19773037910832,74.0605847045151,8.515327193884385,2026-01-24,,32.973660898084674
B-03780,M-08,Denim,Op-03,Night,1465.7948525156453,254.0022779804564,15.360280579766462,6.032602068050782,2026-06-19,38.97163860677411,24.09166744300877
B-03781,M-10,Silk,Op-14,Morning,1025.4828081593337,118.34881017599545,44.694866306698884,5.500841699062672,2025-12-28,61.41050385831239,37.8895611117364
B-03782,M-06,Silk,Op-05,Night,0.0,126.81662843960939,0.0,3.703011833154238,2025-11-21,78.54933259518035,30.989489593709816
B-03783,M-03,Polyester,Op-18,Night,1761.1192320302227,179.03824886251098,53.18212096911235,13.589110127646183,2026-05-29,43.033856341724324,27.864435176084722
B-03784,M-10,Denim,Op-04,Evening,1838.9230011335474,273.75148632101116,90.15379339401778,9.04097098425429,2025-08-21,41.08877548904454,28.0671394347575
B-03785,M-07,Wool,Op-10,Night,1411.6598358161032,256.21955102483935,53.808011986794995,7.298105735059876,2025-12-15,56.60036377334032,28.579082244650884
B-03786,M-04,Cotton,Op-01,Morning,1777.206520830316,201.4727086449127,84.54155231904993,7.73214442090716,2025-11-19,47.014323354919846,23.541933885881676
B-03787,M-07,Silk,Op-12,Morning,0.0,769.3851030146134,0.0,11.014858298024638,2025-08-10,69.54588001390646,38.73536266744205
B-03788,M-09,Denim,Op-16,Night,1440.0688639351815,254.45512258292254,62.279404460840105,4.802975830418437,2025-12-19,67.03769006459825,35.56953658232474
B-03789,M-09,Denim,Op-13,Morning,969.3243688938992,236.32131803366184,32.861816637926886,5.25954596773667,2026-02-12,66.95201937492277,29.259473302914245
B-03790,M-08,Denim,Op-09,Night,1123.7599721458532,132.39658538596487,49.3842342192838,3.4924134144750916,2025-11-07,33.87844536310673,32.361453594433236
B-03791,M-07,Polyester,Op-17,Morning,531.2552393931214,113.2479004176707,11.085199865873786,7.404537892240745,2025-10-16,66.88603680840947,23.154152894239026
B-03792,M-08,Polyester,Op-10,Evening,0.0,179.81024373423082,0.0,4.149981478245996,2026-08-02,47.62993392723765,34.57085197323888
B-03793,M-08,Polyester,Op-14,Morning,1215.6157573388202,286.91311494142775,22.926551159693144,5.050260439456745,2025-10-12,66.308320984958,34.6172164608914
B-03794,M-10,Denim,Op-15,Morning,1854.8354374564042,198.2366400859206,62.03364447438008,10.504367136450234,2026-01-30,37.29277794417523,25.156078339839386
B-03795,M-02,Denim,Op-10,Evening,978.5409025600243,199.9385837141947,9.965849461917358,6.236072791226049,2025-08-24,62.0276898322024,29.742907255616178
B-03796,M-08,Silk,Op-17,Night,1474.521256918076,184.42431141003635,27.94349259499029,5.78377676686312,2025-10-27,34.707337614161176,24.40739381132983
B-03797,M-10,Wool,Op-09,Evening,1903.0542491070935,186.50259494930935,63.85655829918839,1.5889218610123805,2026-04-14,36.940834112166044,21.58065351465824
B-03798,M-06,Polyester,Op-11,Evening,779.93223735024,199.71152805635518,22.09596329294759,6.180868880179657,2026-04-21,70.19381885720998,26.409792745307247
B-03799,M-05,Wool,Op-15,Evening,1581.9283228967388,186.67024138612788,47.709814527819255,12.105017504184646,2026-02-19,63.08421781183324,28.210582278934318
B-03800,M-10,Wool,Op-16,Evening,1950.8051837632902,232.32229930167847,90.4129276704622,13.669933163612548,2026-02-17,38.93792517355322,29.664723124903038
B-03801,M-10,Cotton,Op-01,Morning,983.9180921621264,293.5328396292841,12.741509652572448,2.3590848666312043,2026-03-15,75.13355851375184,28.904242441317173
B-03802,M-06,Silk,Op-02,Evening,1819.282388879131,150.3880424818227,89.34943276210313,1.3115017569331529,2025-08-19,36.790355278459614,33.18229483799523
B-03803,M-08,Cotton,Op-05,Morning,667.1932093752753,192.3896096249524,13.072763530198444,3.528911713265455,2025-10-19,67.25182670507961,22.361177995236282
B-03804,M-04,Silk,Op-07,Night,794.608951473607,210.50395607339559,25.853045011271465,13.224577288008852,2026-02-20,55.55451005782093,21.164869055429424
B-03805,M-07,Polyester,Op-17,Morning,1696.281498977014,126.43123946086455,57.109076948133826,2.0179570008242838,2025-08-19,39.39038887787845,34.92172645643255
B-03806,M-06,Denim,Op-17,Night,1310.8919809426234,149.89597892635368,60.38731000937476,5.6513123334560325,2025-11-18,78.2942506471671,24.812504534587713
B-03807,M-01,Wool,Op-16,Evening,1370.797256686605,124.65929327424956,61.04908994579923,7.542373294170952,2026-05-07,77.4274358680438,28.37131196274717
B-03808,M-10,Denim,Op-19,Evening,884.6430419775616,214.1844303600746,31.482255563727033,12.813928814827632,2025-12-13,76.03442205848478,29.716467343026014
B-03809,M-05,Silk,Op-12,Night,504.47019617349645,150.64466150267793,11.524561762233823,4.901969452457241,2026-08-04,34.67465058272154,25.59390026713953
B-03810,M-01,Cotton,Op-01,Evening,1953.14905935229,233.72047611216752,56.72344825867732,6.96407111182882,2025-10-18,79.40272303477546,23.064646404692223
B-03811,M-06,Silk,Op-13,Morning,1470.593310573574,111.1161268968154,24.09946625755559,11.037984013163664,2026-08-19,34.99336764609949,22.805646171993537
B-03812,M-08,Silk,Op-07,Night,1893.3347399832767,236.64710902763355,65.95542929646903,10.175985015443457,2025-11-18,57.77467482324961,25.856119973902057
B-03813,M-09,Cotton,Op-19,Night,1115.2245798329595,129.08323001852298,47.62898065772745,10.654362064588263,2026-01-04,36.47910839649614,23.813371620423464
B-03814,M-04,Wool,Op-01,Evening,1490.175644187731,226.1982308427285,59.01128564984626,6.854838980798137,2026-05-19,49.81402591196856,33.80525218370802
B-03815,M-06,Cotton,Op-15,Night,1265.319803546466,293.85384886970525,40.14950037964144,14.379793824864207,2025-09-04,50.62147450063793,36.41244508566307
B-03816,M-03,Cotton,Op-05,Night,1267.633831335762,110.99281227573037,52.54682690456251,9.035645946556343,2026-07-04,75.02889652815823,35.602676983901844
B-03817,M-09,Silk,Op-08,Evening,739.8935578645088,171.68988942671274,18.194983319680915,4.264868833103301,2025-11-09,45.7957641227818,31.590786869874506
B-03818,M-05,Cotton,Op-08,Evening,1341.046726196399,187.7002496549154,201.4894185013902,5.012617818296187,2026-07-06,34.770171710257934,37.83676914689565
B-03819,M-09,Silk,Op-17,Morning,1740.1966096453189,299.36218806515797,85.04846882334215,11.179439587991187,2026-08-10,30.763691903144238,24.533804533370265
B-03820,M-09,Cotton,Op-14,Evening,1712.9063782607523,213.3599687609422,59.059700763185454,4.316049932165026,2026-06-06,30.71851029633745,20.41722945274818
B-03821,M-06,Silk,Op-19,Evening,0.0,298.7260283850745,0.0,3.5673736689123334,2026-01-10,65.53536809346386,23.10119442824827
B-03822,M-08,Denim,Op-05,Evening,620.9169326993264,253.35568490664863,19.79529414365663,9.188895326147616,2026-08-21,34.30833467007075,36.97172378400011
B-03823,M-09,Wool,Op-03,Morning,1882.388465019977,283.3246747356225,93.19372557191927,13.887109052812153,2025-10-10,33.8892600100234,22.419155235090468
B-03824,M-05,Silk,Op-16,Night,1231.401232098059,147.64281056582954,339.3653955840655,11.775302838981212,2026-06-12,,25.28570442424964
B-03825,M-01,Denim,Op-10,Night,1676.3950659429208,154.8095616395871,27.98727155921645,6.622660037109319,2026-04-24,50.662550161663816,29.825458362089435
B-03826,M-02,Silk,Op-12,Night,83.15643691220936,202.15659810309594,46.52293542927407,8.443925952134734,2026-02-13,70.9950214992229,30.346689969589903
B-03827,M-06,Cotton,Op-02,Morning,979.0574996573926,229.06118580352103,45.47949866230664,3.057131943244177,2026-03-21,47.0963152289032,38.18447859099268
B-03828,M-01,Denim,Op-19,Night,1362.9868681145954,240.47029217302133,40.33822008044038,12.95621581288318,2025-09-12,,39.17106370625253
B-03829,M-06,Wool,Op-02,Night,1342.3636049390516,183.12831332956605,56.641595995273406,2.0077471187900024,2026-05-04,51.140173622440926,35.812546787661546
B-03830,M-05,Silk,Op-11,Night,1838.5656718899495,110.29334103519382,412.79235386006945,8.380164254128875,2025-08-12,35.37122439685381,24.014843663314867
B-03831,M-05,Polyester,Op-09,Evening,1637.8173813449205,112.87682118573616,37.72338123553824,6.835571054947928,2025-09-30,63.71201403321689,22.668129625564266
B-03832,M-10,Cotton,Op-02,Night,596.8217075358249,756.5587418590935,188.2587173656176,14.59247762681366,2026-08-10,71.35227455714148,39.49246233615131
B-03833,M-09,Wool,Op-14,Evening,1277.378467119815,181.2508532855655,61.206550999729835,12.45332853064232,2025-10-08,39.10338061390123,21.124498316483866
B-03834,M-01,Wool,Op-19,Night,6226.81027993218,295.36586437517036,177.0895683279582,11.20394717823272,2026-01-10,46.42494598489138,33.956396861726205
B-03835,M-07,Wool,Op-18,Morning,1706.5544375123602,149.87092602506908,21.51899983826331,1.5869689612917695,2026-05-05,40.206114227904884,24.012928177787888
B-03836,M-09,Cotton,Op-12,Morning,1589.0110769827938,175.99498489168164,56.50634168781559,13.381406344354017,2026-07-07,42.6085552832593,29.064643301998547
B-03837,M-02,Polyester,Op-12,Morning,1816.197424507667,204.92422032387498,23.931938993778907,6.22934478937336,2026-01-24,73.35075392360045,26.204928493752213
B-03838,M-10,Silk,Op-16,Night,1167.5631612653601,257.0186612995984,55.040877879621036,1.4309316445493232,2025-10-04,59.2941122494796,31.88928097054472
B-03839,M-09,Wool,Op-15,Morning,929.6972257175328,155.76732264213925,33.16237728548196,7.166771118755494,2026-01-01,47.845745073575756,34.72691725378654
B-03840,M-01,Silk,Op-06,Evening,1638.3815568593996,264.00835823973784,30.51720353730764,13.921735858278069,2026-07-16,51.546836589232385,39.69394778943099
B-03841,M-05,Silk,Op-04,Evening,1571.547742920993,206.80186346143785,74.18765919082111,12.436608325588368,2026-05-25,53.838526030321304,35.678772707248626
B-03842,M-07,Wool,Op-10,Night,1598.4413992101308,255.21885724366487,60.305166162029344,1.9404560377219857,2026-02-20,40.24788311161403,39.48607481007187
B-03843,M-08,Wool,Op-02,Evening,1342.173525966507,173.39527467929003,24.774349472182887,1.6214460168968508,2025-10-27,48.45679539820675,29.97825746579152
B-03844,M-08,Polyester,Op-20,Evening,759.7051869107488,201.6833102715034,34.956769490641015,9.202659298785616,2026-03-14,41.99589594272624,31.74778948912426
B-03845,M-08,Silk,Op-04,Evening,1209.7598870320307,271.4780339174363,35.13356514681471,13.981800223466458,2026-01-16,34.619701446854286,21.91623159313594
B-03846,M-06,Polyester,Op-10,Morning,1382.153666476554,185.17669289300585,67.34257804731789,5.5703107858450425,2026-03-14,62.04970580630779,20.041630246998405
B-03847,M-02,Polyester,Op-18,Evening,50.230027286294224,283.4197537166014,26.517819855851883,2.526206423483084,2026-06-26,41.904359102228625,24.697474021750008
B-03848,M-03,Silk,Op-05,Evening,1804.5298715912793,234.45473080494733,82.540694417621,6.078273455037218,2026-03-07,,39.1661872540587
B-03849,M-09,Polyester,Op-01,Evening,1150.9323803742766,214.6656985222327,50.519027199780176,14.54526862927337,2026-06-08,79.1280180963235,28.996465514359045
B-03850,M-10,Polyester,Op-16,Night,952.9703404309046,174.36257458613295,29.000092700231292,3.307506361863168,2026-07-05,40.45922963883652,33.13746604518718
B-03851,M-07,Polyester,Op-15,Evening,846.6977909384043,180.58192327233053,21.6065874067663,6.224568438091544,2025-08-23,79.36801022676671,37.07131674422759
B-03852,M-02,Wool,Op-10,Evening,1870.8748683440497,168.52707832563422,69.58793646663217,10.350621178288032,2025-11-25,78.33249983410562,27.805577279771043
B-03853,M-05,Silk,Op-20,Night,943.8857165939498,153.26246311959494,44.83974291122934,9.038193330041727,2026-05-20,78.96322990166091,29.0626769744034
B-03854,M-07,Denim,Op-17,Evening,9968.490150635793,150.75252246899896,175.26540012112798,6.625471699180584,2025-08-29,62.16512392470916,30.360917688227833
B-03855,M-08,Wool,Op-07,Morning,1156.5410573370677,223.63370993325827,53.043643374903986,2.226019441727222,2026-08-11,54.765082684480504,38.61664831634975
B-03856,M-08,Wool,Op-01,Evening,1006.0712682247184,206.27357276426778,30.401125825754566,10.763369337227056,2026-04-25,47.00046334539527,21.29758436187877
B-03857,M-06,Cotton,Op-17,Morning,1402.4536037350047,101.16832002430205,44.37650552790919,2.338055229539429,2026-07-05,40.364532179707616,26.961045739818683
B-03858,M-02,Wool,Op-08,Night,940.7643781394979,155.23676288130076,45.26298587356967,13.170890813383146,2025-11-30,37.252532040071316,29.909202663447203
B-03859,M-06,Silk,Op-08,Night,1437.5198736740688,243.4410959788877,50.71134726514603,7.0373178794685,2025-12-23,30.996608355985977,32.922607367344106
B-03860,M-02,Cotton,Op-13,Evening,665.6414546949997,192.4319427249263,18.933590345404888,13.814605225319106,2026-08-21,40.25424159859875,29.221975092682207
B-03861,M-03,Denim,Op-06,Morning,1716.1422022214576,264.9151740658889,41.151921469099825,11.629771875287487,2026-03-21,48.27270795941369,21.4407385003704
B-03862,M-02,Wool,Op-05,Evening,1519.6868019070093,240.5493148978153,47.972918016901296,14.510002932674066,2025-10-03,52.682061572185425,32.64871165880581
B-03863,M-09,Silk,Op-02,Morning,725.927840169856,192.2404944264272,35.71852740456205,8.62769216564592,2026-03-15,77.53748030211293,27.330781088179123
B-03864,M-10,Wool,Op-03,Morning,1313.4501110361266,148.4938486606115,14.286471975996747,3.6833014182213093,2025-11-12,37.08474586301159,29.05865741146906
B-03865,M-06,Cotton,Op-18,Morning,1167.567924972298,297.68093843118925,33.770774895826655,10.381495140111733,2026-01-25,67.98930606002023,22.38010781436525
B-03866,M-01,Denim,Op-08,Evening,929.3346515385708,278.81950559780586,28.401994464131395,3.5380946081947755,2026-05-19,52.936666356837094,31.760954366912756
B-03867,M-04,Wool,Op-01,Night,1745.365291955611,146.29063426392807,54.32075346833291,6.283475545931677,2026-06-09,,35.84168593147905
B-03868,M-01,Denim,Op-01,Night,1103.1760784719359,105.8885029489663,48.82839218028054,11.547395936218532,2026-05-29,78.60910389833802,32.4057401897702
B-03869,M-10,Wool,Op-18,Night,1275.3136147923892,146.3361930846729,52.64995275131265,1.2021894592920366,2025-10-16,62.66991337949946,29.862176964964892
B-03870,M-03,Wool,Op-07,Morning,1542.023626152957,297.59047364131294,44.83349139512814,8.144376167768556,2026-06-19,51.35873948365047,25.7347937887859
B-03871,M-10,Polyester,Op-18,Night,1809.307217184383,108.48794515834825,42.08768499431339,14.690600662006641,2026-03-29,79.6653597153899,31.956427571758034
B-03872,M-05,Silk,Op-20,Evening,834.5734524830357,155.29807913697576,32.330514762653635,1.701475971069606,2026-01-07,53.75554792416794,21.146485417288115
B-03873,M-05,Denim,Op-07,Evening,1057.894183299281,139.87294634943265,31.38758712823019,8.627949809704537,2026-01-29,78.68796536215069,33.90262098036837
B-03874,M-06,Cotton,Op-09,Evening,1665.3714488817593,247.49529437979774,36.70652451793122,13.484296454809112,2025-11-22,40.233447379697374,37.177551525174636
B-03875,M-01,Wool,Op-19,Morning,1911.4983917376455,156.21302978934705,93.62518230158979,13.975879604277466,2025-08-18,78.189535723204,22.909827149140284
B-03876,M-06,Wool,Op-17,Morning,628.5844526439234,143.71355732250439,20.12499726925504,7.2183629322192635,2026-04-05,79.67986828558551,29.771261023307588
B-03877,M-01,Cotton,Op-02,Morning,1541.637424285473,293.65871165459026,21.43666815675915,11.966919601739422,2026-03-21,41.20770022118493,26.059818613287092
B-03878,M-03,Cotton,Op-14,Morning,1466.6785462471098,136.14806130784433,47.910328866926505,4.60366843871112,2026-05-30,74.40568275901884,26.535113506640304
B-03879,M-03,Denim,Op-13,Morning,1096.3490131837657,114.80625748118271,25.19193628991734,6.080093618553871,2026-05-01,50.40341015179654,37.914022038230364
B-03880,M-02,Denim,Op-03,Night,1068.8616796431018,256.5793537344669,44.70225375590755,11.625393116962371,2026-01-10,69.91426383242454,39.07541480152008
B-03881,M-02,Wool,Op-19,Evening,57.249647890987674,264.3017033796184,25.012261379972028,8.121444849259138,2026-08-13,43.88570162592826,26.058341362620247
B-03882,M-07,Denim,Op-08,Night,594.767074930729,277.69017298647725,10.314952659980126,14.034109335087726,2026-02-25,59.338519624694776,36.8097911321737
B-03883,M-04,Silk,Op-06,Evening,1852.5107378404778,201.27231192610168,21.752742791265835,1.9403098964777712,2026-07-02,37.06563722470801,26.179529215736345
B-03884,M-07,Denim,Op-04,Morning,963.9400670261655,111.98608662377836,18.721515730083137,4.304386472699552,2026-02-05,43.28348779282208,39.88737952733588
B-03885,M-08,Denim,Op-15,Evening,858.7796734078704,237.357793671677,20.27207887368078,13.031004699230326,2026-07-17,49.35277063010433,37.51236039881385
B-03886,M-08,Wool,Op-20,Evening,795.523819422529,165.9277648655447,15.494763624481648,9.530989234991893,2025-09-06,48.35715796560369,33.45787607978578
B-03887,M-09,Wool,Op-17,Night,1551.4893409837232,169.48767264969334,30.329363347844566,7.3821572024270825,2025-08-27,57.887257022144794,33.72450006371987
B-03888,M-02,Cotton,Op-03,Evening,1753.9183061162157,244.36854995104795,49.27997499528687,4.277370866335993,2026-06-05,78.74872813014551,33.29593982060917
B-03889,M-05,Denim,Op-15,Morning,736.2909883302746,206.64420046162627,28.566312774292257,3.306862415579655,2026-07-20,51.47458393489219,28.174250454790375
B-03890,M-05,Cotton,Op-19,Morning,788.5747718363747,264.3742709741692,27.612494474855254,5.5658525782263215,2025-09-12,52.19943134843875,35.44681951107685
B-03891,M-08,Cotton,Op-07,Evening,962.038027702906,177.24058490917622,37.54633143693779,5.281015395854542,2026-08-24,59.73850836385786,26.652490664136792
B-03892,M-08,Cotton,Op-13,Morning,1369.680737875589,129.1413223495018,309.5676093252646,5.343760661518354,2026-05-14,41.07237209550779,27.806264251029706
B-03893,M-02,Wool,Op-03,Evening,1631.7855148449335,137.83437272034186,35.91552391831528,14.250619610164255,2026-06-05,,26.856902137643374
B-03894,M-05,Cotton,Op-01,Morning,1527.7678672703296,261.10332573661253,62.1375986810355,6.2986047073911475,2025-11-09,67.34234874469885,37.67471912272109
B-03895,M-07,Cotton,Op-15,Night,551.2947283562495,265.47378227323765,27.11102958517773,11.842733418361144,2026-06-12,63.4645119076593,35.200448381758065
B-03896,M-05,Cotton,Op-04,Evening,1146.6693317275244,113.44464699091957,38.384975663834375,7.452459574788033,2025-12-28,32.321682769552396,25.88500816176922
B-03897,M-03,Polyester,Op-08,Morning,964.4343393892344,237.07904918190772,12.724319674470971,12.507808587600096,2025-10-02,51.02195896397684,38.00275902586007
B-03898,M-09,Silk,Op-13,Morning,1760.1697463006747,265.71462908785975,74.72932405529572,5.507914548574709,2026-05-05,44.93575935623075,26.101899623070253
B-03899,M-03,Polyester,Op-09,Night,1747.4802314152926,165.9444917655335,87.28963280011197,9.296264864222465,2026-01-23,36.946661472022726,29.375574765620442
B-03900,M-04,Cotton,Op-14,Evening,738.2587215593703,289.51252799201177,112.6066598374885,12.53956610751011,2025-11-03,78.61073254731349,23.59157521221066
B-03901,M-04,Denim,Op-04,Morning,1587.0527193734083,228.81893868723714,24.440330610115925,3.492916136546249,2025-10-03,69.5572482771036,25.98391012263451
B-03902,M-01,Denim,Op-18,Night,1133.843997529022,118.19396968537121,49.97368321460559,4.685411187825453,2025-09-11,,27.426667168546924
B-03903,M-07,Cotton,Op-04,Night,1688.8231119398322,188.55085715012365,65.9231658257579,11.144050808533425,2025-07-31,58.43248180895025,26.81683710156136
B-03904,M-05,Silk,Op-16,Evening,1525.248731699567,223.8188884387204,68.2747587043069,9.651377294605508,2025-12-15,64.14909961634883,27.690910252850763
B-03905,M-08,Polyester,Op-14,Night,743.4617682446913,276.77709264783084,25.278515034090724,5.791945802447922,2025-12-26,,22.50063231217245
B-03906,M-04,Cotton,Op-16,Evening,1063.9800036056079,263.0999454207039,221.52846194305351,7.030996559402743,2026-08-03,63.42812627810549,26.16515979009651
B-03907,M-09,Silk,Op-20,Evening,1410.21175190365,231.38934784227035,66.6477145576799,9.094893314172257,2025-11-15,79.40278593120544,33.82180372990331
B-03908,M-06,Silk,Op-02,Night,676.8997923427618,112.27458596269577,20.82093003301536,5.353925828167352,2026-03-01,36.8294469188212,30.517370564565354
B-03909,M-07,Wool,Op-02,Evening,1362.5707496659252,249.04557616621454,32.07566152387574,14.598615802972478,2026-05-14,73.91293457195732,22.36734479151163
B-03910,M-02,Cotton,Op-20,Evening,883.7345375720629,135.36347155595857,16.870309491292584,8.626148273180984,2026-04-12,,31.06528804065461
B-03911,M-03,Denim,Op-17,Night,1567.8458754600283,246.58285983390104,71.50259207009255,1.2937199276750664,2025-10-18,,27.91515407444633
B-03912,M-04,Cotton,Op-04,Morning,1280.4779123657572,169.52556028779884,54.662394285676214,4.551466122331822,2025-09-20,42.16772599591411,21.995360677016127
B-03913,M-03,Polyester,Op-08,Morning,78.6648685043332,158.45895317236315,37.9095655121212,1.639460339928945,2026-05-25,69.06932848618501,20.78567364453581
B-03914,M-09,Silk,Op-14,Morning,923.4066008736506,155.03781448550833,10.679955035182715,12.16906428408749,2026-01-22,78.69890475436225,26.960821408975868
B-03915,M-03,Denim,Op-16,Morning,554.8486668636626,251.84268304214362,25.689634191045215,8.733177502527777,2026-06-15,69.17963287086653,33.9499402057715
B-03916,M-02,Silk,Op-05,Morning,1828.7364365699352,257.6654791242355,441.71543537573757,7.652648240590012,2025-10-20,45.406320380192625,30.1405357488928
B-03917,M-09,Denim,Op-03,Night,779.1463516743561,231.12397608899775,21.329751386763967,7.392412938881421,2025-08-30,61.01024159704296,24.792096458390915
B-03918,M-06,Polyester,Op-01,Night,815.3018216787805,275.0610313513603,30.190256787620573,7.8314546305815265,2026-02-22,41.24907077869061,20.824173914830926
B-03919,M-10,Polyester,Op-13,Evening,821.9670709846336,297.91643846375564,17.26853928364707,8.471805227812403,2025-09-18,44.448849812401605,33.153548675852605
B-03920,M-02,Denim,Op-03,Morning,1730.4114408646196,161.64721018598837,22.344143273863455,14.835468253542729,2025-11-02,60.257239272264684,36.888222978853264
B-03921,M-04,Cotton,Op-04,Morning,1022.4491260792823,247.49741723322992,20.998790531072203,10.170826242768157,2025-12-27,39.712156071687886,27.124058610194197
B-03922,M-10,Silk,Op-17,Evening,1420.0552546427643,168.91364589175498,25.30553176662312,5.326759388004898,2025-08-28,40.368899021817086,28.180542418292966
B-03923,M-03,Cotton,Op-18,Evening,1943.8543810664485,130.90036229906067,37.42462414731685,13.786266009422867,2026-04-22,51.4236549078291,27.55731983123444
B-03924,M-10,Silk,Op-07,Night,1453.6345015512786,237.10560300216727,312.03211223545424,7.545993471533844,2026-07-05,32.78534478467121,38.370203013771
B-03925,M-04,Denim,Op-20,Morning,1420.4912111139906,190.05972524874934,60.70523489594084,5.506315112405688,2026-06-25,33.86593964289038,29.121354607945978
B-03926,M-01,Wool,Op-01,Night,525.5471916320054,216.42153663604446,21.490184388347956,13.330809522173645,2025-10-26,40.8774715007179,23.665117293781243
B-03927,M-05,Silk,Op-20,Night,882.6296466789399,138.3968535121297,30.660558191738122,6.291849507969291,2025-11-14,49.625100613510895,37.48202126033132
B-03928,M-08,Polyester,Op-18,Morning,1108.9421845093839,206.8775928571534,53.7849693064973,14.355513266553839,2026-07-09,35.66073383049477,24.15431043449383
B-03929,M-06,Silk,Op-10,Morning,5387.480108308711,135.43308425295453,105.80296270942807,3.0315234397541753,2026-01-14,51.05425671693099,20.994365849759383
B-03930,M-09,Wool,Op-05,Morning,1227.7804043132737,291.55732722202026,38.40344667303585,6.975143104884234,2026-04-14,47.824057933027554,39.95913431004572
B-03931,M-10,Polyester,Op-17,Evening,1062.8621103353728,177.17216266832037,22.141343509141905,3.7294329444691465,2026-07-29,55.61115287237695,28.777100563360115
B-03932,M-03,Silk,Op-17,Evening,740.8101299026397,162.24777373351074,35.48946542088864,8.121566587628209,2025-08-16,32.916663614240086,23.07488057167912
B-03933,M-04,Polyester,Op-02,Evening,1314.2830265470084,112.68986073200757,51.98642447987363,10.703228622774022,2025-07-28,,21.236057401580695
B-03934,M-07,Polyester,Op-08,Morning,1624.9440825800402,230.21579514985052,25.133875877525693,11.250863624670895,2026-07-07,34.398289050652885,34.53561104710535
B-03935,M-10,Silk,Op-11,Night,1009.2588609077657,288.5490507001266,13.682419791683511,8.040256687227961,2026-05-07,,39.34852864166028
B-03936,M-04,Denim,Op-16,Night,1216.3348993447703,112.48046405537413,319.05872651911574,9.822943673589988,2026-07-19,33.93535006842582,23.507356050807545
B-03937,M-07,Cotton,Op-18,Night,745.9431782271122,269.32641065861355,36.68374423427309,2.846655143631212,2026-06-18,31.762222453507817,27.900908379393357
B-03938,M-03,Cotton,Op-13,Morning,665.5133416831659,120.34368880792582,11.97952204693056,11.516331151138735,2026-04-11,45.608084699678265,34.34563234451434
B-03939,M-03,Silk,Op-11,Morning,1190.1079912972443,153.05797554978358,36.454068762978835,7.321395008307217,2025-07-30,68.45485462926518,35.240198809553235
B-03940,M-04,Denim,Op-15,Night,1892.5577655815764,152.75682048965479,456.42182923602076,4.364358915669263,2025-10-06,60.69032005877169,32.425940684335785
B-03941,M-10,Silk,Op-16,Night,1061.6542360235217,249.48850506411182,278.5060828289365,12.31347930363382,2025-09-23,57.60769097735183,20.0341006300453
B-03942,M-09,Cotton,Op-19,Night,873.4748993472713,192.92920022815775,16.10180366905951,14.520172727765036,2025-08-07,44.905777669705174,24.463065020834815
B-03943,M-05,Silk,Op-14,Evening,1338.2012515309943,289.9574202616013,46.82860230150439,9.521661808804966,2025-09-01,45.166156011883,32.77139556134908
B-03944,M-05,Silk,Op-06,Morning,1395.3877035944813,131.8852413776604,44.08110616404866,9.883935190829918,2026-03-19,51.50822262572498,20.371841172460666
B-03945,M-06,Denim,Op-16,Evening,1983.9001178276264,169.94791816879672,28.9117727735895,14.517829056461215,2026-08-23,34.81028708312973,34.649002317346124
B-03946,M-10,Polyester,Op-02,Morning,910.3573603329112,214.1681670644249,30.719634216716663,9.298915715674484,2026-07-22,68.76056586170856,32.30622814454878
B-03947,M-09,Cotton,Op-13,Night,1868.5296304837075,190.43215044183142,48.581366551714446,4.153720901730771,2025-12-25,,23.235771700472604
B-03948,M-09,Silk,Op-01,Morning,1569.1291327905435,108.50869698598018,52.424613932832166,2.8067474111316857,2026-08-21,,22.12226920207279
B-03949,M-10,Denim,Op-13,Night,864.2969757968995,133.2518856602793,28.632589441093828,9.298790076402312,2026-05-11,68.06549577261896,26.643098329053288
B-03950,M-09,Wool,Op-20,Morning,647.1866197991903,287.038206091514,26.633630821831495,5.71654659440682,2026-04-05,79.87528465867507,39.57175511699565
B-03951,M-08,Wool,Op-11,Night,530.10064311045,208.69498407687266,25.91853678932965,2.2157098861601607,2026-07-18,74.7569012980758,35.79272505294806
B-03952,M-03,Silk,Op-02,Night,1412.5744297246931,204.4345608968676,50.02844698773939,8.265633983221427,2025-09-16,49.322418722717245,29.37380134458282
B-03953,M-08,Cotton,Op-16,Evening,1899.4214113344158,219.1768676512062,45.3938651873152,12.99962319244314,2026-07-22,73.13899556512503,30.376653516965185
B-03954,M-07,Polyester,Op-04,Night,1459.3608099981216,189.17546838296855,17.42546097742466,2.1401721425070606,2026-08-07,48.89045502162168,39.8814427609865
B-03955,M-07,Denim,Op-02,Morning,1545.00036785139,268.2377410142494,41.98339116100553,10.082162648655302,2026-02-23,58.487411558164496,34.15108833957515
B-03956,M-07,Silk,Op-12,Night,637.0426059633152,292.47435086067634,7.763589109577202,7.052210779778745,2025-12-12,63.26946185840088,30.626208737785905
B-03957,M-03,Wool,Op-03,Morning,1929.1199014888077,258.5074452228647,55.73780284469969,3.087370522571529,2026-04-26,79.08244381441334,34.73802744343416
B-03958,M-10,Polyester,Op-19,Evening,1417.0550848393598,121.3473364029195,45.49856029359749,8.845761140218553,2025-08-09,33.68305360085297,30.89710514238604
B-03959,M-09,Wool,Op-10,Morning,1811.6581777411159,245.0115000544588,62.05867542433283,4.493733491011681,2026-08-25,74.42130710939284,31.464853296960115
B-03960,M-04,Wool,Op-05,Night,753.4720538332675,758.3357505088313,224.36787485836254,14.033511610231615,2025-08-09,68.74953247474541,38.81504905290012
B-03961,M-04,Denim,Op-13,Night,745.8758044153774,233.76011980668022,13.42120744937989,10.577683789882304,2025-10-05,44.346225687834504,20.5498666325514
B-03962,M-09,Cotton,Op-11,Morning,1099.6663215108301,133.51258221197372,44.613177428181665,3.7164192753544585,2026-04-09,49.56953321911348,39.235732286171206
B-03963,M-09,Wool,Op-15,Evening,979.6226018398462,290.32081378370964,25.891208589287647,10.039055091622258,2026-01-13,52.77248223200701,29.366003979102942
B-03964,M-02,Wool,Op-04,Night,849.4880788189096,177.32643844274114,20.686660882626732,8.390549376607495,2026-05-22,56.401367536511046,35.23473804425036
B-03965,M-04,Cotton,Op-15,Evening,8188.321422947285,215.61836775373695,165.45144667421172,14.465835663375682,2025-11-04,49.26424630169913,38.024329285215806
B-03966,M-06,Wool,Op-04,Morning,626.974901909616,290.0449211186865,17.05000509605353,2.497104888940415,2025-10-10,58.16166543717536,26.60141600898309
B-03967,M-07,Denim,Op-02,Night,1415.2745162552255,281.7702755764643,23.241861302783168,7.4059397300122205,2026-03-25,79.38647776532206,31.856241307029997
B-03968,M-01,Silk,Op-15,Evening,87.49587110358598,243.22220711785022,43.02719580744867,1.7055691194073446,2026-07-30,54.01707881111135,22.964382196070332
B-03969,M-05,Silk,Op-20,Evening,745.1766634713904,150.3850740713285,25.560566775941968,6.1455542411305535,2026-08-09,33.478059174320734,31.686752721622437
B-03970,M-03,Silk,Op-13,Night,593.2278906988512,180.4622642348324,14.14154419098167,6.796009560386149,2026-05-09,46.69097842763006,31.154794806622235
B-03971,M-06,Denim,Op-13,Night,1124.613919216709,718.2603969471232,348.89760409338163,3.2695309760228204,2026-01-30,60.955734765171044,30.11188803381691
B-03972,M-06,Cotton,Op-19,Evening,1216.042290441043,233.53386295424002,54.69466301239098,12.232064311739052,2026-05-09,78.63343950167881,32.58700736752747
B-03973,M-03,Denim,Op-13,Night,501.6373115344354,206.04713854517826,20.001814744435837,4.0050656827827735,2026-03-13,34.70962285415686,30.639420341287842
B-03974,M-03,Denim,Op-13,Morning,1118.4087837115696,234.021489868887,28.299925725475827,7.856069553773299,2026-04-29,51.854293297971296,25.80513280871721
B-03975,M-07,Silk,Op-09,Night,1024.6934461916417,229.2374368029763,32.63845653679772,2.6242591579079537,2026-05-31,34.6318184343903,33.200259884169206
B-03976,M-01,Cotton,Op-16,Night,1145.3001451139862,130.4885768815807,43.639443352488186,6.754379566170361,2026-02-05,69.48658816600059,37.79242471578514
B-03977,M-05,Polyester,Op-09,Evening,589.8682638213212,234.0819553202237,24.20243149271227,4.373798253648124,2026-07-04,45.76256215132025,23.91746415919969
B-03978,M-07,Wool,Op-11,Morning,1472.9031839559184,222.36701091983616,52.03788874841681,10.351616535369866,2025-09-10,41.838613070195166,28.892888286507233
B-03979,M-06,Denim,Op-20,Evening,1454.8910414274505,258.3703725510261,53.55004024970898,5.019455533633548,2025-11-29,68.51680608484112,28.803689612338715
B-03980,M-02,Polyester,Op-07,Night,1183.57907009793,289.72203395818866,20.013424493858466,3.5102317063830224,2026-03-23,63.75025442911785,31.530700015363177
B-03981,M-07,Wool,Op-06,Evening,599.0095037175018,259.8288777943327,23.175937704335396,3.2043186710477123,2025-10-12,39.3253341392888,39.568684479780785
B-03982,M-10,Wool,Op-04,Morning,875.7302624018337,218.18979203032023,37.89183700295018,8.477565737635185,2025-10-01,72.22366337569238,34.58641495665249
B-03983,M-02,Wool,Op-05,Night,817.2598819660436,228.04384087340105,8.970901627835556,1.5633720178573245,2026-01-03,33.447030613961005,34.270540654091945
B-03984,M-02,Polyester,Op-01,Morning,1369.6475133507638,268.081019688906,64.63018464604434,6.3191853178524005,2026-05-01,32.24202184199564,34.27694899257453
B-03985,M-07,Denim,Op-19,Evening,1575.7570880874018,215.68944860055507,30.319216245688864,4.2204036183068405,2026-06-10,30.76878120222485,33.893442169581064
B-03986,M-06,Silk,Op-06,Night,1787.2440157735361,193.27282376652227,63.81539438394028,8.428898153214387,2025-12-14,67.69682721331833,35.588612156066866
B-03987,M-06,Cotton,Op-08,Morning,1907.6477231191145,296.45968726408387,69.692159730151,14.256396221244636,2025-08-18,71.20895926719717,34.11250440488503
B-03988,M-04,Cotton,Op-13,Morning,655.6252653808008,154.2968693638225,18.075050355092788,1.0796351294112785,2026-02-25,,22.748197404679836
B-03989,M-05,Silk,Op-17,Morning,719.80482618361,280.3326829353516,30.78092408322286,12.279788594693947,2025-09-08,33.58059560447591,24.97827430934532
B-03990,M-04,Wool,Op-17,Night,1704.5691898398102,289.09011002355777,34.11377800421772,14.965668662643044,2026-04-12,78.8135031620561,28.20275971442883
B-03991,M-08,Denim,Op-09,Evening,75.40136577769104,159.85457854880616,38.66617918482022,12.289605041838616,2025-11-25,56.697736519896225,35.878545504699076
B-03992,M-03,Wool,Op-13,Night,1914.6621015801982,153.31951536608346,79.4102483465607,14.113635349988526,2026-02-13,70.24294577328578,34.617881081733906
B-03993,M-09,Cotton,Op-05,Morning,1408.1375688200856,148.81600209249717,54.92521710527869,3.6529295637579384,2026-04-03,,37.326828717007814
B-03994,M-10,Silk,Op-08,Night,819.8064241414236,223.0186731748803,17.42971066231153,7.265650739799133,2026-04-22,37.9327584981547,30.637142187143287
B-03995,M-10,Denim,Op-08,Evening,644.3661862363573,193.39165970908215,16.807460720413783,9.261519729309866,2026-03-18,,20.93812820762301
B-03996,M-02,Silk,Op-17,Evening,886.492879755028,106.13011814144649,37.35246867093442,2.7592756945610812,2026-02-19,36.95170794091888,23.657484962359423
B-03997,M-01,Cotton,Op-15,Evening,1159.2377997172089,129.41719845407738,28.492203285604923,2.4041575369904495,2025-11-10,44.897022936451954,35.96031037408905
B-03998,M-04,Cotton,Op-06,Morning,739.8460404409071,180.823236309232,19.09100951213758,8.774361802018806,2025-08-31,31.479209181900693,32.55283602880346
B-03999,M-10,Denim,Op-02,Morning,514.5888126967916,234.77787978927617,16.047037449058337,10.973426897877074,2026-08-25,61.441989427934146,26.838604351968446
B-04000,M-09,Wool,Op-06,Morning,1080.736559200153,240.1243460319389,40.516312762465716,9.170122607271642,2025-08-21,34.08995569137249,32.86187116437995
B-04001,M-05,Wool,Op-14,Evening,1056.0532709220493,275.1571561919409,29.183921108281993,12.802200967829478,2026-07-31,38.75832619498689,38.08532616971737
B-04002,M-01,Silk,Op-16,Morning,1585.62447895144,262.8194013934472,30.498126573007163,8.071573894975659,2026-07-26,49.955096968540786,38.30902737230197
B-04003,M-02,Silk,Op-08,Morning,885.4551165787168,172.32406280268742,39.451280856975075,13.032520891587918,2025-08-30,76.9394132106538,24.401354295097235
B-04004,M-07,Cotton,Op-05,Evening,887.3044392028539,294.12824934997764,14.107591547899254,9.363710487742152,2026-02-01,30.35432337236912,20.682598081423556
B-04005,M-08,Denim,Op-20,Evening,781.3597367281351,253.52382456531933,27.69489134910856,4.118722269837298,2026-01-26,,39.382832400997195
B-04006,M-08,Silk,Op-01,Evening,1538.7762638802767,143.5633038570415,74.26017900958578,13.497888397331186,2026-06-02,63.39072864099657,37.28811248683728
B-04007,M-09,Denim,Op-04,Night,688.4614656643946,119.31744605378913,16.963705598175732,12.2477095722549,2025-08-03,73.30630295470851,31.675228417559715
B-04008,M-02,Cotton,Op-10,Night,1478.9444541128355,161.13281451849147,43.40427529921204,4.337399690148555,2025-11-15,54.40726047636328,24.323076552127596
B-04009,M-08,Silk,Op-12,Evening,1934.9097581953579,267.9568071234781,82.19846782873313,14.182832873000311,2026-08-06,70.31644874236792,27.095018718925534
B-04010,M-05,Silk,Op-10,Morning,1884.373615329821,289.4071575674109,29.9389451979193,10.564769909589959,2026-03-27,40.568332190755655,20.794583067293818
B-04011,M-07,Denim,Op-01,Night,1948.3203768409182,192.4193648385539,21.364562487617892,12.969804207648805,2025-11-25,53.252207677914555,33.21635166919679
B-04012,M-09,Denim,Op-06,Evening,874.7974140790502,187.25385600851786,21.499185925039168,9.828834660158284,2025-12-09,38.57605940265893,35.2910292854098
B-04013,M-10,Wool,Op-04,Evening,1726.1529038508268,119.59381807901346,45.02983505779564,10.516592227553208,2026-06-12,44.66641666032551,35.90766348245236
B-04014,M-01,Cotton,Op-14,Night,1498.0244483953497,286.8610537272947,53.71274826123253,1.288772848192701,2026-07-19,30.55583911671868,35.40558504353427
B-04015,M-08,Denim,Op-14,Night,939.4695807566491,198.8793405548525,40.7370701291673,1.5870993183841624,2026-07-05,39.62228026806204,28.48992749054335
B-04016,M-08,Denim,Op-01,Morning,1219.500774290127,217.27250090519573,54.22716330844452,13.232553087912926,2025-09-09,45.440945679442265,34.013986422041114
B-04017,M-01,Denim,Op-16,Night,803.9235510442651,171.2956330295665,10.17593050062972,14.717342434450972,2026-04-21,79.16092823981054,24.464598605878756
B-04018,M-08,Denim,Op-02,Evening,906.3824169650793,179.54639146073745,21.0406893485317,7.174078413036292,2026-01-20,60.94031536652118,37.99005520263093
B-04019,M-04,Silk,Op-19,Morning,1774.9768032488128,118.69578418532538,45.61617974058797,1.586245785625006,2026-04-17,55.202259156173064,21.193244466612096
B-04020,M-03,Silk,Op-20,Evening,1845.1671753038515,148.29660724149466,59.539159257803284,10.883660851748644,2025-11-27,45.118269619503344,20.898401104842712
B-04021,M-09,Wool,Op-04,Morning,1752.2802358051276,181.89368966852388,31.11183367185522,9.642113570413219,2025-09-10,75.00117988288629,35.79389025473976
B-04022,M-07,Wool,Op-18,Night,1600.0759390475087,200.3786050320304,52.476695113808304,11.443535310405187,2026-08-13,54.72577752611091,22.559163282166057
B-04023,M-04,Denim,Op-04,Night,1238.20098859601,203.58434672828835,34.953524447875424,13.304634351042184,2026-08-20,74.74185233531257,29.07074213531437
B-04024,M-07,Polyester,Op-02,Night,1272.780438308924,203.91785566685138,39.788989879266076,14.305420018507577,2025-09-27,62.47002336887467,25.549139897758877
B-04025,M-10,Cotton,Op-11,Morning,1440.8353743619741,227.9543442027929,33.87940257692329,9.193559167334557,2026-02-08,38.88680773107687,20.67186378159015
B-04026,M-06,Wool,Op-13,Night,1141.2832318403803,112.36084791521732,18.461858994685485,12.409542732277846,2026-05-21,47.203871875513684,38.272654923570094
B-04027,M-08,Polyester,Op-05,Morning,585.4024354059702,196.46322087726435,15.515966861098867,3.647810715559893,2025-10-15,76.86996377889307,20.20606796907478
B-04028,M-01,Denim,Op-20,Evening,1890.1216570177523,176.88364134595366,32.899585133418064,2.3035299284064505,2026-08-18,45.144747143089354,29.96020787668867
B-04029,M-09,Denim,Op-04,Night,0.0,267.2686391571675,0.0,13.216651582752583,2026-05-17,32.463036735536605,23.21806716105147
B-04030,M-07,Silk,Op-18,Evening,1392.2987763314027,172.19895175849342,48.70581362316129,12.816572788245056,2025-12-07,65.83359341414689,22.009120462270165
B-04031,M-04,Cotton,Op-01,Evening,669.5189380204677,151.00713392729202,21.788956148667484,3.4901888694791925,2026-01-19,38.65309746003525,32.32791049553718
B-04032,M-10,Denim,Op-02,Evening,764.0422291815903,298.03456108368636,25.485200477447297,6.905714253156113,2026-04-08,34.85346640774683,22.4113803391023
B-04033,M-08,Wool,Op-02,Night,1968.6041050752092,214.39022032383957,59.05870265543452,14.28658067263292,2026-03-19,52.20664253790134,28.71682207304024
B-04034,M-10,Cotton,Op-06,Evening,1546.138187233333,173.52319329026653,47.06394237709162,13.094404457505398,2026-01-22,31.464069238407312,28.795283900568847
B-04035,M-01,Cotton,Op-20,Night,0.0,155.21438247317263,0.0,6.984719593801695,2026-03-13,54.22688751070283,33.73819957366426
B-04036,M-05,Polyester,Op-16,Evening,1606.7409910156807,168.31661045791708,28.606789732543678,14.99230732188749,2026-08-15,72.43326558935897,25.20046746289938
B-04037,M-04,Polyester,Op-01,Evening,971.0318758750857,190.46897059992898,20.273479856708956,12.911191296474593,2025-09-06,68.91811318972672,37.02492247011752
B-04038,M-06,Polyester,Op-09,Evening,1390.1918336777544,156.6498124554749,51.03103736434762,2.526324250072904,2026-07-17,64.20988717373403,22.859951023908774
B-04039,M-06,Cotton,Op-07,Night,1471.9464573581135,262.0496888848034,64.82702126387687,2.953764463889901,2025-08-10,69.17400742544055,39.98553051892474
B-04040,M-05,Cotton,Op-05,Morning,1627.7181144914994,232.4330709389415,438.57522825371836,6.904940785596012,2025-08-27,66.52500839458011,34.483560702809065
B-04041,M-06,Cotton,Op-11,Evening,1173.1458326402521,124.25054242647812,12.548667205781705,8.826948186529323,2025-11-03,43.25217643556713,27.688661948583004
B-04042,M-03,Denim,Op-18,Night,1074.185881876825,261.76022122709094,23.264788624785677,8.598113137135567,2025-11-02,30.490026346698553,29.396876404796945
B-04043,M-06,Polyester,Op-07,Night,1216.3259830957568,180.93854428957542,53.56829028645163,14.047709073803341,2026-08-03,32.05886494815079,33.67176022563864
B-04044,M-05,Cotton,Op-07,Evening,1938.857876975713,135.52724530885916,29.118394975231414,8.438267227526715,2026-05-14,32.179478865860595,29.98367048910177
B-04045,M-10,Polyester,Op-14,Evening,1756.8450120480702,122.77400052107296,63.59643273288086,8.186037045410934,2025-11-04,56.05480344963769,39.43300995863211
B-04046,M-02,Silk,Op-11,Night,931.7604396152028,148.1598619876277,32.04797960622634,2.7954748790309085,2025-10-26,67.82573620245297,33.815133123646774
B-04047,M-09,Wool,Op-11,Morning,561.2606644249826,252.5657732788589,12.43645660769745,9.98642608007871,2026-03-30,78.19444340552442,31.744042597536243
B-04048,M-10,Denim,Op-14,Morning,53.85024666010973,135.1681410756465,31.362122413103833,11.120798550819393,2026-04-27,65.38608300108626,24.013000309553526
B-04049,M-04,Polyester,Op-17,Night,59.12993747642701,168.83270535036078,31.76947878426337,4.9270631172848685,2025-10-08,50.681230130539554,34.28097598764967
B-04050,M-03,Denim,Op-01,Evening,1028.8432133637277,296.1054336594585,31.508939646011942,5.184868229977076,2026-08-25,,20.1438591201572
B-04051,M-09,Silk,Op-15,Morning,726.0966264139066,108.89888536367982,26.92033787155445,10.775769247267919,2025-12-15,66.61296412542282,29.21398026233005
B-04052,M-07,Denim,Op-07,Evening,1307.359172370701,225.96022154438634,23.513150108874342,9.353855624631457,2025-12-13,,33.31645528111185
B-04053,M-09,Polyester,Op-07,Morning,903.0599300550502,187.9926299015384,169.52231576669197,7.24579213186861,2026-08-05,68.72058557934521,27.34787318459064
B-04054,M-08,Cotton,Op-15,Evening,99.17601538613673,246.3320038512044,52.95686834433042,7.584754604763749,2026-07-08,65.43153489854917,28.324393615152538
B-04055,M-07,Polyester,Op-13,Evening,1795.7188358543283,201.58665343441254,62.71323463978037,14.08469176495471,2025-11-30,71.5793242836414,39.83557143532079
B-04056,M-10,Denim,Op-01,Morning,1668.8101104023428,208.5736279956427,20.422761061624563,4.62768145979992,2026-02-15,47.73775855648789,37.880108294626325
B-04057,M-03,Denim,Op-19,Morning,1387.2198291116124,174.49680650082172,47.1012390073734,6.41369553207778,2026-03-21,74.22856032068836,37.07644749092453
B-04058,M-01,Denim,Op-18,Morning,909.378271106501,195.0912692324048,28.849621403669413,6.716107513049025,2025-09-15,47.680901460124765,22.055711571145928
B-04059,M-10,Denim,Op-01,Morning,952.7469468117254,797.7614209716432,287.2742379294158,5.4688551015574305,2026-06-25,,28.623269862696034
B-04060,M-06,Silk,Op-09,Night,536.3563912462592,208.24613175222882,133.37068159812534,13.184955990279096,2026-01-06,68.62760671331013,34.01813368258908
B-04061,M-04,Silk,Op-14,Evening,1649.4475670183904,214.48381279309933,73.8668636761219,13.498486063284922,2025-11-24,43.84948908924427,24.842893994785012
B-04062,M-04,Cotton,Op-17,Night,1438.0973644871788,100.28944410419986,14.56780712778856,5.943839719154735,2026-08-12,72.89279929073373,20.546390232834867
B-04063,M-10,Denim,Op-10,Morning,921.8889357876947,282.80000740185557,29.619807372813774,13.62068614058023,2025-10-04,,30.375238916030156
B-04064,M-06,Polyester,Op-15,Morning,998.0120169757832,148.74733240556196,35.30556371034162,12.413105958969656,2026-06-24,35.31474302498207,29.747087417572715
B-04065,M-06,Silk,Op-16,Night,655.5204355565438,203.92141909446923,14.246491264280294,9.085298030774204,2025-10-06,67.12480302536824,24.69672098295066
B-04066,M-02,Denim,Op-11,Evening,1354.2817199495503,296.6252819963228,58.29273104261678,4.044904559481602,2026-06-18,79.2951913561732,34.28685066108962
B-04067,M-08,Wool,Op-06,Evening,634.4619023545088,160.08403748612645,148.6899011535207,1.8083079151137347,2026-05-04,48.57734975015876,39.62579319840104
B-04068,M-09,Silk,Op-01,Evening,55.33065431556054,242.53656320881254,24.675690131178854,3.760697693208575,2025-12-04,36.47922685623814,26.740356243215754
B-04069,M-05,Denim,Op-13,Morning,512.6966324259643,293.6829725391236,8.087575251225319,9.290038399844093,2026-06-29,65.99498181923497,33.02766342312029
B-04070,M-06,Silk,Op-10,Morning,1392.4099084909913,126.28311902825243,20.5560598119634,6.617310355483791,2026-04-15,58.448156796264655,31.177622282043117
B-04071,M-08,Polyester,Op-05,Night,551.6539544697832,259.6468627747628,25.212434342334102,11.162914117944075,2026-01-24,34.090945228236905,22.54831037603107
B-04072,M-02,Polyester,Op-17,Morning,1653.6933524326698,299.2320592433348,57.73375148008964,4.555824288870304,2026-01-15,54.39014944344075,24.729191521247113
B-04073,M-10,Polyester,Op-07,Night,673.121358636977,125.44863454860662,23.36353661137381,2.006430479671717,2025-09-20,64.67930411320835,29.881451548664135
B-04074,M-09,Denim,Op-06,Night,1818.9515698840385,248.06569695107171,26.371208843346473,7.4641208543336734,2026-01-28,79.21779941971133,29.125122022839463
B-04075,M-09,Cotton,Op-18,Evening,1988.982120879074,104.56414600296947,64.34062414535319,8.69836983282853,2026-05-17,45.45477443498547,30.071043020339694
B-04076,M-08,Polyester,Op-12,Morning,860.1438444177313,211.37175114745236,17.83053049758126,11.584855568077526,2025-09-30,43.32549186219992,27.668522666278143
B-04077,M-07,Cotton,Op-19,Evening,1730.8395964823037,548.3054998472709,530.7040347552783,13.196750121057702,2026-07-20,38.50249464508296,21.47159276319503
B-04078,M-07,Denim,Op-12,Night,1956.3681055441473,171.44708332335642,33.73972838214584,14.419115771042872,2025-10-28,31.910039749458985,38.53744405629317
B-04079,M-08,Wool,Op-09,Evening,1868.7124785790231,111.24548602309224,55.38432817331161,14.275072264930456,2026-06-22,40.039913215943045,26.054281201463212
B-04080,M-01,Silk,Op-06,Night,1071.0813218532128,233.50559385263,14.481244411630273,14.647308741501083,2026-06-22,60.32132454024703,34.429708188730984
B-04081,M-04,Cotton,Op-16,Morning,1441.7186436050079,190.76995540928263,27.57452578161428,13.400953010874797,2026-06-08,49.4105549821551,33.58908288099838
B-04082,M-01,Denim,Op-02,Night,889.058800286294,175.22448618445472,38.64725559693488,5.256889525091038,2025-11-28,42.69394196950374,20.993374118016185
B-04083,M-05,Cotton,Op-05,Evening,596.4522963369265,277.4731031205935,17.95182540164264,2.756515446952844,2026-08-10,33.263086853132954,31.260095279613942
B-04084,M-05,Polyester,Op-10,Night,1236.8518532478276,214.90086550027956,28.929641631229106,5.018792485668181,2025-10-01,63.14746367148056,30.048044394143666
B-04085,M-01,Silk,Op-07,Evening,1739.751000471092,245.54421926534204,54.75805501587893,6.510544787224708,2025-12-15,72.38088926144364,38.405165002235485
B-04086,M-06,Wool,Op-12,Morning,822.4286752353812,283.1584313093974,32.13940545698584,3.6527146813372413,2025-08-25,32.421161320863455,26.549740177462617
B-04087,M-09,Denim,Op-11,Night,1884.9111295303242,227.457129362888,64.40303658847805,14.32573965753324,2025-08-14,34.61854196379483,21.215074591760402
B-04088,M-09,Polyester,Op-08,Morning,1949.1744837391323,200.5442617909448,45.83344464791532,1.7212131631502718,2026-07-08,41.06093280387281,24.895858128315414
B-04089,M-03,Wool,Op-16,Evening,565.405075379319,280.97854009958326,6.8779371599015695,8.217895226100934,2025-09-01,63.54653964770545,21.34345673790018
B-04090,M-05,Silk,Op-15,Night,1379.7016580608208,277.4592021008416,17.98324034186591,8.398748013433657,2026-01-20,73.89095862850357,36.21982546110479
B-04091,M-08,Denim,Op-05,Evening,802.9362115785348,231.5421338310685,22.328038810691226,7.2090193557005815,2025-10-06,44.53499068234603,28.37267712095958
B-04092,M-09,Polyester,Op-10,Morning,1865.8283762323947,120.69165674099061,65.72472171634095,4.91623045530661,2025-11-12,56.87824082913569,33.96573853261184
B-04093,M-10,Wool,Op-15,Night,1912.4641066060917,259.12178496389464,72.16738723325764,8.799075787642025,2026-03-31,40.73413458367538,29.017484628044798
B-04094,M-05,Polyester,Op-04,Morning,1756.9432622541274,291.94724488447747,22.636391572869396,9.476338725930848,2025-12-13,56.34596836522162,20.353838462422967
B-04095,M-03,Silk,Op-17,Night,734.1574964561004,110.95198623792561,26.058308280422825,6.612085343268971,2026-07-22,,26.737570902777442
B-04096,M-09,Silk,Op-08,Evening,1303.497661900104,219.19415187757193,17.540342127564788,7.6076808411271575,2025-09-14,43.886857427712854,39.05650629892954
B-04097,M-05,Polyester,Op-09,Evening,1908.3364991979608,162.24760937294693,51.87205530614264,8.177260235142164,2026-07-30,35.442116141377305,21.418621367420187
B-04098,M-02,Polyester,Op-19,Evening,1612.5460645695173,153.87295550970978,74.59291838963492,8.872870445094481,2025-10-19,43.932517026140914,27.772261217860816
B-04099,M-06,Wool,Op-01,Night,1783.7594382423792,203.20350868352597,32.301500074996234,4.3334787846091025,2025-12-29,39.65919563665114,39.081747060714285
B-04100,M-02,Polyester,Op-13,Evening,1712.2524663688087,173.79404190710744,60.782471494332924,14.799237865815336,2025-10-05,48.407787018139395,27.03033249821452
B-04101,M-09,Wool,Op-19,Morning,1942.275209940229,295.24192115928656,78.13973139504157,10.900886050537792,2025-07-31,67.73031828181769,31.268043519460555
B-04102,M-10,Silk,Op-01,Night,1789.6694824557449,197.21906063900465,81.61235811355398,9.678071679621443,2026-02-03,56.86583476165239,31.249412270573544
B-04103,M-04,Polyester,Op-14,Evening,1033.4252453083554,141.63680512012485,47.68257586975179,7.387921543830808,2026-01-08,40.40425952406326,29.968008513240385
B-04104,M-08,Wool,Op-20,Night,1426.1502807237166,271.0865706606155,16.073272072355614,3.326672874617165,2025-10-03,75.04367962685885,32.035743288142314
B-04105,M-04,Wool,Op-19,Night,1449.6784329275551,290.2793912521836,15.058979386793352,2.108338006655069,2026-01-17,59.1228065234786,38.30957205739429
B-04106,M-05,Cotton,Op-19,Night,1446.3693896987347,194.98045836619252,58.031987443522425,5.857850461080549,2025-09-17,61.3768244972688,21.054041891748337
B-04107,M-03,Denim,Op-05,Night,506.71921537956143,161.38714875847046,11.2993507392144,8.055420927585498,2025-10-22,,27.540445011331034
B-04108,M-03,Denim,Op-10,Evening,1746.2527182021443,286.9665148543818,81.78480763346751,13.231977588682442,2025-11-22,56.12156565249998,37.68328350386966
B-04109,M-04,Cotton,Op-15,Night,1113.857595571193,156.68917190108908,36.12942037788173,2.3757128813864847,2025-07-27,53.954596052461454,38.92593840876883
B-04110,M-02,Wool,Op-14,Night,1501.3431526792574,122.57676369836952,36.67989357660385,3.0092752979915875,2026-07-10,53.223663097983625,39.02529597967451
B-04111,M-01,Polyester,Op-16,Night,1816.2260619763003,124.0577186851423,18.403216018965153,9.638240897071942,2026-01-22,60.03064884552591,37.19749500140537
B-04112,M-08,Cotton,Op-01,Evening,784.8975007963581,143.93752508589634,24.628874667752825,14.299525233270323,2026-06-27,37.684682813494746,20.739247004411208
B-04113,M-07,Polyester,Op-04,Night,1292.8376936505224,268.8093930735729,61.02163829281845,14.284035102489229,2025-09-03,,30.77090884280262
B-04114,M-03,Wool,Op-15,Night,1587.7387269497444,152.911825599117,59.07925532103952,13.997889953214969,2025-11-06,63.37215880909374,28.281918654852674
B-04115,M-07,Polyester,Op-06,Evening,1101.9692416156263,122.83675359759185,21.11878508298991,11.065702460476597,2025-12-07,71.20438060853718,34.576123980387756
B-04116,M-05,Polyester,Op-18,Evening,1934.9525202164193,105.05091233823119,471.09752258604465,5.657594163258968,2026-06-20,43.00462172674477,20.96252455229702
B-04117,M-05,Silk,Op-20,Evening,1823.829295227652,297.937943238294,79.78332414350557,12.313254209661574,2026-06-30,53.434025935641245,34.47408851934061
B-04118,M-07,Polyester,Op-09,Night,1197.960794628022,257.0108868051,310.3105500624449,7.757133856380275,2026-05-16,49.324799543836136,30.521816755675225
B-04119,M-08,Cotton,Op-12,Evening,1035.1044033381618,214.26405031120697,18.335059582610036,13.73819223712626,2026-05-02,78.81564500553199,24.54496182367909
B-04120,M-09,Polyester,Op-12,Morning,1515.0284501429728,182.93677716468875,63.475263959057784,1.3391127378539185,2025-10-01,47.34309353236421,36.13489486944504
B-04121,M-01,Denim,Op-12,Night,1242.0277232248727,194.51558697750704,12.969072649491975,9.113104194081284,2026-07-05,40.9698355281788,30.52087249781911
B-04122,M-07,Denim,Op-13,Morning,1213.3393321747005,575.6820888184882,396.36103795150024,10.448174482651234,2026-07-11,61.91767920763138,27.61671760365618
B-04123,M-03,Denim,Op-12,Evening,608.5600145262567,121.52848436669277,18.00541805981759,10.058490343939221,2026-01-07,67.78837004746461,26.430994160254244
B-04124,M-07,Silk,Op-15,Morning,1918.567047475488,289.10871243519387,94.04696664536932,5.305038842488021,2025-08-21,70.49939375085451,31.878881056137175
B-04125,M-07,Wool,Op-11,Night,1216.4203545666446,254.9413736031123,24.865594537566118,11.753919814608194,2026-08-17,54.87164338165381,35.91260228594616
B-04126,M-07,Polyester,Op-04,Evening,683.3795544353434,185.03274893106325,116.09657121003166,14.210829192870186,2025-09-02,55.03723041012644,32.70518277293854
B-04127,M-04,Denim,Op-08,Morning,1085.4453235658154,572.7129378947768,298.8793981777826,14.607861380130167,2026-03-16,38.400886914851306,28.208837806782327
B-04128,M-09,Cotton,Op-14,Morning,1310.9648719285256,146.1133764478162,30.07945803219317,4.1858772565016,2025-11-04,68.89149895701019,39.25283325893763
B-04129,M-02,Cotton,Op-14,Evening,1531.9880279535203,151.61609227158414,18.344272412024054,13.991331569518849,2026-06-26,63.64511800826991,36.0535370927514
B-04130,M-05,Cotton,Op-04,Evening,1397.758952360937,205.52246627167645,53.477454365439385,5.101956696761448,2025-09-25,43.1214992528659,31.600496046339394
B-04131,M-10,Wool,Op-10,Evening,549.7591355527834,213.4803163847409,19.200216600368904,3.386433405252801,2026-01-13,,22.80725462772201
B-04132,M-02,Polyester,Op-05,Night,966.3051758262095,188.1760466269728,46.902855431136636,6.039983332156821,2025-12-09,62.41681600762619,29.40239532132938
B-04133,M-10,Wool,Op-17,Night,1028.5741386596978,248.05686805256704,23.826273198357462,4.602095946162623,2026-06-10,55.43765463130734,31.05139503803914
B-04134,M-07,Polyester,Op-15,Evening,6401.0143356946,155.85572757969842,140.8042998818072,1.0840109434357479,2025-12-13,40.78241508189394,34.00128344986401
B-04135,M-02,Silk,Op-09,Evening,556.0484902079166,147.41258021953612,11.286494210236857,11.909069967212188,2026-03-10,60.29931351325286,24.115410439087427
B-04136,M-04,Denim,Op-15,Morning,1725.2030344843402,141.81684058898017,49.05581740775528,5.678208161859837,2025-08-20,63.21793458273222,31.222247714161572
B-04137,M-05,Cotton,Op-18,Morning,1849.6116364696165,143.94209254301035,82.90873531950449,11.379878472081998,2025-11-27,37.953192030909165,32.31467666964291
B-04138,M-02,Polyester,Op-15,Morning,1186.8526782172069,244.85890143826578,55.53715809637281,12.485506941985834,2026-01-24,36.80132124388014,34.116537905642204
B-04139,M-02,Silk,Op-19,Evening,1364.5559147833164,137.22444890575122,41.6677558276758,2.7771954422452017,2025-10-04,42.986766523337394,22.07026538033365
B-04140,M-02,Silk,Op-04,Night,604.5570240601019,144.6809249272453,23.108949521115377,7.158746214771001,2025-08-20,53.695737520101076,31.30796970293929
B-04141,M-10,Cotton,Op-10,Evening,570.8429594982013,116.12419043515665,22.744239130348472,1.8520281252669304,2025-08-17,51.15751577324552,20.836958897658686
B-04142,M-02,Wool,Op-08,Night,834.5002715577168,287.84249865799177,32.15009044442392,7.80965257135956,2026-04-19,52.31628762211008,35.610773852790004
B-04143,M-02,Wool,Op-06,Evening,1410.9635614222143,287.029341250074,266.56092120101175,6.9116296538190785,2025-11-27,70.42658378861432,27.60185891491637
B-04144,M-07,Wool,Op-03,Evening,933.9006092540487,235.5739068034908,34.70108575757756,3.9779861293251493,2026-03-23,41.45770935127144,26.105248580348295
B-04145,M-08,Polyester,Op-20,Evening,1834.082138634848,234.91353022539732,25.711352748910553,12.589399420817752,2026-06-05,57.17802948472349,21.378464426902905
B-04146,M-09,Silk,Op-18,Morning,1331.5879675503732,165.56019372842192,360.036537094771,4.0879530309171965,2026-04-06,53.31284636513104,33.32993481808603
B-04147,M-06,Denim,Op-06,Evening,1607.7848698570906,246.98297643191336,57.54105041571621,14.79265565548344,2026-08-24,,25.904599547432696
B-04148,M-02,Denim,Op-12,Night,1783.2175102404703,215.90488678278217,21.8027865576288,12.053030465615496,2025-11-15,50.72260929199561,31.809826913096092
B-04149,M-07,Silk,Op-04,Night,1978.65140873722,260.0036962896835,22.242292939426648,13.163327002840292,2026-04-11,64.71471390714731,23.721000656173988
B-04150,M-10,Wool,Op-02,Morning,1796.9849116040205,179.26613074722462,64.81120758227823,4.694108264558879,2026-08-22,58.08364794194722,28.417970449514385
B-04151,M-03,Denim,Op-16,Night,1225.6898495817704,239.44662808805413,33.672915719767275,12.947925773128,2025-08-03,39.777850547789456,26.588657611309735
B-04152,M-04,Wool,Op-12,Night,1943.0876720414574,173.06672270949707,93.36332206063122,6.335397894296814,2026-02-19,62.673626147978055,28.383994197798984
B-04153,M-01,Cotton,Op-04,Evening,1841.7031407131658,202.6817555551346,70.51519416014466,10.026853275269898,2025-09-30,32.901528094181025,33.91461056064796
B-04154,M-02,Polyester,Op-20,Night,1038.798943464812,143.93657672505452,11.772866114979722,13.811097625438235,2025-08-02,51.33524504025638,33.074122096034216
B-04155,M-06,Cotton,Op-17,Morning,1121.1007498652543,263.45176220277597,29.88969618873822,6.4260640056100105,2025-10-19,60.158058006843845,24.197116009690788
B-04156,M-04,Polyester,Op-09,Morning,1891.45657707978,213.29034994020742,86.6583435516337,13.62704042730104,2026-04-21,75.10096497447717,38.882956008489586
B-04157,M-07,Silk,Op-14,Morning,67.44580975882168,286.80297831631935,35.35245075003635,2.9244321471952697,2025-11-18,,20.79852502222301
B-04158,M-06,Silk,Op-17,Morning,1103.4667947784963,105.1108569298759,23.37640989995471,7.670756878446006,2026-03-24,52.106537113519,35.13698531003294
B-04159,M-09,Denim,Op-06,Evening,826.2967606915507,151.18779153532523,19.39796312299727,5.252357516817872,2025-08-16,59.95824366835832,29.430509709041598
B-04160,M-07,Polyester,Op-12,Night,1061.4712374255178,174.18473203179525,40.68452973957099,14.613693725944444,2026-01-02,41.649849402647625,36.36123120544517
B-04161,M-03,Denim,Op-05,Morning,508.35500840532586,298.6352436250976,16.37316092132072,11.59015118887003,2025-08-31,64.12247931753956,28.106494153532747
B-04162,M-04,Polyester,Op-15,Night,879.9063435012054,107.09668102913949,36.50048949205018,12.70430321824362,2026-08-15,74.82422468405858,23.249412732284796
B-04163,M-08,Denim,Op-11,Evening,1611.729009928488,135.6750003872181,70.12058539217458,6.905603236047114,2025-09-04,51.13789604170517,35.19928516610497
B-04164,M-10,Wool,Op-18,Evening,642.1626820870565,212.59384698084057,19.920018507920826,11.664478957004393,2026-08-23,69.30952970325792,22.95987048860818
B-04165,M-10,Wool,Op-03,Morning,1786.3380595440544,163.70371531705683,79.27720362149705,6.95163658476516,2025-09-01,70.21792556681662,21.786390423675247
B-04166,M-06,Denim,Op-12,Morning,966.7350750962136,100.29006331822544,36.458894969989274,4.278228030789016,2025-08-04,34.475032044775325,21.847698139924884
B-04167,M-06,Denim,Op-05,Morning,820.9645034585972,286.9484725953965,22.470899150420347,8.230223652278255,2026-06-10,,29.20196515909837
B-04168,M-05,Polyester,Op-19,Night,1538.8814595074477,190.45255250472167,19.944185373581668,2.8004049871526857,2025-09-10,74.00860903203782,28.56790697851317
B-04169,M-07,Cotton,Op-14,Night,1294.0489812466417,229.46937169114068,46.60342291444201,4.85815449820862,2025-10-28,70.01702038369211,33.395516920747276
B-04170,M-09,Polyester,Op-17,Night,1131.2374293016915,292.3830602822576,45.0144148563458,4.838648351289467,2026-06-11,58.885275050772634,26.18110314945235
B-04171,M-05,Polyester,Op-16,Night,571.6872258051822,109.17877357500984,19.609486115617685,12.35205357326308,2026-02-17,51.71340805318356,26.823601092007117
B-04172,M-01,Silk,Op-13,Night,1552.8490158034604,140.24026936888131,39.76016967063929,3.5960373796662415,2026-03-10,77.90753738799407,31.79328612769139
B-04173,M-07,Wool,Op-10,Morning,1702.1625420042596,205.03179175558344,75.56892635439846,4.383279345244139,2026-06-17,40.33676528207869,27.937185323396434
B-04174,M-09,Wool,Op-17,Evening,60.675568406051255,143.70520015095263,31.622490432653745,13.50412546393628,2025-08-02,,22.43469137938501
B-04175,M-03,Polyester,Op-13,Morning,1074.6562502663483,120.33537928619837,38.13028287645217,9.154650945757489,2026-04-24,64.1521373542293,33.605452379316056
B-04176,M-05,Silk,Op-09,Morning,1250.3371714033187,203.89452337186515,41.85856601009752,9.898961537311434,2025-12-21,64.51296808733206,33.097534776627704
B-04177,M-08,Denim,Op-07,Night,733.7584772061775,142.12330769857235,23.56441339610987,4.643136294494877,2026-05-05,75.98308285437511,35.18790183593933
B-04178,M-04,Wool,Op-10,Night,878.0853928160702,122.17830464883423,12.66886135333911,13.582629163719647,2026-04-26,,37.85332031645834
B-04179,M-09,Silk,Op-06,Morning,1695.8249991447442,189.32901386198253,69.87003225314129,5.535537059627561,2025-11-16,66.95522681043536,32.28659082121461
B-04180,M-08,Polyester,Op-20,Morning,611.4932909494056,163.71740399149127,13.037374582697078,5.4704359058343,2025-08-27,46.487654614388276,30.049597452876107
B-04181,M-08,Silk,Op-13,Morning,1166.5754151312794,173.55551862308317,21.492233897689687,11.294144672287159,2026-05-08,60.17503978375251,33.072588646346304
B-04182,M-01,Silk,Op-06,Night,988.2532479903341,104.23308952241486,33.70466955969318,2.5172459021043787,2026-04-24,43.25271159944437,21.30927442604042
B-04183,M-06,Wool,Op-06,Morning,1997.1951738857379,120.16304281307771,71.3524021739529,12.497222977369711,2026-01-27,35.94081236325736,33.39828037592872
B-04184,M-07,Cotton,Op-18,Night,1854.075402216799,122.78912273610247,48.75353016805891,5.416222525146569,2026-07-06,,21.815595207093715
B-04185,M-08,Wool,Op-06,Evening,1867.3897603361672,256.3046302123712,52.24521807947888,11.120601406234469,2026-07-26,56.6513752431351,37.66971484671046
B-04186,M-08,Cotton,Op-06,Morning,724.5285006509573,267.5170446241558,24.896506740839303,4.9149365927241755,2025-11-11,32.6816770512224,22.520760613375828
B-04187,M-05,Denim,Op-20,Evening,1410.6229458817588,152.0366342164069,47.11127976050567,11.180522071243708,2026-07-16,68.6820077699767,38.410052522672366
B-04188,M-03,Cotton,Op-10,Evening,1669.1350462213593,250.61993595432673,17.96249478009116,4.6093266785407,2026-08-03,45.51129639688297,29.56964791505743
B-04189,M-06,Polyester,Op-08,Morning,946.0966597365853,194.7765746688476,26.99163573130096,2.512970133936012,2026-02-23,,22.52551775550251
B-04190,M-05,Wool,Op-09,Evening,1596.4475473788968,266.7497861841366,274.5639145966243,8.64839456506648,2026-06-27,53.73744937733656,27.685611369195104
B-04191,M-02,Polyester,Op-08,Night,1687.8446774927122,193.00132644246725,29.969094258109862,12.064483436716564,2026-06-24,,34.08166071801259
B-04192,M-03,Silk,Op-01,Evening,1265.4608963168384,188.80332608453614,53.802365720964985,6.934229085269754,2026-03-22,57.12855246019069,39.641638021508754
B-04193,M-04,Wool,Op-02,Morning,1855.5686474455874,105.92791663520751,51.35416061985258,2.964709135095083,2026-02-12,34.23818301122817,25.264620101305532
B-04194,M-02,Wool,Op-11,Night,1463.0798714838343,200.16625325732042,325.1816897733786,13.644574808783958,2026-08-18,76.9927979446932,23.270419023949177
B-04195,M-06,Cotton,Op-03,Night,1179.9942069760764,798.3432733122868,358.24729198909006,2.3039671266282724,2026-03-22,74.12465637095733,33.41726709095229
B-04196,M-01,Polyester,Op-19,Evening,639.8932968633935,133.3047725861773,13.997482885838295,5.5306553957603395,2025-07-30,35.17764710673548,36.3068365227554
B-04197,M-05,Denim,Op-10,Night,1963.829282029798,240.51828638637113,58.32664547536379,3.428025183577807,2026-06-06,53.802132347197016,29.33768443266642
B-04198,M-01,Cotton,Op-13,Evening,1303.5367559644033,569.1605365975153,273.33156929276066,10.608215760410728,2026-07-05,54.35958876442216,35.81930797737398
B-04199,M-08,Silk,Op-02,Evening,1554.8507841684839,295.5525576927748,33.42590834202601,7.253211812132615,2026-03-05,42.98064047967979,23.13343789166962
B-04200,M-06,Cotton,Op-09,Evening,991.8793270571747,184.7749486868929,24.72868679263517,10.175699725004211,2026-07-10,43.65815280401135,21.01953526937352
B-04201,M-05,Polyester,Op-20,Night,1783.4444242386137,199.67030217037677,31.625035062956403,14.506972608435737,2026-01-19,55.181076554436586,25.517976338436956
B-04202,M-03,Cotton,Op-05,Morning,1541.7867451783645,207.27625715548726,18.09214590884617,9.455985005936181,2026-04-18,67.75633946670655,34.518069285297855
B-04203,M-06,Polyester,Op-10,Evening,1703.8578579425423,206.5406614103423,27.22807861504389,6.483919431406817,2026-02-16,56.87597131340352,32.2490289691465
B-04204,M-08,Cotton,Op-19,Evening,1126.1230929896674,167.11724203763674,18.550944069701014,5.905725227452538,2026-03-29,34.56674692036541,23.19686976000461
B-04205,M-01,Cotton,Op-05,Night,1059.8371148324718,278.8983089749583,43.978293477990505,3.8843832068931974,2025-10-15,50.809625383740226,26.23218830598276
B-04206,M-07,Silk,Op-05,Evening,575.1896484812243,139.30867910717808,8.948990694584918,3.9489815929671215,2025-09-09,79.64814001566157,31.41550035932607
B-04207,M-10,Wool,Op-06,Evening,908.2987089148482,133.56441882458483,32.016081183297,2.744463974672272,2026-03-15,69.85910142039464,29.9150525732071
B-04208,M-04,Denim,Op-01,Evening,996.876870487994,210.7390172134659,15.963991225033464,4.605966455331759,2026-03-29,45.40181374641174,33.04475888733466
B-04209,M-04,Cotton,Op-07,Evening,1425.8327887511928,270.44696328462544,34.15777653117254,2.685925166530767,2025-08-12,74.87306402849896,21.5889136059779
B-04210,M-02,Denim,Op-12,Evening,1415.7639728569918,211.8829520237074,69.26785462865743,2.3494750149220684,2025-09-14,,35.97826335571706
B-04211,M-05,Wool,Op-06,Night,771.8424337756551,279.02619396309257,32.17105312631623,8.795332189564508,2026-06-30,76.79668856226637,23.521719168335224
B-04212,M-02,Cotton,Op-18,Morning,589.6723631679968,276.63928936054526,25.156203705160387,10.43823191079487,2025-11-01,48.5127391961215,23.809336469957003
B-04213,M-07,Silk,Op-13,Evening,1404.8619820922172,172.0831705896003,19.0854814941121,7.213701547235228,2025-08-23,71.32713280361882,26.778543867137355
B-04214,M-03,Silk,Op-02,Night,1866.9232583052092,177.4687479316069,34.911863233742196,5.877425155612989,2026-04-16,40.21998094379697,37.94845142456691
B-04215,M-04,Wool,Op-19,Night,1455.0093020020754,276.1530023216206,52.84445811969068,1.4887906044450436,2026-06-09,71.43958526500978,28.21198843379549
B-04216,M-01,Polyester,Op-17,Evening,1058.6068448383307,239.1032512694988,11.27914953028452,4.560128803807788,2025-10-10,31.096527121769814,38.955750295759074
B-04217,M-06,Polyester,Op-01,Morning,1736.1489344502606,133.82751866449476,77.48138281961371,6.49108320042839,2026-05-24,71.12461882530279,24.118643006246906
B-04218,M-09,Cotton,Op-19,Night,1246.638408652852,173.2306925434553,49.04407099469636,10.274128454308705,2026-08-09,47.06948609904788,26.945767179927138
B-04219,M-06,Polyester,Op-01,Evening,964.7483368086619,140.154529670885,245.44306557140646,12.30704579195201,2025-12-20,70.26855168636159,29.951714074137385
B-04220,M-09,Silk,Op-01,Morning,1263.91143764365,183.40799179384652,57.42521081014219,14.92851870615444,2025-08-15,37.38202139262795,31.854559584797215
B-04221,M-10,Cotton,Op-01,Evening,1530.822561771672,276.1846598176477,39.441005023628065,5.708686084965416,2026-08-21,43.59964881301196,37.02544773804209
B-04222,M-05,Silk,Op-09,Morning,1564.5234845859668,129.54971568282286,46.591757439242045,11.581733755273445,2026-01-16,57.44913245124347,25.372232798209218
B-04223,M-08,Polyester,Op-18,Night,1545.4154387595552,102.37728176947674,62.00089746025816,9.924538823397812,2026-03-24,57.07953891366372,24.40572335493465
B-04224,M-07,Wool,Op-11,Night,955.1914769498017,155.37218630931295,14.952844123294279,7.597056885990518,2026-01-03,63.807483921118234,38.576919517525084
B-04225,M-03,Silk,Op-08,Evening,1094.7021811276004,113.39791850252598,41.90209645900218,11.619710464604394,2025-08-05,,28.954657793627213
B-04226,M-07,Denim,Op-11,Night,983.291635964431,268.8634482812647,30.06028036534707,8.487593095361605,2026-07-03,77.18039109118276,21.576292782880685
B-04227,M-09,Polyester,Op-05,Night,1649.682868996548,220.03052961472292,32.94600572055073,1.3247179659757986,2025-07-24,78.61693391719405,25.965273861517968
B-04228,M-06,Cotton,Op-19,Morning,1228.4898134098694,208.43162150466978,38.57261042639115,11.728033926257556,2025-12-29,49.66368288294946,28.799207529244242
B-04229,M-05,Polyester,Op-15,Morning,1091.580649612461,282.90961582023124,10.924314814394757,12.91752753287953,2025-11-27,,29.099473901557566
B-04230,M-06,Denim,Op-04,Evening,1851.4017432939208,124.86731468789304,77.97197236497004,4.423173812716647,2025-08-09,37.61806421826991,23.596311399620475
B-04231,M-03,Cotton,Op-15,Morning,1369.2521624988863,291.2190326250697,58.95690438914517,4.240349172532031,2026-04-19,54.2817454065617,39.5485673816494
B-04232,M-06,Silk,Op-14,Evening,1592.9235186807366,137.7950402741584,54.743124103558166,11.771675612736026,2026-01-08,47.378256129795886,30.610737940935152
B-04233,M-10,Polyester,Op-13,Evening,6479.964910828643,245.30469438270327,131.30566872163897,10.263829296990878,2026-05-01,33.418543965529494,29.146940518982145
B-04234,M-04,Wool,Op-07,Morning,686.8513216319233,183.72299719497107,27.28825279061499,14.815626080286446,2026-06-25,44.26596806440187,30.62873785372196
B-04235,M-07,Cotton,Op-17,Night,520.245906326406,280.08791191965975,8.23369372558572,6.411702586149139,2026-08-03,73.4557993355491,20.77895317798956
B-04236,M-03,Silk,Op-10,Evening,983.7941817163388,169.09235461265575,15.005318245141622,12.869119122392231,2025-08-26,30.56005576941176,32.822235529393595
B-04237,M-01,Wool,Op-15,Morning,1734.8234760665741,255.71465319158247,28.19145867279181,7.9988943837568085,2025-08-01,40.63436127561876,32.689907819311124
B-04238,M-04,Denim,Op-05,Morning,785.0356888889802,799.5154640024325,242.95239715552336,14.877198245240741,2025-10-30,74.55304186262731,31.86214715367354
B-04239,M-09,Polyester,Op-09,Night,1130.1747829391659,281.9111071550683,15.634821390967437,4.278580142170036,2026-07-01,34.87629951484045,32.6818006872366
B-04240,M-09,Denim,Op-18,Morning,1059.72280542944,184.71547711634412,26.525132197868455,8.665532938689264,2026-05-15,79.58297728739811,24.419634466663616
B-04241,M-09,Cotton,Op-18,Morning,698.360186615987,221.52270520664695,24.327747767497574,11.187424552309668,2026-02-22,54.103841161793945,24.91662536579942
B-04242,M-03,Cotton,Op-07,Evening,1308.7365850532742,134.23714468074354,57.54702343890657,6.679546607029824,2025-12-21,51.75985458175975,39.65235507542866
B-04243,M-09,Denim,Op-13,Morning,1601.5561824103906,277.7554051005895,45.23218810569996,11.29678168160201,2026-06-09,75.17009275628666,21.09106229759016
B-04244,M-05,Wool,Op-17,Morning,1620.3475028627504,216.65915932200272,326.45195102137995,3.4523262981110134,2026-08-26,47.02460432642671,26.355487500533826
B-04245,M-09,Polyester,Op-15,Night,1272.2799326916816,270.97380495665516,33.901194297855874,11.38845727351259,2025-10-07,71.76248520081168,37.67207489126173
B-04246,M-01,Wool,Op-05,Morning,1019.0394260401208,111.52467633683236,25.60268504294582,14.02688270627008,2026-01-10,33.2911508969072,34.82271030740941
B-04247,M-07,Wool,Op-17,Night,1923.1711617487795,183.9204041868258,65.04314183108204,12.43251691896603,2026-06-12,44.13274160818383,25.981774344876932
B-04248,M-07,Cotton,Op-03,Evening,1996.9739505612106,203.51448359583924,54.79376917669573,14.108320909506068,2026-01-18,69.31249141243639,35.9172862835447
B-04249,M-07,Denim,Op-18,Morning,1079.813375259201,138.38436161816307,23.59402806476074,14.49517773777115,2026-07-25,77.96968062219099,34.94135468620365
B-04250,M-03,Wool,Op-01,Evening,867.7693105134233,297.7220484773926,23.216984620439877,1.931599411514485,2026-03-30,72.17821460706546,27.109160009649493
B-04251,M-07,Polyester,Op-10,Night,1747.9664731232558,118.1206032010716,70.26399870436731,5.9583754992836,2026-01-11,77.60121385847864,33.98131825542513
B-04252,M-07,Cotton,Op-16,Morning,1636.2579514332147,112.1140166327889,43.256919793543645,3.844906305646036,2026-06-22,54.56316280406059,27.363004649507502
B-04253,M-06,Cotton,Op-08,Evening,1672.171067938509,102.93584701354706,44.03068016071908,10.246886968497343,2025-11-15,30.005511590091125,21.261170511524874
B-04254,M-10,Wool,Op-09,Night,1761.4227797072322,128.9991531128921,53.711435091674915,8.764699727800561,2026-05-07,63.92526134133721,24.59065768344321
B-04255,M-06,Denim,Op-03,Night,1867.1109247072884,202.44570507310655,20.68421030675095,3.202522865027072,2026-04-10,61.390714834377235,31.844003600170282
B-04256,M-03,Wool,Op-09,Evening,635.8916086213499,131.35627102820214,15.813767071083822,2.908047085866179,2025-12-12,42.97328852804665,29.08210646471136
B-04257,M-08,Silk,Op-10,Night,1835.9748371068954,222.4218818812674,52.38311232440563,13.266020899465804,2025-11-11,56.35196624587994,21.7974094137868
B-04258,M-05,Silk,Op-01,Morning,1733.0488202635474,138.8207534334216,38.56086839431179,2.2769999025370966,2026-03-01,46.471736916913,27.777956612802793
B-04259,M-03,Wool,Op-11,Night,702.861178436834,664.7158819573007,175.51140272719525,10.551953664429544,2025-11-16,49.29642581465819,32.65098889237112
B-04260,M-07,Polyester,Op-06,Night,1282.3145491522723,104.71894277264036,22.158170817298014,7.044412392548967,2026-03-31,,31.452456463798303
B-04261,M-08,Silk,Op-03,Night,73.02683109184878,143.9062039631239,38.74931090950572,1.9878113737159386,2026-06-08,47.392866057004504,39.57931532903879
B-04262,M-02,Cotton,Op-17,Evening,1472.7466267536606,685.1162583865378,555.8725344420942,13.005897965587753,2025-07-26,69.69753435525762,39.032544515566215
B-04263,M-09,Polyester,Op-20,Morning,1436.2072374171528,295.48409492137387,36.167606363143044,2.4049379946893064,2025-09-14,51.966525139660014,39.547258158172724
B-04264,M-05,Polyester,Op-12,Morning,1609.3345626489565,106.08058021572984,17.46448824067471,10.727719604824383,2026-07-25,76.73133662637892,27.654125703800055
B-04265,M-04,Polyester,Op-18,Morning,541.8647065932257,278.40466114221783,22.862905446503774,11.115225499347666,2026-08-22,35.33431921132899,21.09180554102393
B-04266,M-06,Silk,Op-16,Morning,0.0,124.1043679584098,0.0,5.221285654440915,2025-12-03,69.00130322869447,30.50824141908013
B-04267,M-01,Denim,Op-13,Morning,1221.5939680190074,235.3915875131025,23.444658220923195,8.13696712038218,2026-01-31,77.1482747842523,27.97318184135218
B-04268,M-07,Denim,Op-01,Night,989.9507904214897,270.55504083304584,15.175142065268249,7.9711398891698675,2026-06-04,47.71261517511195,30.885200436189656
B-04269,M-05,Polyester,Op-08,Night,508.0389569383941,156.11693673869814,23.91163709528738,9.470080076969593,2026-02-10,65.58403848306936,36.53221932703933
B-04270,M-01,Denim,Op-18,Morning,1118.168520447152,248.10335991149094,31.244718982061016,2.0454210227728753,2026-04-12,32.876499938604006,22.49595983972313
B-04271,M-05,Wool,Op-19,Evening,816.9221577481248,157.38498838756317,21.645292250148838,10.070322429172236,2025-10-30,47.9261089401423,31.147431154360444
B-04272,M-02,Wool,Op-15,Evening,66.98703841187005,114.80399805117882,31.981099991657615,4.30724093433843,2025-12-06,32.88502347455222,32.372239197796134
B-04273,M-05,Wool,Op-15,Evening,1724.28659413896,144.52258247471207,58.6019093903396,2.668243712728239,2026-03-10,55.055905866554326,32.923803390664744
B-04274,M-10,Cotton,Op-06,Morning,1570.8095679112712,111.35023643460478,70.54383146190601,6.99482257861722,2025-09-26,41.928526197284654,35.18242519092048
B-04275,M-02,Polyester,Op-03,Morning,922.0036112096222,119.04361581388166,29.068877422520544,4.547991467879555,2026-04-09,35.20042445294598,26.448443322269075
B-04276,M-01,Denim,Op-06,Evening,1960.5214315973096,179.8740508702717,34.70888974437634,4.080558933964696,2026-02-03,38.34008701854175,23.46079532277352
B-04277,M-04,Denim,Op-12,Evening,1643.4005338061706,112.20554228648399,39.93883210305112,14.963637897202478,2025-12-01,56.13431955831305,30.88543788601651
B-04278,M-05,Cotton,Op-08,Evening,1535.3830391181807,194.29126817615952,33.22504503009023,5.6068579895036965,2025-12-22,43.256920185402144,38.51302413866519
B-04279,M-04,Polyester,Op-05,Evening,1154.589889144763,170.06828042329363,43.58112752842644,2.2065035839925033,2025-10-24,39.29671972411336,23.79003950652764
B-04280,M-10,Cotton,Op-05,Morning,1109.8781149487138,256.39351261413174,44.08031193474192,10.925312940678197,2025-10-22,39.60248831980188,31.25833840240201
B-04281,M-05,Silk,Op-07,Night,1449.5643852135845,220.00330161759618,30.304898208465744,11.354552423610752,2025-08-15,32.83903696281534,34.62843894722866
B-04282,M-07,Denim,Op-16,Evening,1357.808381764031,148.46099893930148,56.70653399528076,12.743446010895727,2025-07-31,54.0279677150378,32.85882424049967
B-04283,M-09,Denim,Op-17,Evening,1842.9728826070466,246.4124194138682,63.3577039463209,3.0827600666656805,2026-05-01,72.72661847928933,32.371558317310125
B-04284,M-01,Wool,Op-10,Night,1882.0108397073823,149.76631113317663,52.48858283085226,4.354226658916467,2026-07-31,55.659677734748094,35.0172613306973
B-04285,M-06,Silk,Op-09,Evening,1450.8370848386035,190.5049448445438,54.86360945384938,9.545420526817562,2025-08-21,71.11311513068556,23.609533921818468
B-04286,M-03,Wool,Op-16,Evening,1681.138609007275,189.4222814963565,38.86379973373163,5.52527007894996,2026-07-30,30.677216196220105,35.94210044668187
B-04287,M-01,Polyester,Op-15,Night,1035.9642041120753,167.20123261976244,26.627210597927228,7.982350631372734,2026-06-02,65.12497866095386,35.437262620010216
B-04288,M-02,Cotton,Op-18,Night,1494.6530525677535,244.13685005426305,55.428668692307085,5.156842643483341,2025-09-30,34.83107347685466,37.893314412889254
B-04289,M-04,Wool,Op-20,Morning,1472.1656133144372,111.7805030423956,72.11027464387531,12.45022280505497,2025-10-24,58.302707804302656,36.95768834635132
B-04290,M-08,Silk,Op-13,Morning,1935.6504813203633,271.21786927804146,85.26106553598966,1.1532632336391646,2026-07-11,74.28636041184782,21.50124627655291
B-04291,M-08,Wool,Op-14,Morning,920.2611029174354,222.01366770667352,24.32022502203399,1.5329552360983154,2026-02-02,68.5590848059114,22.23412244465943
B-04292,M-01,Polyester,Op-05,Night,1726.169003487952,239.06979930166702,63.764673378811175,1.0845977560129367,2026-01-30,50.15161672712744,20.838550339290162
B-04293,M-07,Silk,Op-09,Night,1953.422737629982,231.05225246015183,37.04099041969318,4.141214035645781,2025-12-21,47.76165160332701,39.53301111316935
B-04294,M-05,Wool,Op-11,Evening,1342.293609581664,180.09076173634895,48.880768847202624,11.756414170995102,2026-07-06,73.36946359899436,26.816745487005935
B-04295,M-02,Polyester,Op-17,Night,53.4502419600201,155.68889801108668,22.39110261822386,4.807171239382024,2026-04-22,56.9315823766152,23.080057470645997
B-04296,M-03,Cotton,Op-12,Morning,1013.3394633909014,123.61835163942666,48.76206340388971,7.659800297576895,2026-02-11,49.98379452209352,34.43619591771434
B-04297,M-01,Cotton,Op-20,Morning,1630.3378771086889,584.1641069863157,617.9124962389395,14.097297996501643,2026-05-08,49.606671627653355,29.483787218538257
B-04298,M-02,Silk,Op-15,Evening,998.3582988449241,215.71929393590926,21.81661028713294,4.360470181240623,2025-12-07,69.86876873850902,35.48397319058373
B-04299,M-03,Denim,Op-15,Night,1522.3311097151804,240.77470661898994,20.208300256337612,8.875159825466726,2025-11-08,60.02991911358351,31.489092765815915
B-04300,M-10,Silk,Op-05,Morning,1505.3980170706775,193.95500196773827,30.187139336922375,7.138401927579789,2026-07-11,72.99996093909004,20.464534269222355
B-04301,M-03,Wool,Op-12,Morning,682.1052497641195,107.06820892194516,24.92974145690897,4.859477967463266,2025-08-18,79.42381363973388,25.404583464151475
B-04302,M-08,Polyester,Op-06,Night,677.4483350610822,220.369526009446,33.80660617996662,14.782740763936387,2026-01-31,44.591876173023266,36.961512327511656
B-04303,M-06,Silk,Op-14,Night,1382.8311330811161,161.88022008560708,38.85842678880891,10.429437638588187,2026-07-26,72.24241031343094,23.427004859239567
B-04304,M-07,Denim,Op-06,Evening,978.7815651857615,156.67179939247598,33.41601534558002,13.051497650362418,2026-04-16,51.08270034109192,26.781526836078257
B-04305,M-09,Wool,Op-04,Evening,829.102369456072,145.9786981136158,10.080264158692565,8.284042232201065,2025-09-14,50.46363643230921,25.899647678446488
B-04306,M-06,Denim,Op-05,Night,1281.1613579577825,263.321841120215,56.67249600686686,12.91928087400481,2025-09-19,41.77199898630401,31.992824078949766
B-04307,M-04,Wool,Op-10,Night,1113.0888924143972,286.4273634615057,19.164808300859235,13.641699407813741,2026-01-07,40.40669487094047,25.179296658004077
B-04308,M-05,Wool,Op-03,Night,794.0815271820534,281.5724174346996,25.862649716550823,14.035930728696721,2025-08-16,32.59486205925655,31.872067113444096
B-04309,M-06,Silk,Op-09,Evening,1085.8214700866897,226.33951856462141,12.308462649048982,14.263149557151902,2025-08-28,38.51274413610731,22.408218194329113
B-04310,M-02,Wool,Op-12,Night,1045.7499617602152,167.5256954155732,26.859602140666883,7.031475634221015,2026-01-07,55.165501544047444,35.15647988060909
B-04311,M-05,Denim,Op-10,Morning,995.9196640418504,265.3757640519254,42.82918139690674,12.897153389151189,2025-08-01,41.63829821466766,26.293436454226168
B-04312,M-05,Cotton,Op-02,Night,619.1123664466472,165.1693560781476,16.71261783047241,7.276901498572057,2026-06-04,39.35358076002855,23.598283932213963
B-04313,M-08,Wool,Op-16,Morning,1631.7825871022835,268.0465959095255,65.704041938402,14.709291295506427,2026-08-20,33.699202504585955,24.333644022919856
B-04314,M-04,Polyester,Op-20,Morning,1310.8980590834926,165.53595479248364,22.398068183424208,3.8782552574614098,2026-02-10,44.0238775821224,28.585779006019038
B-04315,M-07,Polyester,Op-17,Evening,1946.338933815126,121.51768891997487,77.06072275783781,14.798084082849067,2025-10-21,72.09466430003363,28.46303235027478
B-04316,M-04,Wool,Op-08,Night,1507.272865544579,142.6573835897862,47.80436362501242,5.74698120566525,2025-11-03,55.6561281402729,32.75688359775454
B-04317,M-09,Silk,Op-15,Night,1209.4811915097107,689.8487939163836,416.695509680128,7.975702990130251,2026-01-14,51.71757599229852,30.82660155091432
B-04318,M-06,Denim,Op-06,Night,1396.224700596165,228.60353648280045,15.8392890601023,9.096897598274522,2025-12-10,31.34332610979116,39.9919676440004
B-04319,M-07,Silk,Op-19,Night,1092.7220123504806,121.02313565978669,45.94409618366845,2.3569983061730544,2025-12-03,69.67634758372418,28.518515587161538
B-04320,M-06,Denim,Op-06,Night,909.1797060212473,151.29255836124696,25.539258347615654,4.51723934540247,2026-03-17,60.80728132039596,36.299987796912
B-04321,M-09,Wool,Op-15,Evening,1068.8733359616235,294.71591084032985,14.884129465231835,2.6345565041629433,2025-12-04,54.33163410224462,28.16975506362869
B-04322,M-08,Silk,Op-05,Morning,902.3005431323288,105.68824251582241,27.846960058375373,13.277360045761398,2026-04-20,60.39247644952006,36.30036995740501
B-04323,M-01,Denim,Op-09,Night,1399.2647441328415,240.17089556183296,53.6772614938612,13.712162784499009,2026-04-21,34.587594391292285,26.618967894714537
B-04324,M-05,Cotton,Op-16,Morning,0.0,296.1614856980011,0.0,9.933442127921673,2025-10-06,39.679923887743364,22.384178228279133
B-04325,M-02,Polyester,Op-02,Morning,1150.8915341937613,138.96320665253697,40.29331234369697,14.074495220886416,2025-08-05,35.22621357821559,34.591421937141504
B-04326,M-05,Polyester,Op-14,Morning,631.6019965713377,167.74975912788844,6.424027056559675,3.099029653560149,2025-10-05,60.22492962665807,29.542260633548576
B-04327,M-10,Polyester,Op-12,Morning,1963.565849425862,169.91692997790807,98.11051616441635,4.6148614997187,2026-01-13,41.12214778970513,23.176317923471355
B-04328,M-04,Cotton,Op-01,Morning,942.6642018224072,181.10269944485634,43.29952433920529,13.198982826493245,2025-08-15,62.09437517714391,27.37388823490545
B-04329,M-01,Cotton,Op-16,Evening,1624.5863033204002,145.58010150833994,63.918529496655786,10.012345924398886,2026-07-23,76.11992491462007,29.92921756900825
B-04330,M-07,Cotton,Op-10,Morning,1956.655615983739,238.0828281790426,41.13326950641412,2.434141656725129,2025-11-16,42.22797754656447,31.90192874685298
B-04331,M-07,Silk,Op-09,Evening,1936.3125580837097,181.07040680443475,401.439988918721,7.401225680253111,2026-06-29,,34.03204186940235
B-04332,M-08,Wool,Op-18,Night,614.9568127318681,219.28911790157275,9.291408671455653,13.146120431116486,2026-06-04,64.28812208800281,27.629900200939044
B-04333,M-09,Silk,Op-16,Night,1724.5072803563658,288.34967244624096,51.8915925128806,6.435821871147707,2025-11-28,66.43210945920308,28.215268797815114
B-04334,M-05,Denim,Op-14,Night,1754.7145709246147,116.68486844223071,62.778691650191035,8.42469488301387,2026-03-11,40.73101373356113,26.796118909915247
B-04335,M-04,Denim,Op-15,Night,540.8426185052725,218.76501979463254,21.326757166432973,4.968191352352496,2026-03-17,63.474218040403606,22.831627038261082
B-04336,M-01,Wool,Op-20,Night,1468.4595796444673,294.2483665760702,53.17988546693952,13.757295085614071,2025-10-15,44.16514315998512,20.54633145450874
B-04337,M-07,Silk,Op-06,Morning,1404.3310835070088,105.48575375328922,401.60363985337267,2.717485408836297,2025-07-29,,31.69403409071971
B-04338,M-05,Wool,Op-18,Morning,7494.947332982865,176.9147892810499,109.58696747082183,1.6048401009304363,2026-08-14,53.46359231814645,35.06166919346411
B-04339,M-06,Silk,Op-15,Evening,1072.0459627723496,286.4203919948729,42.17775255142451,4.214575791276006,2026-05-16,45.987722495636326,34.93654350926142
B-04340,M-04,Wool,Op-05,Evening,1868.3034320373986,177.62373814407508,76.1767534992707,8.204382134240078,2026-07-17,53.36962306102388,38.55504342044907
B-04341,M-06,Wool,Op-06,Morning,1747.1626697507725,126.61965376588218,21.670991769503058,12.085853700154239,2025-12-27,51.64893830287485,20.466773656612943
B-04342,M-01,Silk,Op-18,Night,1516.8619096022667,174.40248822919398,16.484042451916547,13.153618025128726,2025-10-05,,34.68546267751733
B-04343,M-06,Wool,Op-01,Evening,1530.332467754003,138.47049454647123,43.22258096074907,6.916155961854769,2026-03-25,61.23676010614814,37.454356825913855
B-04344,M-08,Polyester,Op-03,Morning,94.5405706899623,256.5931325601266,52.37200008390383,6.803539179917617,2026-06-20,55.04900817164514,34.009700200996264
B-04345,M-08,Denim,Op-14,Morning,874.1238221034955,296.2359906377951,35.424626985610274,3.511464936254663,2026-02-20,75.70433368522009,26.48946916646222
B-04346,M-02,Cotton,Op-15,Morning,1184.5648898719178,247.29347749000044,52.83841630252814,3.1809626711511276,2026-02-06,43.47532291932414,21.997156489440513
B-04347,M-05,Denim,Op-08,Evening,944.439481654249,238.89524588333268,43.1803372531887,12.483096768381394,2025-10-21,75.07091181896729,22.125942306234357
B-04348,M-06,Polyester,Op-11,Evening,795.8791665960791,247.38040231819232,23.618781213680382,11.203886271104556,2026-01-12,30.42515708704771,24.412478166205084
B-04349,M-04,Wool,Op-12,Morning,1130.0520599949232,283.7146959769219,54.89127969636086,6.036372173035324,2026-02-10,76.84918574179812,29.188586367850622
B-04350,M-08,Cotton,Op-04,Evening,1606.0322150372917,265.8669183264312,35.17987883699469,2.468276436886014,2025-09-15,59.30707166211839,22.854007196587016
B-04351,M-02,Silk,Op-04,Night,1435.348109250902,245.24514093877815,18.87930575683553,1.5485729481575117,2025-10-19,56.54718655361823,31.30627972579773
B-04352,M-08,Denim,Op-05,Evening,1251.0320513011452,242.7684560099653,54.20607825557886,1.7451819882574335,2025-08-25,68.0133888161981,31.528530098082737
B-04353,M-06,Polyester,Op-08,Night,827.0938592811049,266.6547368426237,37.25299663241523,2.3238536537445516,2025-07-27,50.19148482223357,23.98969583049297
B-04354,M-01,Denim,Op-06,Night,1557.3797244526606,105.07235543214564,54.83873378788565,1.1333269785953857,2025-08-16,44.56246272408349,22.865662285611307
B-04355,M-04,Cotton,Op-19,Night,1495.6954008238397,288.3901807322735,36.435015316978905,14.328558943641772,2026-07-29,62.94483527056728,20.113502257054176
B-04356,M-04,Denim,Op-08,Evening,1269.7122698708993,199.83595130169317,18.228397353092802,9.446768813031174,2026-01-17,78.02757414023802,37.703853839103076
B-04357,M-04,Silk,Op-16,Morning,898.9705870900898,266.62188348392726,33.155379346599986,12.540296723468899,2026-03-30,43.768536206083546,34.61176061372239
B-04358,M-08,Silk,Op-08,Morning,1210.2859474549423,140.29099053580586,46.22335442231687,13.441004532517207,2025-10-15,63.89255921534174,23.379858497567493
B-04359,M-05,Wool,Op-16,Morning,1612.1505793654699,277.37605702420814,54.857543594847854,4.1197495733870895,2025-10-22,79.43770527067034,23.067868450538423
B-04360,M-10,Cotton,Op-18,Evening,1485.7647579102177,183.7905790531721,44.394707914810375,7.650527922785411,2026-03-02,74.54550483610687,32.90548459330924
B-04361,M-03,Silk,Op-17,Morning,692.524343650287,101.46752504462692,33.71530743420329,2.7495606541256685,2026-06-22,77.80922837382528,35.281735659826616
B-04362,M-01,Silk,Op-04,Night,553.5630645622578,236.04408077172786,7.656117294400956,1.620109369647852,2026-01-13,69.10282344344117,27.619003454703886
B-04363,M-03,Silk,Op-13,Night,1352.069962681273,156.0240393202776,67.19598850783318,10.234035186205459,2026-02-03,62.90873797568952,34.100149482415056
B-04364,M-02,Denim,Op-04,Morning,1080.046564921108,193.06309489702016,47.223028039828236,12.264563814354773,2026-02-18,58.91850115109427,20.745144213755992
B-04365,M-06,Cotton,Op-01,Evening,577.2480229070615,134.16402729835687,7.04306579289639,2.4291195376386208,2026-01-14,33.89635664405601,20.513697506094204
B-04366,M-08,Wool,Op-10,Morning,1163.658783768215,150.5704539965228,12.518601880161189,2.7715163678634624,2026-05-04,62.9352771363263,24.52223821268517
B-04367,M-04,Silk,Op-20,Evening,1127.6296756509914,162.086598395661,39.082702763471985,5.460462038850898,2025-11-24,52.263501409078074,33.37827854468556
B-04368,M-09,Wool,Op-04,Evening,1905.8924146833133,203.54333326050428,29.79106350915157,7.6159787361510105,2026-08-20,40.67072176084485,35.10762577696313
B-04369,M-06,Silk,Op-14,Morning,1236.6993347307262,184.2644396774889,20.667683030066517,10.216212297661645,2026-04-15,75.88107349783294,38.93191182996445
B-04370,M-08,Polyester,Op-19,Night,892.7258274007672,262.32706399294136,30.421416327976736,8.255916674288699,2025-09-23,52.65172841778659,34.21250904761412
B-04371,M-06,Wool,Op-09,Evening,1956.071081632002,216.79493045765338,67.49814925691263,7.523633568861546,2025-11-14,57.14086810390879,36.170796333939464
B-04372,M-08,Denim,Op-04,Evening,1470.5721370800766,504.15429065191455,431.5627159549097,9.657536781956402,2026-02-11,49.01426241672699,33.82652054025593
B-04373,M-08,Silk,Op-09,Evening,54.60613040730368,199.8082915442258,26.538708261021508,11.914695903095451,2025-11-09,52.54418482138072,39.666431952744716
B-04374,M-09,Wool,Op-06,Morning,1312.5635373108785,169.8187463364923,46.27408776923272,4.391936241651425,2025-11-11,63.60293456927445,27.542501997125044
B-04375,M-09,Silk,Op-02,Morning,1668.6071728981638,252.20052555200473,74.80734736373114,6.254330348899678,2025-09-06,58.39491144750873,28.99316448885485
B-04376,M-08,Polyester,Op-17,Morning,1818.1377196999988,168.74831657760734,59.216742240744445,2.28432427030223,2026-06-02,38.379124166200974,27.340034842617676
B-04377,M-09,Cotton,Op-12,Night,0.0,166.27420925720003,0.0,10.344987674735801,2025-11-22,,38.75479967347512
B-04378,M-04,Cotton,Op-01,Evening,737.8478441665269,215.9337825955255,19.861258704865982,8.586537234737758,2026-05-20,73.53500554492103,27.006061104259487
B-04379,M-03,Cotton,Op-07,Morning,1397.9885832297405,204.88506234840509,20.78372252507213,11.066232293672439,2026-01-07,32.01944954562479,31.270320384139197
B-04380,M-03,Polyester,Op-19,Evening,972.813488779582,232.32537230647807,35.05261962773867,3.203798808290488,2026-02-15,45.44209177523145,34.06012965670624
B-04381,M-02,Wool,Op-18,Morning,636.5595038146071,215.4536986984648,18.058207185124573,3.061562466860952,2026-01-11,,25.045427574289853
B-04382,M-10,Silk,Op-05,Night,664.0202349472837,298.7293935837133,33.053970306950895,3.315173854756016,2025-11-14,69.06563142143023,36.596776900464505
B-04383,M-07,Polyester,Op-18,Night,1142.9798267784026,274.81890402786803,14.173444481422477,14.405552146235914,2025-07-29,38.644707244733354,29.588721781190653
B-04384,M-02,Cotton,Op-20,Morning,1431.0860180363024,216.28123137131328,60.46208621707379,3.8577679852847604,2025-07-29,69.8951379447063,20.7453744552708
B-04385,M-03,Wool,Op-08,Evening,539.9679367458011,231.36576242727006,11.456063411751607,2.102773194808618,2026-02-04,42.56127596561615,34.43826698623671
B-04386,M-01,Silk,Op-11,Night,1266.7607730766022,283.0496539040229,212.68643000431595,1.6948809565120968,2025-12-21,70.55398968678367,21.30543997136979
B-04387,M-10,Cotton,Op-20,Evening,1991.1534248160892,136.0372638663067,70.17211299505477,13.554665847587755,2026-07-25,79.5466081473277,27.675695408245957
B-04388,M-09,Wool,Op-04,Evening,1668.6368806454188,178.52901636724164,68.79875044471798,3.265397966969302,2026-03-12,51.68813718962806,35.437752900058896
B-04389,M-08,Polyester,Op-17,Evening,845.8081882563699,134.99312797814932,10.028625399406485,13.887849829404896,2026-03-08,32.19995152791553,34.694769515301736
B-04390,M-10,Polyester,Op-14,Morning,1756.8500762914819,281.0829626672204,38.542693117973954,5.163867739207386,2025-11-18,33.696782175834876,29.613690726948573
B-04391,M-08,Polyester,Op-01,Morning,1125.7042142155685,232.99709069773604,223.94908643996584,3.9375645032820374,2025-11-15,47.84757847570432,35.651249805853475
B-04392,M-04,Silk,Op-15,Evening,1496.4524003898928,253.0625845783933,63.02154293603875,9.294798133339025,2025-09-10,41.97484162505042,20.004905810239862
B-04393,M-06,Denim,Op-17,Morning,1733.9503329742467,559.4002202660762,550.5733761381703,2.072133039146593,2025-09-02,59.26111437540231,36.420413425432145
B-04394,M-09,Cotton,Op-05,Morning,1739.4599409513169,109.77399174141311,62.622901569486906,9.357317040250301,2026-02-14,62.1586897669671,32.04734078696559
B-04395,M-08,Cotton,Op-01,Morning,1447.0629614062318,126.0807769960698,51.21124093406358,4.289114877284815,2026-03-04,60.94970026445051,20.353863222735416
B-04396,M-05,Denim,Op-02,Night,1498.0799356775478,147.83495197233168,42.72368247396382,9.373859616543955,2026-02-24,56.70450303618823,25.213830963062275
B-04397,M-05,Denim,Op-13,Morning,1864.4367941182722,185.32055609197658,24.708118482205627,9.817818476313024,2026-07-31,31.76754105203471,21.556002266441975
B-04398,M-10,Cotton,Op-02,Morning,1667.3611454396682,170.05137896069056,33.113293812136654,4.186563637121387,2025-08-26,67.36622842258613,23.39920125112349
B-04399,M-09,Cotton,Op-09,Morning,9422.657198140012,166.28761380292264,182.77111908134074,9.19549095451302,2026-08-04,46.89203095374238,27.85903271717784
B-04400,M-08,Polyester,Op-07,Evening,1797.246399056949,213.9457338678234,57.583809547104906,10.047265006519375,2025-11-16,57.85865832774702,35.7117616810584
B-04401,M-06,Silk,Op-12,Morning,666.6154468261708,261.916024091372,13.908719386709521,11.648192389485509,2026-03-11,71.01502976413127,23.808589267795238
B-04402,M-07,Denim,Op-09,Night,943.627545895295,201.6161072371347,19.429771024699406,2.874279178288437,2025-12-26,49.26908766374336,23.643163221580593
B-04403,M-01,Cotton,Op-06,Evening,1559.581451837641,270.96223126345626,20.913940170503466,1.320682132360574,2026-02-28,58.29484816775002,20.721195241245344
B-04404,M-06,Polyester,Op-19,Evening,62.485820681750134,247.12162130042333,26.67522368797347,12.395729424419184,2025-10-06,53.71207558851525,37.19614964032377
B-04405,M-05,Silk,Op-02,Evening,1696.3058908728149,145.7350236773238,20.009643098744196,3.177157398616139,2025-09-20,61.15553437940281,21.541640527213488
B-04406,M-02,Cotton,Op-17,Morning,660.0764728286883,100.04817679743351,12.752808096794224,10.757862159105095,2025-10-29,58.11176608572393,24.197502180754476
B-04407,M-06,Silk,Op-19,Evening,1716.4528977050595,200.3640231720601,83.79055694398183,10.779396999144355,2026-06-05,52.63777256374578,24.754360520415844
B-04408,M-05,Cotton,Op-20,Night,1348.4713450630961,126.19638075358247,63.83339656369075,6.6852605905746945,2025-10-17,46.466870597345036,24.281749371770427
B-04409,M-07,Denim,Op-15,Evening,1821.3799931896287,139.8294233040233,61.31237614874998,5.9300704467772345,2026-05-20,68.11576958354108,24.17012096280431
B-04410,M-10,Polyester,Op-15,Morning,1549.6909131872249,230.79446514215329,36.97555635263638,10.889720963857007,2026-04-17,65.33497945143814,39.29611839697857
B-04411,M-05,Denim,Op-13,Night,1817.8856365637594,104.36141250302136,25.507871055915494,5.0348414865259645,2025-12-06,32.43278909995658,33.024079199116805
B-04412,M-09,Denim,Op-15,Evening,1768.5602954780695,229.31833675805194,64.45489754108989,1.4034156147504797,2026-03-23,65.73886827173115,37.24069894513922
B-04413,M-07,Silk,Op-06,Night,545.7863239025482,271.5839096920813,15.933034956810303,11.25449478107649,2026-07-24,48.92256562419921,26.572605166310055
B-04414,M-04,Cotton,Op-05,Evening,1800.6526264068063,150.4118703739115,83.62209349417026,2.413493357376816,2026-08-17,73.2318186480525,20.52579697761446
B-04415,M-09,Silk,Op-11,Night,958.6177914521011,201.64454033765355,45.022657410213604,2.852137346531193,2026-02-20,75.11274846883427,34.9967244676881
B-04416,M-02,Polyester,Op-14,Night,1524.8435766772436,136.93875534846524,71.75666464974165,5.31573804180749,2026-07-12,54.34242875517367,32.14516410720414
B-04417,M-04,Silk,Op-19,Evening,1075.9271986837084,240.61440438142918,28.865236138332495,14.454123884751505,2026-07-03,37.61870317077265,37.25419177559097
B-04418,M-03,Silk,Op-17,Morning,1598.6326638940052,158.70766774741674,68.00280093064517,5.675779055724021,2025-08-09,31.356661243403305,39.42808306333919
B-04419,M-03,Denim,Op-09,Morning,640.8769368893308,299.90175913275493,16.39238050248707,9.47034436084118,2026-03-10,72.68643189821915,21.333215265557378
B-04420,M-01,Polyester,Op-07,Morning,1504.4766834554148,121.2867437399403,33.114725505915,7.8446397411560085,2026-01-02,52.13389372720708,24.320804489471595
B-04421,M-01,Denim,Op-13,Morning,87.71235922484581,157.7296972019872,35.73107663531595,3.9879658755577543,2026-03-29,56.81045855341667,33.419160681405955
B-04422,M-07,Polyester,Op-08,Night,1090.6406005693448,254.79161595661805,28.21032680213953,13.667929425201812,2026-02-21,60.11000616663917,21.046137070193712
B-04423,M-08,Cotton,Op-06,Evening,611.340673802682,249.7075725369169,17.426837317455476,1.8890765699433132,2026-06-11,39.286553336758864,28.339168479295484
B-04424,M-06,Cotton,Op-16,Morning,1109.7225504725184,192.6793293212,24.563453752714747,10.985348128282798,2025-09-29,48.463441147777075,30.955009183012383
B-04425,M-05,Wool,Op-12,Morning,1030.441242635724,222.75979180841617,43.42584759007017,7.86692512291828,2026-02-10,66.15181474296406,31.210771761034994
B-04426,M-08,Polyester,Op-06,Evening,1165.1123194920747,198.20672397336028,40.77153243991252,10.379598884613154,2026-08-09,41.06219722060244,27.718590738625217
B-04427,M-07,Cotton,Op-04,Morning,543.3144038986046,187.39428672678832,24.4929732543664,9.383899108285636,2025-10-18,,39.34751063956396
B-04428,M-03,Polyester,Op-09,Morning,921.1129294139872,201.44202080578495,13.754574537529273,1.7898012172412783,2025-12-11,42.03772074089036,35.4971173613618
B-04429,M-04,Silk,Op-12,Evening,886.5357872509348,288.8085003471616,35.44744857179194,12.533981206894412,2026-02-03,69.0913856324456,37.29114980604314
B-04430,M-04,Wool,Op-19,Evening,680.8793241773524,203.31226529704628,19.449704699244865,7.219414891232508,2026-03-28,45.557578913519,36.680808194392114
B-04431,M-04,Polyester,Op-17,Morning,590.4464020363246,651.9947725036116,194.86066001302498,4.200694812412231,2026-01-04,74.37394424056419,32.948762012779994
B-04432,M-01,Silk,Op-09,Evening,1632.3133201656872,210.87694116630198,81.31155406266305,14.135995812136548,2026-02-19,,39.536683413007694
B-04433,M-06,Wool,Op-20,Night,1504.086665132967,286.5240933511757,413.0627220046135,6.662715734311366,2025-10-07,72.97961956236927,38.18348597479362
B-04434,M-03,Polyester,Op-07,Morning,7826.99758992336,131.78149639614688,160.38585624378754,5.675388988822242,2026-04-01,68.36442846490465,24.657710226599505
B-04435,M-01,Denim,Op-19,Evening,1903.588322568198,232.2986040828635,39.11216222271159,12.008183425082231,2026-07-07,59.093917394581666,36.671606377239264
B-04436,M-02,Silk,Op-05,Morning,814.8165075031839,285.2640097515939,20.425730883174218,10.708732269003297,2026-06-10,63.57627885291106,29.345904772569
B-04437,M-02,Silk,Op-01,Night,1333.5367917179583,124.11326988433342,47.19043263449079,7.365975855163509,2025-07-29,52.768385223274045,30.766730258885303
B-04438,M-03,Silk,Op-08,Morning,56.66318614422078,230.43382541835138,29.234469212068245,13.37215212734776,2026-06-12,57.81519307345819,32.5385576525498
B-04439,M-09,Wool,Op-06,Night,1093.5693049370439,259.76210397310035,17.393665320472603,8.604490248238465,2025-09-24,74.1145519475669,39.446633569245826
B-04440,M-02,Polyester,Op-11,Morning,1092.24162748344,232.99620504760617,53.754823258612184,5.276842575604896,2025-08-04,43.35161688607476,36.27477121257674
B-04441,M-10,Silk,Op-17,Evening,1660.704996871222,204.7353245608227,50.01299831954493,7.195157247234406,2026-01-31,56.98238602651824,29.256794043754716
B-04442,M-10,Denim,Op-15,Night,805.1795757938415,524.3478232680843,294.073910377128,11.563490021325753,2026-02-23,64.048871134661,38.99849941948946
B-04443,M-10,Cotton,Op-13,Morning,1997.6254454738823,215.68648760403988,63.12608164927177,1.8233314307775461,2026-04-28,69.02340200774705,21.474980976916832
B-04444,M-08,Polyester,Op-14,Morning,916.2987113157906,283.0053561184791,23.360580567856267,7.31863698563279,2025-12-20,74.92316742392767,25.98162170509135
B-04445,M-10,Wool,Op-19,Evening,1920.6787823706209,140.26289018632707,29.140259693559912,9.099016123116032,2025-08-30,49.425516428005565,35.483337701374545
B-04446,M-09,Polyester,Op-03,Evening,1155.8224535070026,239.78652536905264,34.822541563289136,6.698227290086237,2026-01-18,32.926586963768834,34.10224522670688
B-04447,M-09,Cotton,Op-07,Night,516.9630300201508,222.5311790456746,20.23742522009768,13.878334315403011,2026-03-14,35.551297410584446,31.81342470018338
B-04448,M-01,Wool,Op-10,Morning,606.1605052104582,104.52309163283726,26.347063916252477,7.498742133029262,2025-08-24,69.55933436171819,23.214388201986566
B-04449,M-10,Polyester,Op-09,Evening,1484.8658831353941,166.43465755769714,361.8216997164476,8.221561178894293,2026-02-10,78.27874898633692,24.328739412646776
B-04450,M-06,Cotton,Op-09,Evening,707.0219082134994,108.70441772466192,29.801537706546704,1.188439341040598,2026-06-08,46.23464283000081,21.478945889697307
B-04451,M-04,Silk,Op-18,Night,1995.979290742619,112.26076434689281,45.741662671077286,7.058167863068155,2026-04-30,31.286606149128737,22.679817815145263
B-04452,M-10,Cotton,Op-11,Morning,1090.5473195864747,287.956589285728,21.618284556108073,6.541715322596542,2025-08-02,,29.925553181148043
B-04453,M-09,Polyester,Op-12,Evening,99.97052939283185,279.866891346627,42.75668755138277,2.1440065985082675,2026-06-22,78.21244205181145,22.616882082005205
B-04454,M-02,Wool,Op-14,Night,1135.9146274097363,256.0847337942953,22.105813845504954,1.4506620978995557,2026-03-25,64.48913755700222,21.60746675781599
B-04455,M-03,Wool,Op-04,Evening,740.1142437400406,281.4672863293872,17.649679789673566,3.526394034943532,2025-11-20,32.02170477575786,31.752513568955244
B-04456,M-07,Wool,Op-05,Night,79.67258695852802,123.8125489725094,44.27560667485618,11.475282880064723,2026-06-17,60.0776824821759,27.2843408949656
B-04457,M-06,Silk,Op-04,Morning,968.5959258007924,105.17207670771941,10.204206097763002,4.000815786541776,2025-08-11,64.11989094464147,39.78192754913846
B-04458,M-02,Polyester,Op-14,Night,959.2303431981511,112.40417408976776,12.683357962443717,5.42889002868245,2026-01-31,50.29571715637106,38.4172418389251
B-04459,M-01,Silk,Op-19,Evening,1665.701079598655,179.10687921259267,79.70085734367086,12.357679895336988,2026-03-26,55.67010926628107,20.785640776868203
B-04460,M-06,Polyester,Op-05,Morning,624.1010951517827,219.53670050675123,26.818619513011317,13.28734868106922,2026-01-19,33.988489887509694,31.077867768320257
B-04461,M-04,Silk,Op-02,Night,1979.4870629686936,244.86548016280426,75.21781724884207,4.8966812564861115,2025-09-21,64.97851649227047,34.115335386152786
B-04462,M-05,Polyester,Op-04,Morning,1781.3906556396587,117.47601250389819,51.007530492662255,2.5178778358160674,2025-10-20,62.0308562112779,39.077621921963754
B-04463,M-06,Polyester,Op-03,Night,1940.8440524385128,287.6170519032308,83.05953787236515,13.640736335280474,2026-05-24,75.49254874320427,37.966375866559716
B-04464,M-08,Wool,Op-15,Morning,1542.4684379079954,104.88163571852165,22.625036156740254,2.8515502901847345,2026-01-17,36.71160272657336,20.4708056855918
B-04465,M-04,Cotton,Op-15,Night,1879.6196503506594,232.76085738215718,55.514151875986904,5.369022256135914,2025-08-15,,35.867200244733596
B-04466,M-05,Silk,Op-17,Morning,713.1905553738148,276.9004162452985,21.397749273519175,5.741267247310615,2026-02-18,64.94296152649471,25.811883209992146
B-04467,M-10,Cotton,Op-01,Evening,1724.3790672956231,131.35546928487355,80.42679990012027,14.681519533349897,2026-04-18,33.51079614303631,30.680178194810082
B-04468,M-04,Cotton,Op-10,Night,89.8177613396591,146.4217925759552,45.99126956307753,3.015789737007321,2026-05-31,66.22015001589455,20.83947136552474
B-04469,M-05,Cotton,Op-05,Morning,782.0198986610076,197.40885989399266,18.338800790491565,13.897846030284501,2026-07-28,60.86064890221384,34.429812551380394
B-04470,M-06,Cotton,Op-07,Morning,782.7256627514266,151.1284459799207,29.987532845339373,8.46448631264413,2026-02-22,44.01100768053519,30.839295748522023
B-04471,M-08,Silk,Op-04,Evening,1601.5938142554521,132.9369879322187,19.787510600774876,11.506031883674083,2026-06-29,63.63440697961796,20.240102667374135
B-04472,M-05,Polyester,Op-15,Evening,1469.3742527905706,176.7407799127419,70.9715971623702,3.0454559940593224,2026-08-01,32.21982795848166,23.187966813448618
B-04473,M-02,Cotton,Op-03,Night,1591.3484623564545,205.54108418685877,33.905386094027556,14.181567000764286,2026-01-17,60.9555218840802,34.512903765613345
B-04474,M-05,Cotton,Op-02,Evening,1383.4727653837936,128.69544885956805,17.977876045353224,6.662764032768855,2026-07-05,31.662016249330506,24.33256175165361
B-04475,M-03,Silk,Op-12,Morning,0.0,268.607032927698,0.0,6.2910774888307435,2026-06-26,71.58198129973218,33.12996625157775
B-04476,M-03,Silk,Op-02,Night,1883.2341392662286,110.84016176840666,36.93556648818658,10.644782247783414,2025-09-30,61.06199464046844,28.820830445130536
B-04477,M-07,Cotton,Op-20,Evening,1146.0439052679003,274.5545451106841,29.205973508779277,12.714725543569358,2025-09-16,77.06906249885145,26.15586413250496
B-04478,M-01,Wool,Op-20,Night,528.089228989795,288.58999894400165,16.404530648859097,5.611461285441764,2026-04-28,50.20819107664966,38.15609222894789
B-04479,M-01,Cotton,Op-20,Night,1349.261812633217,135.24656763018336,27.261368869781638,7.981240291461162,2025-09-12,75.91043004543872,31.17436176215852
B-04480,M-10,Polyester,Op-06,Night,546.7712962021443,167.26035469081359,16.915219230161266,9.016272796902411,2025-12-04,32.13066441854151,32.195851545823125
B-04481,M-10,Polyester,Op-12,Evening,1675.1532037498564,105.77763445439237,81.43810746522081,11.931862827462323,2025-10-06,56.043852287905345,27.41058665559423
B-04482,M-08,Polyester,Op-18,Night,740.1793208540796,208.2650238182213,10.05010295936837,5.493740630294698,2026-01-18,56.37431893976679,31.045509051608242
B-04483,M-01,Silk,Op-03,Morning,1491.7027203775247,226.89629918380237,53.70789721020216,11.772541844882495,2025-11-11,34.53292468295855,25.94517093807376
B-04484,M-07,Denim,Op-16,Evening,0.0,693.4282145681264,0.0,1.8263739514859219,2025-10-15,46.74657764798138,36.93422244665038
B-04485,M-03,Silk,Op-02,Night,1563.9043162583007,203.8750210421606,41.2164205652323,14.716045005401012,2025-10-19,64.74280398946598,32.02734353626006
B-04486,M-02,Silk,Op-15,Night,1853.6187478685756,159.14181912099855,42.1879010891082,1.1290743189526375,2026-05-28,39.837026121617995,22.190349838847183
B-04487,M-03,Cotton,Op-03,Evening,1738.8180161876826,230.30593707300147,53.04887718506844,3.3657282492719753,2026-06-11,69.44108605461693,30.084397321988057
B-04488,M-07,Cotton,Op-18,Evening,0.0,272.92327296440465,0.0,5.4565822539810975,2025-10-31,34.706988033484436,26.0545798794389
B-04489,M-04,Wool,Op-01,Night,1486.3728302049933,137.60343071071557,36.63312320361823,2.5649801874691884,2025-11-10,63.043287920087316,33.52753671309824
B-04490,M-07,Cotton,Op-17,Evening,1764.2020752936196,295.64104075998335,67.96090256360878,3.8790331282915353,2026-05-02,58.853435785301414,20.106926580078785
B-04491,M-07,Denim,Op-16,Evening,6670.392208345586,138.65384538063296,162.59904657610355,11.531106904701266,2026-08-23,70.53243987780402,22.223330023518745
B-04492,M-01,Wool,Op-02,Night,1690.1292907829495,209.21249932609155,52.653839987974045,9.13048286829773,2026-05-08,,35.997164435057826
B-04493,M-01,Silk,Op-12,Evening,1416.7317353394508,203.24346799531185,21.418799895463593,13.326415267147857,2026-03-29,41.77583092925444,25.27987169081019
B-04494,M-04,Denim,Op-03,Evening,1729.2001272416326,182.35545811247147,84.5224502167138,5.870515172337413,2026-08-03,79.06743585435781,38.53606732879571
B-04495,M-08,Denim,Op-03,Night,713.4484951380392,278.2503626296333,21.66589982642544,5.6019343914243205,2026-06-28,30.632838510593125,27.825966719661373
B-04496,M-07,Denim,Op-17,Evening,662.3306353511081,207.53552337485127,15.966004704116399,12.47249017847424,2025-10-19,,27.553019016783878
B-04497,M-02,Cotton,Op-16,Evening,1008.2156303460162,284.6188891767384,165.75855357319838,1.6826133830627874,2026-01-15,52.253807099647766,25.291989082994338
B-04498,M-08,Silk,Op-07,Night,1117.164150020616,181.36323040621716,17.17778976029256,13.437521845658317,2026-07-05,40.774672252048475,32.89790820603223
B-04499,M-06,Cotton,Op-18,Morning,1930.963571120814,218.60299185445717,35.73645322283416,9.767594224489384,2025-11-14,51.68867008302361,26.845654253326444
B-04500,M-07,Denim,Op-12,Evening,1405.9816307483884,290.9123490696476,66.70685588449965,6.037073357293642,2025-12-29,74.15784443310271,22.975526256944995
B-04501,M-05,Denim,Op-10,Morning,1025.7294258471147,175.94544231866914,29.934419204364453,7.479791598480595,2025-10-25,65.91221349738251,34.393068673780704
B-04502,M-01,Polyester,Op-16,Night,1284.7293489709039,106.00209755482824,41.53785735633076,5.2601538218165595,2026-07-13,47.30085371153047,31.174545374515187
B-04503,M-04,Silk,Op-04,Evening,1564.8496965918098,243.40545924361618,60.475925279415904,4.292950138969162,2026-08-23,68.50935755524124,20.39207136092564
B-04504,M-06,Cotton,Op-13,Evening,653.0916552791347,245.9296416842438,7.481056073425845,8.37965326795766,2026-07-15,51.86272503415461,33.81332779522858
B-04505,M-04,Wool,Op-10,Night,835.2054885133675,223.28802849353082,25.682115615646882,12.861015692831451,2025-09-18,49.055381847255845,25.17522945267114
B-04506,M-03,Denim,Op-15,Morning,1433.4728785802622,184.0206062811493,27.124400567058384,13.27394955723657,2026-01-19,56.17193544300067,20.7164717514117
B-04507,M-07,Cotton,Op-06,Night,1175.9705463767218,239.54510380338667,36.806947055632655,4.076531413096244,2025-09-29,78.81287198587106,26.37116516376167
B-04508,M-09,Wool,Op-11,Evening,528.4495770965617,276.97814428616084,11.960711355326273,12.043685149352568,2025-11-24,39.77290021477963,38.664733824796855
B-04509,M-04,Wool,Op-15,Evening,1538.2794325701757,263.79526360332,76.58241174668598,11.372802457320532,2026-02-28,75.87913920149205,37.28549520681417
B-04510,M-08,Denim,Op-03,Night,773.9171188642183,160.95236024534,10.02774827485785,9.90716214404282,2026-03-25,66.65235929457918,30.692101091114182
B-04511,M-04,Denim,Op-02,Night,1762.3928402005731,292.1748712042544,34.35249328991902,6.677235813569526,2026-07-27,41.240624084942304,20.38627509924175
B-04512,M-04,Cotton,Op-17,Night,78.4948519585151,282.3178775345461,42.62660464598286,2.3091829300447215,2026-05-08,57.662959358096494,33.91062497023665
B-04513,M-08,Wool,Op-11,Morning,1756.5788647030652,190.49997016399618,30.72704334507957,11.470001064865448,2026-05-16,45.089148586992486,24.260934935443174
B-04514,M-03,Cotton,Op-14,Evening,1038.3090977385893,107.17593635776981,13.437954435522656,4.961885727313496,2026-02-02,62.61114122216141,32.958380943202734
B-04515,M-07,Silk,Op-17,Night,931.1234256209302,213.91153293558432,9.656376735741395,5.45972992504344,2026-01-11,50.899401209443674,34.256215142315284
B-04516,M-03,Wool,Op-07,Night,914.5903161326457,128.47444875700333,28.428707781423114,2.7865285587028845,2026-03-12,77.95201082236235,27.531206631248356
B-04517,M-01,Polyester,Op-19,Night,1600.732830604449,109.48949497201004,39.88711962099994,4.374316939807777,2026-02-04,71.60738936718562,37.239812263557624
B-04518,M-10,Cotton,Op-17,Morning,1062.2923994776525,251.3793754217764,27.08185857055231,5.130983174498168,2026-04-18,35.85470405699991,25.150709004811667
B-04519,M-04,Polyester,Op-18,Night,578.3070643926474,712.6713824128499,122.3809539625499,11.360105178818898,2026-05-05,55.687257224023085,21.43790681029014
B-04520,M-02,Wool,Op-02,Evening,589.7707845903328,174.12028063619653,12.675952895517174,3.7294954977319272,2025-08-31,76.73903956542102,31.62687207479486
B-04521,M-04,Polyester,Op-09,Evening,1557.1650936724263,174.98581027186577,18.80283739489091,2.8496190213061405,2026-07-22,41.86161149217902,32.85494568918752
B-04522,M-02,Wool,Op-07,Morning,909.0335600720955,141.66229552843492,35.1202064513365,3.815891549471448,2025-07-25,64.13812059879857,36.51633833508729
B-04523,M-06,Cotton,Op-15,Evening,1468.5917237007684,283.29035436357276,36.56509328214885,1.8174933259401558,2026-05-06,38.37415429881204,28.28813711341064
B-04524,M-01,Denim,Op-17,Evening,5216.7660705976405,141.29098100854122,170.61673428895244,3.0930464181231967,2026-01-11,55.4596623728964,38.56105048137587
B-04525,M-08,Denim,Op-02,Night,936.6573582907624,149.01900146097842,31.39885528533036,5.539612009771469,2026-05-07,66.19077619539382,36.37638773740608
B-04526,M-08,Silk,Op-03,Evening,983.7181305793274,162.09564662345565,10.898598210501218,2.7403168986764825,2025-08-01,76.66505241175972,32.76278797937639
B-04527,M-02,Silk,Op-17,Night,1493.550642780021,189.43068483870158,57.956403406544084,14.615811482656872,2026-06-08,70.95344124032036,23.426315076655964
B-04528,M-03,Denim,Op-12,Night,1228.3490057528952,137.40903273398564,44.05291670408437,10.782358702619288,2025-12-17,57.36937893471227,20.60747757543141
B-04529,M-08,Silk,Op-03,Night,1452.480634793661,128.81703221029252,64.0673740735695,5.885828177953701,2026-02-15,59.294948537551996,22.7756602821346
B-04530,M-09,Polyester,Op-11,Night,541.2290694315557,120.56748299387098,14.152940917597743,2.625496877968377,2025-09-26,56.40535629875276,32.4022802433725
B-04531,M-08,Denim,Op-13,Evening,933.0002415022493,261.86347512511145,10.789796193846692,1.956003772169882,2026-04-16,,25.605837222655836
B-04532,M-04,Denim,Op-09,Night,520.835202449402,170.67597738644025,8.60378288150147,3.727531274229048,2026-08-24,43.41829274191231,36.41894314909936
B-04533,M-07,Silk,Op-06,Night,1670.3500507277013,235.0101246292727,25.282105377465992,5.570237351971658,2026-05-05,57.32780725881439,28.888712195490776
B-04534,M-05,Cotton,Op-08,Evening,1860.7779826012634,213.92359351715203,34.03516749666208,13.323360641136368,2025-11-01,71.19132559066452,21.595518506188466
B-04535,M-06,Silk,Op-08,Evening,717.8916715622462,266.1559065573838,11.073238354721079,13.074252770372832,2025-09-25,56.398575490418295,22.08356145016014
B-04536,M-06,Silk,Op-09,Evening,1720.323218657401,285.83802730586604,19.30198451321919,3.792659591549194,2026-02-05,30.556878823608653,26.619058103015558
B-04537,M-01,Cotton,Op-18,Night,1741.962374117057,198.3024514452503,32.90221410484287,9.986050902682278,2025-09-26,50.57424380682711,26.910150940249636
B-04538,M-04,Wool,Op-18,Evening,1655.7988205572185,239.10951688310587,20.767169884499875,6.050205782945206,2025-08-22,46.05580671495915,20.02485757297358
B-04539,M-04,Silk,Op-09,Morning,1434.8832873389522,202.92146204709235,36.41696943540801,7.087244862790316,2026-08-15,71.37511204008293,30.07796408805693
B-04540,M-05,Silk,Op-06,Evening,0.0,264.13760164292387,0.0,9.067475501696629,2026-07-27,34.622998296137865,32.977967959941516
B-04541,M-07,Wool,Op-17,Evening,1717.0793353819938,283.7829193991993,55.65091592652088,9.406521384467444,2025-09-02,66.58064096566832,21.131816952043316
B-04542,M-08,Denim,Op-07,Evening,1633.009967533211,199.35242989562073,22.74760071963607,9.309701253060721,2025-09-25,74.94740927905221,23.96199144062399
B-04543,M-08,Polyester,Op-16,Night,1535.9654197092514,264.5697811044888,58.40749382985343,12.90686264015589,2026-07-15,62.08222485456101,36.66426836341607
B-04544,M-07,Denim,Op-03,Morning,631.0653738601861,252.40870157699763,14.251149071215133,3.5110356537046155,2025-08-13,41.83046712954864,27.8930125399733
B-04545,M-02,Wool,Op-04,Evening,982.4776074543681,133.85190484080914,40.029712325872424,5.114194659533621,2026-01-22,30.98312949879409,29.45821893376652
B-04546,M-10,Wool,Op-17,Night,1793.3710538372595,264.08571179188766,21.919475748428532,6.830408065931585,2025-11-05,66.52132405819282,25.75781548190425
B-04547,M-03,Polyester,Op-10,Evening,1513.9572880869,229.7592329472812,66.80562973551103,12.222811536480258,2025-11-09,60.80531033514399,23.13783249947833
B-04548,M-09,Denim,Op-15,Morning,1440.8791820280512,261.52193980700076,24.581652964014335,11.837499685264572,2025-09-10,44.89322436125442,21.491059497041046
B-04549,M-08,Wool,Op-05,Evening,639.2935014698761,148.68248641602727,24.768782692624903,7.433451822363901,2026-01-06,75.34053024906414,37.44037511841269
B-04550,M-01,Wool,Op-07,Evening,536.168539321739,168.2778402641107,24.976310757259615,10.552877970783276,2025-08-04,36.45144484195342,36.021757000318175
B-04551,M-02,Cotton,Op-12,Evening,1031.1566699567384,241.1686123727667,16.530328495075167,3.074857857361987,2025-12-05,64.54082245565135,20.429108245740867
B-04552,M-08,Cotton,Op-20,Morning,1564.8221699130052,242.37004457526123,64.08264746947714,9.976277881832479,2026-01-09,53.868201219210164,33.4981618234389
B-04553,M-02,Polyester,Op-04,Evening,1949.7224885551157,277.72820630972103,28.903374293847257,12.123478835925745,2026-03-28,64.73787583571865,31.483110908647344
B-04554,M-01,Polyester,Op-12,Morning,748.3352631475894,264.0559121341799,8.262598625722974,12.246380770901087,2026-04-25,60.72294629866815,28.77680265432307
B-04555,M-03,Silk,Op-10,Night,990.7654137928159,184.12793151306357,30.47067007708848,7.801428006427887,2026-02-02,76.46622992806046,22.174187996002857
B-04556,M-10,Denim,Op-16,Morning,5835.588982957003,298.0196238432103,155.58746918267144,13.066096227960674,2026-04-30,51.939292711946045,39.993912187095205
B-04557,M-09,Polyester,Op-06,Morning,839.30864870547,227.2625680152504,18.359326942126035,14.124162448374959,2026-07-24,69.30992884175141,25.463273808381103
B-04558,M-04,Denim,Op-16,Night,603.9323046354681,157.17356712925547,24.18582584887206,2.2967471954894414,2025-12-09,54.97243596628214,34.16694158996515
B-04559,M-05,Silk,Op-10,Night,589.2938483722686,167.99117964764042,144.48005115282743,5.034404731664072,2025-12-11,35.21501614936673,27.249426218640114
B-04560,M-08,Polyester,Op-19,Morning,1824.9539956005694,190.96834417464316,83.58043870137742,11.45331241873546,2025-10-07,,22.920207342213487
B-04561,M-03,Wool,Op-20,Morning,728.8921073226384,138.42023611987787,36.09456546863898,2.4904932502274706,2025-08-05,45.48397507602682,31.048208934310523
B-04562,M-06,Cotton,Op-14,Night,1690.052051986316,176.08716057839638,66.68619456537196,9.061844810649987,2025-09-22,61.16540154696038,36.454544424946945
B-04563,M-02,Cotton,Op-05,Morning,1353.9366904567105,233.83660540793133,50.83134823352433,11.442846553480596,2026-05-09,36.65720295667022,24.009109226107597
B-04564,M-01,Cotton,Op-12,Morning,1775.6383429814482,181.85245653995355,44.64118461682991,14.718464514596883,2025-07-24,40.803586633668644,28.333985640868775
B-04565,M-07,Cotton,Op-14,Night,1895.4439110896435,157.0757035145079,83.9608996050019,7.591070892591018,2025-08-07,39.36169198076647,30.425324771248874
B-04566,M-01,Cotton,Op-11,Night,5876.638312683146,262.1584144325657,160.1122392025036,13.758362150458764,2025-09-05,33.64789448572818,35.128490726385024
B-04567,M-05,Polyester,Op-08,Evening,1558.4039243430495,178.95219714704274,32.518703949372686,1.5484318991506683,2026-08-27,75.43522620983966,34.614938336949905
B-04568,M-06,Silk,Op-19,Evening,1245.29578361711,105.5585579934156,22.823027868046246,5.749958945283186,2025-10-14,56.126761779255915,30.344472302325002
B-04569,M-02,Wool,Op-13,Night,1665.1210492758362,159.7724317053287,44.969449484202606,9.125740324491616,2025-09-25,,25.430444510759497
B-04570,M-10,Polyester,Op-01,Evening,811.2719378753454,226.60155850640766,23.401441440589085,6.95818104197891,2025-11-07,30.805865224388214,20.56329988033532
B-04571,M-02,Denim,Op-17,Morning,774.8388003580316,217.00840962894847,24.135798899208186,6.714684944808298,2026-07-04,62.72099177698614,39.047903481279036
B-04572,M-10,Denim,Op-10,Morning,1681.0679053851493,250.60819926318743,77.70032889290916,13.905075460534114,2025-10-20,40.70089336190031,36.54653941569882
B-04573,M-03,Cotton,Op-01,Night,1089.1444714213665,162.76323891979362,27.47591228624817,14.328502735496029,2026-01-28,,32.55265644277736
B-04574,M-01,Silk,Op-08,Morning,1687.7415813974453,160.894780323143,72.62328276658464,3.4697062049780687,2025-07-29,57.19848178988528,31.324240898212068
B-04575,M-09,Wool,Op-01,Evening,1185.541032530645,262.9173079010683,30.133889950683173,5.358517510876738,2025-10-26,58.7684101088896,24.169455578014315
B-04576,M-02,Denim,Op-19,Night,1786.3095467492767,143.197638687151,25.718182347905636,12.343352480589749,2026-05-12,44.14358289237031,20.689794393589075
B-04577,M-05,Cotton,Op-03,Night,70.18835452279053,152.41418530042966,41.37391525170458,10.15803829137781,2025-11-11,64.95994513786165,26.9023692886937
B-04578,M-02,Denim,Op-13,Evening,979.923293527381,136.66460844499215,46.01944445029972,6.118299800258096,2026-01-14,63.47578538010061,33.9472538072293
B-04579,M-06,Wool,Op-13,Night,1822.6317273137138,157.6641040834551,85.04671434878047,7.3722854855463495,2025-08-26,,34.94537976366868
B-04580,M-09,Wool,Op-19,Morning,1005.7475192853377,188.88828683539919,46.44558704138929,13.592695786350523,2026-03-13,47.92419365792114,29.610259723834716
B-04581,M-09,Cotton,Op-07,Evening,1703.3648269847722,148.68618500196055,85.09559196074073,5.547130915767067,2026-08-15,47.64793637296695,38.25476946862119
B-04582,M-09,Denim,Op-19,Night,1661.0064532331598,196.86526049870133,58.66584900669132,1.1424334529447056,2025-09-09,64.87440282989787,27.787223289955694
B-04583,M-02,Polyester,Op-09,Morning,1410.040945193643,196.16641131487745,37.21604926294163,14.221423568168522,2025-08-22,31.157317267767084,34.24264968945177
B-04584,M-09,Cotton,Op-08,Night,1570.685675737417,235.04392950792638,26.198179661790384,1.1433320360639354,2025-08-29,44.266924758733566,23.781830410075607
B-04585,M-05,Cotton,Op-05,Night,1592.7150261816992,147.91026981862493,61.833896976276094,7.646326609822212,2026-05-21,42.349449764283975,31.6046764687066
B-04586,M-03,Silk,Op-11,Morning,996.6121080472648,220.6041696574244,22.84812765161507,12.547966841792347,2025-09-03,34.71121425822459,34.21341198082543
B-04587,M-03,Wool,Op-18,Evening,683.9749347874164,209.13084152286976,9.538793679613237,4.167672469748245,2026-07-27,71.06808963345787,20.857918190621522
B-04588,M-05,Cotton,Op-16,Evening,1281.4941889787253,217.78835681539135,61.67279667737481,11.218413303318457,2026-07-02,42.96303641260969,36.835208164265836
B-04589,M-01,Wool,Op-13,Night,1248.5589553922955,252.10627299396023,16.854881146380386,8.347876963613098,2026-03-05,33.47335147061053,26.52223025685242
B-04590,M-07,Wool,Op-10,Night,1983.3186788825203,145.80518241467544,36.52493093170094,9.902605871820063,2026-07-13,44.21725509724686,33.06492430711852
B-04591,M-01,Cotton,Op-14,Evening,1677.9050988651118,122.1623205673271,21.30366485349411,13.532105601263924,2025-11-04,72.02108462703973,33.57614687276771
B-04592,M-03,Polyester,Op-18,Night,812.8535424933925,271.8723191382152,17.043179549376276,2.707642080236332,2025-09-30,37.796604815401004,30.880066475110414
B-04593,M-07,Polyester,Op-06,Night,833.1135499158943,215.1626863696361,21.22814658543635,6.2160734704124065,2026-08-16,37.02799483848344,30.697075350909287
B-04594,M-10,Cotton,Op-11,Night,1601.7751614106542,120.55108846411784,30.900657572237282,9.688585415243633,2025-10-17,51.824666347162385,28.121237501048082
B-04595,M-02,Denim,Op-18,Morning,545.6390423040667,269.5378388729291,17.78762102930561,5.5697412044819625,2026-02-05,64.05455198649236,38.95174799553415
B-04596,M-08,Silk,Op-04,Morning,1095.7203537797996,153.65471326974074,29.635217569573584,14.076613097064907,2026-02-18,64.10384090255715,33.30562786513119
B-04597,M-02,Silk,Op-11,Evening,1767.573069301146,242.73443740189742,18.141674466615868,4.964565804934225,2026-07-12,59.9789330012524,28.603879092025313
B-04598,M-04,Silk,Op-05,Morning,1711.435147252696,124.56606978394015,49.793513054070026,8.1393630840366,2026-07-09,46.81130965424078,26.84178082401355
B-04599,M-03,Wool,Op-18,Morning,1995.5346560296175,181.67593612629514,28.380424969284196,3.5526092174320136,2025-09-22,60.68031690246845,24.725754160790423
B-04600,M-06,Cotton,Op-08,Night,575.2612580988937,104.57625480393678,23.793244070826137,7.036305076354892,2026-04-15,51.33628899366968,23.71090800155906
B-04601,M-04,Cotton,Op-10,Evening,693.9059418798181,283.0634385278605,15.486350208751105,9.226063687005814,2025-08-02,31.38081880524648,39.25945251485433
B-04602,M-02,Polyester,Op-01,Morning,1174.96243936678,156.85373859891044,16.64705359590474,11.197898172472886,2026-06-29,54.28401103597693,22.647459188050053
B-04603,M-08,Denim,Op-17,Night,1588.0631199868621,147.4162809862543,66.87430908555076,2.9291072449386153,2025-09-15,,29.988551939956857
B-04604,M-08,Denim,Op-01,Night,918.1741188096958,155.28632234016155,44.25648771565351,12.674337643645277,2026-06-24,37.39168972843913,32.33455183573095
B-04605,M-10,Wool,Op-15,Night,1761.9547243659613,112.36304675594585,87.10692326581047,5.478752271862756,2026-05-25,37.118723279630814,38.984812753742794
B-04606,M-01,Denim,Op-14,Evening,852.4895308100569,233.9398089657505,8.907186506019555,12.782844248659657,2025-10-15,41.684014220723824,23.75361268641955
B-04607,M-09,Cotton,Op-02,Evening,1117.9436854122887,279.8874924789433,29.426394332826895,13.641715086788885,2026-07-01,36.387156375450814,24.0870496105679
B-04608,M-03,Polyester,Op-02,Morning,1670.9368177455528,222.3702967063457,48.635198831142105,8.19389640928303,2026-07-25,59.59659421113015,21.923993876045934
B-04609,M-03,Polyester,Op-12,Night,1988.0949343086925,117.68922938781756,65.5131961444624,8.269453486888409,2025-08-21,44.78246308286873,30.79826593723918
B-04610,M-04,Polyester,Op-04,Evening,1366.2093471792139,270.4417570621773,56.809749949762086,6.456463805431253,2026-07-20,55.8177081333248,20.218567979354972
B-04611,M-07,Wool,Op-16,Morning,889.2315610637794,263.3110048081033,43.952329457362836,4.718941329324441,2025-12-21,30.53942481312461,23.096626363868936
B-04612,M-02,Cotton,Op-12,Evening,979.7018689219829,121.76478040254943,29.841271717833607,2.6626232507605074,2025-11-21,45.51713570286119,20.75290082233526
B-04613,M-06,Wool,Op-13,Morning,820.6113732339802,203.86212827937445,10.24122791394208,2.9706990617890825,2026-05-26,51.492861450874614,31.95833716802489
B-04614,M-09,Wool,Op-10,Night,1098.1239638765878,160.50476419793756,38.68470250777014,4.365037430840877,2026-02-16,60.22673130422483,31.770839715308146
B-04615,M-06,Cotton,Op-17,Night,738.3240056487821,157.14184897246554,17.1377918716953,3.935502891931102,2026-08-16,57.025180249892095,29.221313784192326
B-04616,M-09,Silk,Op-10,Evening,1679.0222133026496,118.79474888167655,41.52088882141342,14.64855364257899,2026-08-02,35.82720389076594,35.46141625136739
B-04617,M-05,Polyester,Op-15,Night,1797.8933436977084,114.83398975683241,88.85541254897807,6.246103942692729,2026-05-15,46.772170325011814,39.8631407645107
B-04618,M-08,Cotton,Op-04,Night,784.7059379995819,225.98939213966776,38.897927600566085,8.497271878753164,2025-12-02,37.71867456203694,23.355594122088462
B-04619,M-08,Denim,Op-10,Night,1179.094990431399,125.1602584000147,27.616674646294616,4.00706054234956,2026-01-26,43.41740336242748,30.21834526637239
B-04620,M-04,Cotton,Op-17,Night,1182.5176788348815,133.29991022027255,21.226309506911612,5.574201668225086,2026-07-05,33.5158296358877,37.794205469516974
B-04621,M-06,Silk,Op-15,Night,1635.3502031431083,169.9103576406692,315.5253311866213,7.641562465157106,2026-01-06,44.56305197306134,33.9288254221474
B-04622,M-01,Silk,Op-12,Evening,863.3264654953887,236.2880530927794,209.80609318898956,3.732142847948092,2026-05-12,,32.79679531219544
B-04623,M-08,Polyester,Op-12,Night,1270.1101010156497,122.78114311526167,30.654572438005395,10.087450888104396,2026-05-30,52.32785785170379,24.342301016341715
B-04624,M-01,Silk,Op-12,Evening,1238.1531584583945,118.3108454528764,53.13470808467418,14.40653276379696,2025-10-01,63.27810781060606,22.05069962575392
B-04625,M-06,Denim,Op-11,Morning,983.8323964192182,219.35990734263677,31.563053448285796,4.879999782114026,2025-09-29,66.67029724573035,34.46017950000204
B-04626,M-09,Polyester,Op-05,Morning,9154.226400297106,150.7407615024291,133.25822904933614,6.360079153729201,2026-05-25,37.250608369814266,26.75311426381847
B-04627,M-03,Denim,Op-11,Morning,850.385387381546,266.52851566702685,32.14326216179068,13.469856383402897,2025-08-27,50.501076165603216,20.538083076992677
B-04628,M-10,Denim,Op-15,Morning,1676.0498542746943,103.60485063288804,359.0548903064621,9.330431946781184,2026-01-15,59.41843791220875,27.57415817495828
B-04629,M-06,Denim,Op-20,Morning,1515.163927687046,203.4234609270304,74.17670909133078,4.478504465839815,2026-05-28,60.32504315050659,34.73816989691683
B-04630,M-02,Silk,Op-18,Night,1070.1634202036203,112.89450893327022,15.146112181053601,14.831597097098925,2026-04-20,61.19033297127682,38.92900916321538
B-04631,M-01,Cotton,Op-06,Morning,1013.0507598056865,126.78733977454486,17.69217042153628,12.697142164148833,2025-11-25,74.01713707146581,30.02623399750041
B-04632,M-04,Polyester,Op-04,Evening,690.6784535595627,217.63282201604136,18.023060718207162,8.089268544194208,2026-06-27,64.73945511838338,26.104145252399825
B-04633,M-10,Denim,Op-01,Evening,532.0416107767361,222.0286090151058,13.80529848531563,6.92400929885069,2025-12-03,75.9882316906724,32.8357259540961
B-04634,M-03,Cotton,Op-16,Morning,895.3837713100256,281.0569885215277,32.37825932719618,1.2277110376442057,2026-04-03,46.345623362619605,38.8701116757607
B-04635,M-08,Silk,Op-20,Night,1299.0786069249486,140.70694358408548,22.959974686006642,12.66724683956142,2026-03-10,40.209953129638805,24.965070630425
B-04636,M-07,Cotton,Op-03,Evening,737.2241908542829,290.6624991957606,14.171662246387813,9.428442345978318,2025-07-27,61.891856600504696,39.086509313575675
B-04637,M-09,Wool,Op-02,Morning,508.8763078965381,219.77672991405825,14.33880856224667,8.109827945138221,2026-07-05,53.882518869914705,21.237604224923984
B-04638,M-04,Wool,Op-08,Evening,931.3393476360484,154.91293544486263,20.816394681272367,4.1133421225073,2026-06-04,46.62641798772854,27.06266150286825
B-04639,M-07,Polyester,Op-06,Evening,1968.1290735792634,286.54621710189747,47.702702404849646,9.04314139334807,2026-04-07,79.0527419205155,39.8239602063838
B-04640,M-03,Denim,Op-04,Evening,1167.7813186096168,291.81235539693307,21.288475096843143,9.52076679018161,2025-08-22,40.64645414186363,33.78761336673001
B-04641,M-10,Denim,Op-02,Morning,1009.0366155077686,145.5120326190703,22.036976058099892,4.429723023073791,2026-06-27,30.232779078339114,37.61417664398904
B-04642,M-01,Silk,Op-16,Night,629.5615692841917,117.3974811362177,8.804337482824062,8.784255870453329,2026-02-14,79.64602752669686,22.900449345403832
B-04643,M-06,Silk,Op-10,Morning,1157.455820603136,212.6662507681591,26.11894503695223,5.121325024291166,2025-10-31,45.12610462569332,28.48953003697899
B-04644,M-07,Denim,Op-02,Evening,1872.9973753527752,108.39091425812579,27.087668557816563,4.283982238183845,2026-08-22,70.42763981137107,36.67916249329913
B-04645,M-05,Denim,Op-09,Evening,1960.645175019075,238.6709699798218,42.90978778090128,4.816302783770339,2026-02-05,,29.120757296289092
B-04646,M-01,Denim,Op-11,Evening,725.033374781629,158.23561294978305,17.339942869221467,9.121287124854657,2025-08-18,71.29848474177344,27.270581497791543
B-04647,M-08,Wool,Op-11,Morning,1202.001051621984,228.91111999286926,30.74049614342149,11.52262767405233,2026-05-27,46.3399752399737,31.72704935650278
B-04648,M-10,Silk,Op-05,Morning,1574.599775545079,132.93498410340416,51.856344124482874,4.596948110718145,2026-06-22,51.30302099213749,37.788295798427356
B-04649,M-06,Denim,Op-13,Morning,1948.0941784721174,120.65553705621676,82.75228287866612,7.442455791113088,2025-12-20,50.95392650226921,32.004123528119365
B-04650,M-09,Wool,Op-08,Evening,1762.1720383745903,234.03892174110166,44.66664880949922,9.981509099437751,2026-01-18,,38.98059084089615
B-04651,M-04,Denim,Op-17,Morning,1749.1749712827325,284.30074541845886,28.608037516534313,7.881549419712757,2026-02-08,66.45512893016502,27.54039713341812
B-04652,M-07,Denim,Op-17,Morning,1379.755822208638,139.29433016990637,15.47691619186972,7.406387831254166,2025-11-23,73.64396566641666,21.72036375127361
B-04653,M-03,Denim,Op-12,Morning,1409.7167710728313,166.212265318979,14.298274109181381,6.851127896962813,2025-10-16,50.285529432916576,21.73240458019127
B-04654,M-09,Cotton,Op-08,Morning,1847.6348642963965,143.55971218074927,26.453021087631836,6.965105886100036,2026-01-08,78.59628983355393,36.53525163967305
B-04655,M-03,Denim,Op-19,Morning,1262.7785474188786,246.0158052990032,21.513853520483494,10.777498989988974,2025-11-04,68.04209262022351,29.149093097760705
B-04656,M-10,Silk,Op-09,Morning,1197.308665879059,229.5774498346584,58.20154930078102,9.52028921247235,2025-12-15,33.526102689430374,21.299048681643836
B-04657,M-07,Wool,Op-17,Morning,727.7081825596566,158.89249280234438,171.2606597626853,11.746882750186316,2026-06-16,50.48385379115875,23.629297065200653
B-04658,M-10,Silk,Op-20,Night,1179.1499139171135,283.7892150944218,30.29403368459003,4.985790131393061,2026-07-05,63.066608034983545,22.245894428197953
B-04659,M-01,Wool,Op-18,Night,1611.4898773774605,144.9633881178931,404.88948970328585,9.256794639161777,2025-08-22,37.67185146045301,22.05403382722742
B-04660,M-05,Silk,Op-11,Morning,670.0505993517252,283.555250474583,11.245391038825455,4.160811677764536,2026-05-24,35.998765407965,24.05397816700421
B-04661,M-08,Polyester,Op-06,Morning,636.0119759194235,259.5678469557415,15.79875085278447,7.937528846417553,2026-07-06,49.42597201893414,39.01255853968266
B-04662,M-10,Polyester,Op-06,Night,750.4590890707841,154.80857838531927,22.99590277805897,4.34553147024035,2026-01-13,54.93706397816524,25.83010247909148
B-04663,M-02,Denim,Op-01,Night,1503.9401374201834,255.45975714265157,47.67190404709527,10.942208937741231,2026-02-04,40.27953582281805,22.317994384855076
B-04664,M-10,Denim,Op-14,Night,798.3676868122177,116.98674435430266,18.01729467999015,8.37932080171184,2026-08-25,46.33970925538978,35.122980238770076
B-04665,M-07,Silk,Op-16,Morning,1968.0757055837207,649.3390391101275,583.905861328683,1.8077051008440699,2025-09-13,55.44363701781381,31.252410024282206
B-04666,M-10,Cotton,Op-19,Night,1051.9079175164193,154.29227677983476,17.557804844860613,14.246802967674283,2026-07-14,45.8798334817186,21.268426491606615
B-04667,M-04,Denim,Op-19,Night,1785.9149540619346,217.3266918246768,57.19311972352273,11.902927691278919,2025-09-21,70.43907730698471,36.464728784221464
B-04668,M-07,Silk,Op-12,Night,765.6808935486573,129.64655044722835,22.923807383096843,9.035781885251573,2025-10-15,48.325717684283816,31.160964824915347
B-04669,M-08,Denim,Op-02,Night,1403.2971195463228,106.42235814731306,50.64210013012939,1.459713528821727,2026-05-25,66.07975854242544,23.862544876454397
B-04670,M-02,Silk,Op-08,Evening,1319.8638661871819,296.3588942809247,45.74187897769216,12.695682304362872,2025-09-20,,28.26269042662699
B-04671,M-07,Polyester,Op-14,Morning,675.934185838208,177.2772085924762,11.532224107365646,11.27442837525824,2026-06-27,61.133579206432685,29.68942648754716
B-04672,M-03,Silk,Op-05,Night,1704.718889236317,154.6333208823154,19.816008447436403,12.486707143266733,2026-07-03,60.58045313974968,27.45462855897575
B-04673,M-10,Cotton,Op-08,Evening,848.6282665165653,277.8141850976328,30.453625471117498,12.451640814540044,2026-01-12,58.74266564670489,29.32644927924254
B-04674,M-04,Wool,Op-11,Morning,1199.3721917649523,228.86096814382805,27.82426562550305,5.303657395242211,2025-12-11,71.92486089557376,34.03835786930533
B-04675,M-06,Cotton,Op-07,Evening,1745.9991722351617,197.46850617063578,77.88000004357579,3.444944106324461,2025-09-29,33.88562310017633,33.99211495274441
B-04676,M-02,Wool,Op-03,Evening,1711.1629828918155,231.13020604443037,75.62730460177637,2.979250778466753,2026-05-02,34.70220379883268,26.900592460234506
B-04677,M-05,Polyester,Op-08,Night,1942.6044054599963,148.27217096941425,61.61291178163956,11.66933938814408,2025-10-07,58.693460845360285,20.636147341558853
B-04678,M-03,Polyester,Op-02,Evening,1708.9106044840328,155.2245566688053,28.021985323845293,13.563062735586453,2025-11-24,41.81302034373184,21.529462652881087
B-04679,M-01,Polyester,Op-17,Evening,1755.5043030813774,183.46118380790566,74.21662341713291,12.157237890703207,2026-03-03,56.56165304947976,29.611182495888627
B-04680,M-09,Cotton,Op-14,Night,1135.2314175685638,260.40654621327366,52.17965863785344,2.4092703094882384,2026-05-29,61.81554077696283,34.05174113103969
B-04681,M-07,Silk,Op-04,Morning,836.4858780742925,220.84397601857032,12.856230197124809,7.065591891649123,2026-05-08,49.13858277720145,22.13427110423915
B-04682,M-07,Cotton,Op-14,Morning,1755.4826921714694,760.4528158142865,645.6188661657113,6.352775824075407,2026-01-20,71.42432906948154,21.61532369647157
B-04683,M-04,Denim,Op-16,Morning,5392.857911458359,249.04677061139782,159.0025971608863,6.9845540372782855,2026-06-23,72.00690821949746,30.615239003100463
B-04684,M-04,Cotton,Op-06,Morning,1325.426266204008,221.99534434703202,24.898821178204624,10.738982510818262,2026-01-07,75.9054485017071,35.71364163552062
B-04685,M-08,Polyester,Op-20,Evening,1738.844403938144,124.41593552301913,76.48777665041744,9.710780199450975,2026-01-11,74.13769041229716,22.02244108429808
B-04686,M-10,Cotton,Op-13,Evening,1697.9311013453685,200.75508676781413,30.678053159676633,5.324566432135657,2025-11-18,50.27191140357719,39.37316271400424
B-04687,M-08,Silk,Op-01,Morning,1369.4064317448428,116.64814957573677,67.69064020642641,4.050502898648411,2025-10-20,68.16581940372603,26.051980807210544
B-04688,M-01,Silk,Op-13,Morning,1251.22556464076,203.30786506154857,39.45567643503323,1.5084063507002936,2026-01-17,77.82633747886331,23.48466881768836
B-04689,M-10,Denim,Op-05,Evening,1093.5119149380976,183.11694014892115,32.78727745869439,10.006202324505518,2025-12-26,63.10443385462387,23.085772297161938
B-04690,M-05,Polyester,Op-12,Night,1685.7161737127853,188.6572967104459,25.340863361113065,3.321262591572122,2025-08-07,45.66084715783454,24.247591282101403
B-04691,M-06,Polyester,Op-17,Night,1066.3716911530305,208.187248639615,51.7883382811726,2.0185213538728446,2026-05-24,60.19116861140917,39.86048880339215
B-04692,M-05,Polyester,Op-12,Night,1743.7602229987383,153.2682225604806,31.780244997998313,1.3137063507111422,2025-09-03,71.67708514414255,21.114404639574264
B-04693,M-07,Polyester,Op-17,Evening,1316.6798231701764,135.67560782872872,56.14994883107452,12.673036638180987,2025-12-08,68.85798481299145,35.115390114745
B-04694,M-05,Polyester,Op-16,Night,829.5526703969181,245.77847522994986,31.708375971519068,5.973941036284706,2026-01-31,63.34223797841997,22.440434572623495
B-04695,M-07,Silk,Op-07,Night,1958.1615918511693,108.72007306374326,42.35739951080313,2.3136046163391866,2026-03-05,36.18183836690069,28.611278098826027
B-04696,M-07,Wool,Op-17,Night,1710.3802303110406,194.7574478401923,41.26855003073205,7.783522797639733,2026-03-08,65.85190506626768,27.239379650714916
B-04697,M-10,Wool,Op-15,Night,1635.3895814412206,256.00834916735295,39.354045551871415,1.2015828154594732,2026-06-11,37.18952379203665,24.261963622969596
B-04698,M-10,Silk,Op-08,Morning,937.1721251479296,233.7040096776553,23.160006759061655,12.593893273241415,2026-03-21,39.604349117801206,31.259601212038966
B-04699,M-01,Wool,Op-13,Evening,1258.6668125690928,224.15156835667878,44.164701203697234,13.510397461548155,2026-02-09,39.61463339136404,21.740131741121207
B-04700,M-01,Silk,Op-06,Night,1091.1962731589397,621.7702457992142,264.5685258970114,2.6392203429678256,2025-09-19,57.94548934370149,26.00941189056391
B-04701,M-08,Denim,Op-13,Morning,1443.2735676759166,148.85097793810138,60.3915133979894,7.917204605236256,2026-08-02,54.128809186050376,29.071152594314746
B-04702,M-02,Cotton,Op-19,Morning,824.9195021992758,280.861461014094,17.472950752527296,12.07876704498948,2026-02-06,46.65611821216619,23.61205012560277
B-04703,M-08,Polyester,Op-08,Evening,998.9543703636175,211.38663376140934,21.1487988061366,1.6491543633911019,2026-01-31,75.71795649260267,21.97349713322222
B-04704,M-03,Wool,Op-05,Morning,0.0,151.33456530513203,0.0,12.727433460523319,2026-08-01,60.758790569162116,24.546464501789615
B-04705,M-10,Silk,Op-02,Morning,1701.0680888277273,250.72985646431613,42.454238500881736,12.86685777739998,2025-08-16,60.98248407591576,30.028747204224647
B-04706,M-01,Silk,Op-12,Evening,835.6460306115475,211.48233152937897,20.286723632389148,13.452892839997237,2026-06-24,59.69908944961625,38.392137234412736
B-04707,M-06,Denim,Op-10,Evening,1542.7069587912465,229.73309449252824,24.287816707932464,10.386073816878387,2026-02-16,62.252100612039634,24.433093498742338
B-04708,M-04,Wool,Op-18,Evening,1967.942384348088,109.05902576850023,81.2353906166591,7.548310818395784,2025-08-19,51.254015857093094,27.200379164301523
B-04709,M-01,Wool,Op-05,Evening,1618.025432468774,281.0449847059881,80.5031119930812,6.5368253666169105,2026-07-13,58.208976396472984,37.84614094684241
B-04710,M-05,Wool,Op-02,Morning,1953.9415435480323,243.56877425374682,85.26547773027892,3.0051858093425143,2026-02-21,31.15930058965133,36.50436712805884
B-04711,M-08,Polyester,Op-07,Evening,1619.5413623952043,155.98469719984402,40.970191166234514,9.957450034379374,2025-08-25,45.81242209076371,29.012964922018494
B-04712,M-08,Cotton,Op-18,Night,1870.4601301850835,146.83146614877512,60.944315163631614,9.086552664032503,2026-06-11,48.049076451692954,33.26142223828452
B-04713,M-07,Polyester,Op-19,Morning,1885.9665220489107,120.32243034024263,31.366172049524568,4.088971756594688,2026-05-07,68.3173981915528,27.37573679789687
B-04714,M-01,Wool,Op-02,Morning,1254.9818888680816,230.42841232227724,38.66571924379354,1.6275739981489803,2026-04-29,44.581094468372235,36.18845075392086
B-04715,M-03,Silk,Op-15,Night,553.06882275998,156.39020105494018,20.498409845140912,9.9479691837119,2026-03-18,39.967973478901236,36.54782812438829
B-04716,M-04,Silk,Op-10,Evening,1207.0685914216897,283.124756213357,39.750950490553926,6.485210792945264,2025-09-06,41.75367052820427,33.22805985053402
B-04717,M-01,Polyester,Op-08,Night,1002.8718513968377,168.73291226479543,36.15787889783213,6.5749443208774245,2025-09-02,44.55692837396846,34.20482812721845
B-04718,M-05,Silk,Op-01,Night,1161.166478819589,179.57093515584745,230.12020768104273,6.110717771035872,2026-08-05,44.17341606961268,21.713933263141186
B-04719,M-07,Wool,Op-08,Night,1321.526009398015,254.75770181560995,65.27291033724403,6.539830027676443,2026-03-06,77.23784529260459,36.54699926882325
B-04720,M-08,Polyester,Op-08,Morning,1814.3045615622225,223.34518986187584,61.701367200074664,9.378710029434064,2025-12-04,36.47630633771085,34.447984977831354
B-04721,M-01,Polyester,Op-10,Night,1260.398155093977,238.65737451145773,48.77089957184119,7.216669799731912,2026-02-09,56.19298312041431,27.967046096065125
B-04722,M-06,Polyester,Op-01,Morning,1814.9164558218322,268.1689878265205,38.10422331208928,12.004353808692564,2026-08-27,30.689385227227547,38.23760927754918
B-04723,M-06,Silk,Op-10,Evening,1831.960914445064,139.39362061787529,48.797718501656945,7.155040519946322,2025-11-19,67.46993971634569,32.80557890554345
B-04724,M-09,Denim,Op-01,Morning,1517.9357851104176,209.7899020093279,57.31654389607889,4.860308292897452,2025-09-14,62.31647227485699,24.084941726890467
B-04725,M-06,Silk,Op-20,Night,504.6663164348642,209.75450275235394,148.77403530513067,6.614946785785974,2026-04-26,45.15518869009736,30.31415934469275
B-04726,M-01,Polyester,Op-16,Morning,1749.5967348321465,243.42997661676216,42.626958111539324,7.70553676350805,2025-12-10,49.60720598321771,20.650593091719944
B-04727,M-06,Denim,Op-11,Evening,1772.5657080089247,176.80491639525798,22.112527546122884,7.46218998687005,2026-06-30,43.591721201245235,25.482655176267336
B-04728,M-04,Polyester,Op-01,Morning,1420.7058884297012,189.61388060906927,56.885740728367395,9.483451304871124,2026-06-07,57.34434500144263,35.9768917459435
B-04729,M-03,Denim,Op-10,Evening,1657.180779706819,199.8478013883351,26.688651714792957,5.9543389189550275,2026-06-06,76.67182952664764,21.08539547433108
B-04730,M-10,Silk,Op-13,Evening,1129.3986382649596,222.79153051360223,33.190891807169145,1.114805247294103,2026-02-05,65.96614096555709,31.174530855798295
B-04731,M-10,Wool,Op-10,Evening,1135.2425582418023,203.8974063481249,43.570826987947534,3.2650002827444666,2026-07-20,35.435586963849126,25.79274957503677
B-04732,M-08,Wool,Op-06,Evening,1382.4318257532445,196.0246035238025,19.213366380733973,9.001293522543445,2026-01-26,57.96290065196716,26.140838509798506
B-04733,M-07,Wool,Op-12,Night,5269.005610485951,219.98225252478292,189.00970353936913,10.768471995531923,2026-03-15,53.199861218347756,35.12961159953125
B-04734,M-01,Denim,Op-15,Night,958.3042201818303,127.5781554842671,36.42177496261969,2.2325741078604207,2025-08-19,66.02201569210554,34.079367336087195
B-04735,M-01,Silk,Op-20,Morning,1873.6291590223489,169.7886043995303,42.145125293397044,8.855862789024926,2026-03-11,60.97477914971748,39.58963657132925
B-04736,M-08,Wool,Op-12,Morning,1934.4967998559107,129.74686661647627,21.56465401489172,11.696020384389788,2025-08-19,61.64429500102064,36.337920745439746
B-04737,M-07,Polyester,Op-17,Night,617.1965644085838,113.93915591382917,98.87943110533473,9.30143237696203,2026-05-26,60.146803378776895,38.12209778709952
B-04738,M-03,Cotton,Op-20,Morning,814.2941024337731,101.61461896356857,21.568841381132653,11.87400335179767,2026-05-27,70.77997184403873,39.958808325682725
B-04739,M-05,Silk,Op-13,Morning,528.9475631023888,146.94597629807444,7.861705741144788,9.228764147286142,2025-12-18,78.09714835263682,22.071571029415885
B-04740,M-10,Denim,Op-03,Evening,1552.6384779184145,233.4414110043099,73.02008113196709,4.507088974365663,2025-09-18,70.65723955072595,22.575575109549263
B-04741,M-04,Wool,Op-11,Morning,801.5478954986321,116.270474544601,30.037094817419508,5.753309210633965,2025-10-08,39.392064426727245,30.538824500720658
B-04742,M-10,Wool,Op-03,Evening,1236.3823677174369,232.12146636219552,52.88816003248646,6.1088872015997815,2025-10-29,31.396129861932,39.481282484502984
B-04743,M-03,Wool,Op-16,Night,6041.325942673524,189.8352792312669,114.12103092774532,9.890266981006246,2025-09-14,39.529713528631895,31.55977222725543
B-04744,M-05,Wool,Op-15,Morning,1638.4434344279562,164.51728922992675,34.49917350784384,4.416567473791407,2025-07-31,66.89391764029943,34.72137384045964
B-04745,M-10,Wool,Op-20,Night,1808.8526918777807,237.65003301446848,33.39748634641097,5.840699049501533,2026-07-09,51.37448250923295,34.53419371861236
B-04746,M-07,Cotton,Op-20,Night,1203.141188712836,230.71166845161991,21.619361628958142,8.552979672121985,2026-01-08,60.41641729522466,30.924249989535593
B-04747,M-09,Polyester,Op-09,Night,55.389776083986256,206.39709909550913,24.446885506062085,11.920878392843246,2026-04-01,62.69521185847713,28.531818903718694
B-04748,M-09,Silk,Op-03,Night,1011.968915047496,145.71441539758203,21.994020583497274,9.756187955284158,2026-05-24,31.97753646681276,23.54873568546832
B-04749,M-08,Polyester,Op-11,Evening,1525.0186626189748,275.1729765162256,17.081590404263295,12.178884787742762,2026-08-10,39.104046662512744,31.30811516882138
B-04750,M-08,Silk,Op-15,Evening,965.8051630292917,261.19675896566537,17.308500504741517,7.393319992406753,2026-08-26,37.49706611379173,28.771067629766254
B-04751,M-07,Cotton,Op-14,Night,1089.7871867959443,197.5666945495687,47.64081730441943,5.893813575154398,2026-04-08,76.84844752169305,31.25060595112764
B-04752,M-09,Polyester,Op-13,Night,1641.0928205833704,232.23326185355532,39.777297028055365,7.956442476236151,2026-03-20,30.108689189079374,32.269352011041676
B-04753,M-01,Denim,Op-19,Night,676.6432502019782,188.92525272241554,21.455634773862762,11.297746511966267,2026-06-21,78.0838897349352,27.482097822441638
B-04754,M-05,Wool,Op-01,Evening,1776.8665750453774,598.7663183020346,520.4940824384278,2.991601429591415,2026-08-17,44.09409156163446,37.98245659616776
B-04755,M-06,Cotton,Op-05,Morning,1770.66983523638,287.5426567305949,28.816043226307595,6.961344334865568,2025-10-12,76.59770241767578,23.22918189715509
B-04756,M-08,Polyester,Op-09,Night,1923.8762294521969,201.93602670566622,82.87445970513815,3.6027096949553554,2026-04-16,54.39951852877809,35.66422310758103
B-04757,M-10,Wool,Op-09,Night,1795.9538849738635,213.9141806174837,72.46456990959315,13.137244201150324,2025-09-07,55.50151044016273,32.14119804782155
B-04758,M-02,Wool,Op-17,Morning,1138.152939065763,114.71629742775495,18.136938893915907,5.902328996007766,2025-10-09,61.19721083979802,23.84664739278954
B-04759,M-08,Wool,Op-11,Night,939.6208168871565,106.42229245556427,35.67287028636771,11.407920573216877,2026-06-07,42.93578010941694,22.48476793273199
B-04760,M-08,Cotton,Op-05,Evening,1764.3920188149318,103.97511917235569,83.88569401031404,4.270396790377148,2025-12-13,77.26161624347917,27.705082718655504
B-04761,M-01,Wool,Op-03,Morning,911.318807556016,143.6135271143864,44.83087145265766,3.9975177641919424,2025-09-16,34.261433021246916,37.92864577018251
B-04762,M-05,Silk,Op-17,Evening,1931.7632109074568,270.4056279654548,35.41635669752966,12.856430707113653,2025-09-24,63.05427335844938,36.52427423901227
B-04763,M-09,Cotton,Op-14,Evening,1081.8689455806928,228.16725865894958,31.328739974621296,13.24679865586235,2025-10-31,63.023473118439185,36.78043916668412
B-04764,M-06,Wool,Op-19,Morning,1575.9556065575664,295.99616127501736,56.306878536293745,3.148839799816608,2026-08-20,76.3460346157945,30.447278956838055
B-04765,M-08,Cotton,Op-04,Night,1816.8035103657692,181.9308345104634,54.26182954437129,6.861696048460709,2025-07-24,56.35909181735502,20.38204168993701
B-04766,M-05,Polyester,Op-09,Morning,936.6308974913454,285.59083647835627,43.12380718199885,2.2282941825424385,2026-05-05,52.966023100990085,38.94936340754722
B-04767,M-02,Denim,Op-08,Morning,1552.0226635618253,217.87221039921494,64.32254240100995,4.930233119859762,2026-04-24,48.34785563762274,21.802697295082545
B-04768,M-06,Polyester,Op-20,Night,985.8046518557176,233.55637980604146,41.476839890283884,6.006326880780588,2025-12-21,53.21652206981314,31.1000494475279
B-04769,M-08,Cotton,Op-02,Evening,816.7345663110207,556.7273133076708,173.11495118094348,2.821142006485446,2026-06-04,,21.515210098425186
B-04770,M-07,Denim,Op-10,Night,1845.6468968096083,206.86288395707916,53.25335356603792,2.884794903641785,2025-10-06,32.67130637237749,22.397201068273123
B-04771,M-04,Silk,Op-02,Night,1502.6978827533467,228.25601499720912,42.961758855116834,3.0219232077029794,2026-07-07,61.67444759188544,28.09731248435199
B-04772,M-10,Silk,Op-01,Night,1702.1456093679758,166.4998745359277,37.04072222118453,3.0579866602869528,2026-06-21,73.67265667831703,24.242611517326758
B-04773,M-05,Silk,Op-09,Night,1559.8850883539335,236.71006341152145,23.453386376401998,12.205600297973602,2025-08-23,39.193332072397055,27.045597866284066
B-04774,M-01,Silk,Op-16,Evening,1311.5587207529063,158.51411850774025,35.80871658343477,10.645098974119879,2026-03-24,30.017218399227055,21.193659969191586
B-04775,M-01,Silk,Op-13,Evening,1937.2762339633528,278.1702774718366,43.08162484243361,14.916126392867765,2026-07-07,50.84151124320225,20.93136972547503
B-04776,M-02,Silk,Op-11,Morning,1513.6562782609271,127.03276195348306,27.78592660067717,5.199610502640015,2026-03-18,32.80830822724293,29.499340767804686
B-04777,M-06,Cotton,Op-18,Night,636.8720403485036,182.2431618964958,9.236395637381086,5.917155661238169,2026-05-02,56.875886847274614,34.98077310627278
B-04778,M-04,Wool,Op-04,Morning,1686.6883853150127,105.25799597503602,55.5880559925851,7.203426634941869,2025-07-26,59.3715143442941,39.13997346279595
B-04779,M-08,Denim,Op-16,Morning,738.1237899070829,203.50836106878182,22.16813208142087,6.540975260679827,2025-08-09,53.967778380012184,23.941940293181744
B-04780,M-02,Polyester,Op-11,Morning,725.0596464363152,248.808616138174,25.127075592089973,9.31468764315837,2025-08-26,33.92638457958917,37.792289358579595
B-04781,M-03,Polyester,Op-15,Morning,974.1605826917471,109.12847990546206,11.100670220512095,9.851173740802862,2026-08-05,48.67201306741684,38.15236209756975
B-04782,M-01,Denim,Op-08,Morning,558.653653013365,289.8598573813871,10.536092865220153,14.508235239513088,2026-04-29,31.38711133863193,34.32066469882655
B-04783,M-04,Polyester,Op-12,Morning,1552.0891494291088,273.7465593315967,18.242004595709947,2.4116407040718553,2026-07-09,41.9383208381021,20.481553366529898
B-04784,M-09,Polyester,Op-14,Morning,544.4267873266613,260.13647128528294,16.222691401070982,5.176097498030874,2026-06-07,54.66057197859946,35.75688527194033
B-04785,M-01,Wool,Op-17,Evening,1143.7940939368941,102.31464129789177,23.229896390743253,8.952553035514587,2025-08-01,36.23715390685432,35.292964815820525
B-04786,M-02,Wool,Op-20,Evening,1511.2811162129826,229.24470556493588,67.28513957962758,9.63345844102028,2026-05-27,43.34760037685963,25.341795543511363
B-04787,M-01,Denim,Op-09,Morning,519.2109989456405,136.3045266907916,18.76311122544872,9.542392846987791,2026-05-17,70.8523127201585,27.166910173457172
B-04788,M-04,Polyester,Op-10,Night,1335.7346294303545,698.0174517751605,377.8925646369934,9.704502757029493,2025-09-15,70.69517361362468,39.848966405988186
B-04789,M-10,Polyester,Op-06,Evening,514.6818330593079,222.87218874170227,12.582188007186105,2.713982179778897,2026-06-13,48.928342509456826,25.227341849768045
B-04790,M-10,Cotton,Op-15,Morning,1239.0433722514244,171.8419064979029,54.70440939188886,8.738246188253548,2026-07-01,41.932484511642684,32.707235348567636
B-04791,M-08,Polyester,Op-10,Evening,836.1005703728185,201.5754431711245,29.838747390002737,10.08165698369844,2025-12-25,58.2313065606708,27.312988923844518
B-04792,M-03,Silk,Op-16,Night,542.3693093151144,173.9812463992866,19.617594693222603,8.456571004974045,2025-11-24,31.030657941793233,30.152976593685995
B-04793,M-10,Wool,Op-06,Evening,1638.8115465695676,122.67481628188608,32.716765307761094,14.867908248483728,2025-08-01,60.30838506675478,27.2638758522466
B-04794,M-10,Wool,Op-03,Evening,1359.3452925251217,276.34232943331415,34.69877234911521,8.287915545979107,2026-06-15,63.07360278024801,27.153928790811204
B-04795,M-10,Silk,Op-04,Evening,929.262658657838,241.12745887364795,41.029816233981,6.028625747831911,2026-02-01,39.53582020206196,27.38801142332476
B-04796,M-05,Cotton,Op-05,Evening,1607.378065365385,166.9281688927128,24.269502744299466,13.695325507713832,2026-01-15,33.74163175587335,20.995075828272864
B-04797,M-08,Silk,Op-03,Morning,674.6821337879046,117.5668630024681,24.223936047162113,10.258796567971894,2026-08-10,,32.01684759310848
B-04798,M-10,Denim,Op-08,Night,1532.549081243045,251.37595049613597,73.17370303446653,3.900476984809745,2026-04-11,61.11517566173999,31.600973186727465
B-04799,M-06,Wool,Op-03,Evening,848.5515863594728,111.74458687486629,27.861289529381608,10.148930976003605,2026-05-03,67.00864201183559,25.66392011615101
B-04800,M-07,Polyester,Op-16,Morning,589.3040983012258,292.0089682336578,15.964764406668417,2.5389496261883604,2026-03-11,33.37852680759978,20.88220318989238
B-04801,M-02,Cotton,Op-05,Evening,645.739615185785,248.92964819111506,134.30394125717805,13.58423824876968,2026-06-10,43.010946616242855,32.575462385027976
B-04802,M-03,Silk,Op-06,Morning,939.4131701415926,145.72381928807175,34.37635595844841,10.026128854801787,2025-11-06,36.511397317926814,37.21421046593977
B-04803,M-05,Denim,Op-13,Morning,1566.102768032087,287.0688617315336,36.67071027996954,14.193220201035206,2026-07-19,57.58261619096179,29.90759634571961
B-04804,M-07,Silk,Op-08,Evening,1573.3574153037025,207.6417773959626,35.62650412723195,14.060251116361744,2025-08-10,41.93129743563027,26.205053725009815
B-04805,M-05,Denim,Op-14,Evening,1708.9976818350606,119.80806636843047,45.172021547034205,7.379087693845715,2026-02-12,51.37903684865236,21.46279242027517
B-04806,M-08,Wool,Op-01,Evening,1270.0669749259719,113.02093850098265,39.7114268701746,8.138069798225343,2026-02-26,77.96189523417006,39.57828646323065
B-04807,M-01,Silk,Op-20,Evening,1272.6453989044385,157.1016332832783,12.875814595552225,14.959616603969422,2026-04-16,43.7114585512613,29.058026008799125
B-04808,M-08,Cotton,Op-20,Night,1023.8484363637053,114.28806012176477,33.671175639327174,11.413546785391851,2026-02-05,,31.220289060598645
B-04809,M-04,Cotton,Op-04,Evening,929.7669288495545,262.9792580505947,43.063923258392556,1.0457929546375024,2026-08-04,46.6800589582096,33.18994980917736
B-04810,M-02,Cotton,Op-11,Evening,851.9239353878496,208.22001034548362,22.984074972411396,8.531879887466495,2026-05-26,73.708718452185,21.010337791196847
B-04811,M-10,Cotton,Op-17,Evening,773.6985121878973,104.30652005971962,14.386104008343716,3.0584331672867595,2025-11-20,,39.52941345696398
B-04812,M-09,Polyester,Op-14,Evening,1902.5461600037,141.05086852618834,63.310279353398116,14.038133183382783,2026-03-16,62.73104676001572,22.264371550038536
B-04813,M-08,Silk,Op-05,Evening,977.7710563104179,176.63063119561406,39.82923288555162,7.1623934096896225,2025-08-17,51.135351126516724,33.28217780966058
B-04814,M-04,Denim,Op-17,Morning,993.766533801682,284.872792337138,26.834333080017675,14.13852839626427,2025-12-26,32.034521857557166,20.29817577766037
B-04815,M-08,Wool,Op-14,Evening,1385.9678764814878,155.5809494904123,23.126086740603554,4.631792515200841,2026-05-27,63.91669148545953,32.03408569311139
B-04816,M-07,Denim,Op-17,Night,1826.751444897738,235.99521403221397,52.483016534892265,6.0760674883661165,2025-07-25,64.18123449955749,22.25306173535632
B-04817,M-04,Polyester,Op-10,Evening,753.476614339339,108.28624922568733,27.8505419281659,5.736567784036197,2025-12-24,37.53677417403917,32.670359139076496
B-04818,M-08,Cotton,Op-01,Morning,723.038459339905,104.92260112068526,21.534494426766656,12.099347862892245,2025-08-22,30.102851036428113,26.878261783675775
B-04819,M-06,Cotton,Op-18,Evening,1727.9632828076492,267.71172854922816,34.32006009624468,11.149152168546376,2026-03-01,42.35988112699489,34.40373868638342
B-04820,M-04,Cotton,Op-03,Evening,821.9122875975524,209.42559084610647,33.999903798716794,10.503962213676877,2026-03-21,32.65258829558403,21.20045202249217
B-04821,M-05,Cotton,Op-02,Morning,6598.785609743817,220.88818326837878,119.79950616568162,7.003592135896403,2026-01-21,72.2658239799593,34.576340655506606
B-04822,M-09,Wool,Op-09,Morning,1128.0095589072735,157.36451519204232,47.65509564072898,5.749620228282453,2026-07-22,55.781552765601624,23.381879139032197
B-04823,M-08,Cotton,Op-20,Evening,718.2941925721511,196.19872788419048,20.82740860874101,11.443598733126112,2026-07-07,54.25103538447981,27.220441271772774
B-04824,M-04,Denim,Op-07,Night,1773.0060483112106,298.08633965679155,80.1657173953119,9.836006050052097,2026-07-04,69.67220213243505,20.289773723185775
B-04825,M-07,Cotton,Op-03,Morning,1931.0746398918773,215.03386835151412,85.14092422274595,11.553268068843078,2026-08-19,55.63723714800375,25.724074809111794
B-04826,M-10,Denim,Op-02,Morning,1395.2550679939127,215.8766167582814,25.735434758165116,10.22785085377689,2025-12-08,72.80015829144241,34.63812251541928
B-04827,M-09,Cotton,Op-13,Morning,1200.2353166109792,604.8095607979266,313.09802900780426,8.763849992678844,2026-08-26,76.91226767353993,36.267389726261115
B-04828,M-01,Cotton,Op-01,Morning,1465.1315979463818,186.51224816928215,55.83492177347165,12.182550719434179,2025-08-08,68.0228369770098,26.242609734770284
B-04829,M-10,Cotton,Op-11,Morning,1241.825285145776,164.65842016279942,30.276579272858765,6.78153229870496,2025-08-11,,37.90703734424524
B-04830,M-07,Wool,Op-07,Evening,931.098909979187,170.36144414202755,171.17046484536374,4.004658106921684,2025-08-21,57.231749369816434,22.948728726450646
B-04831,M-02,Cotton,Op-04,Evening,1397.0825413094685,125.00509978397872,56.92540427717076,14.698344075000568,2025-10-17,52.72877294468236,36.44342681517629
B-04832,M-09,Polyester,Op-05,Evening,1570.5395707185182,265.472974240922,65.07509754410476,2.406490521235882,2026-07-01,63.92485987359811,25.31654470547562
B-04833,M-07,Cotton,Op-14,Evening,1935.3031397718332,280.29790596853917,28.820245328437213,2.6093311146313254,2026-06-14,48.47762103364105,27.286455143951997
B-04834,M-05,Wool,Op-13,Evening,647.1890800202411,176.97802699383635,22.568302007797445,14.889001706951158,2026-03-13,,31.378853021325504
B-04835,M-09,Polyester,Op-11,Evening,1206.5283650280235,232.46611046080457,35.852741752529774,14.393269130426773,2025-10-06,59.43489768071959,21.300769194423864
B-04836,M-03,Silk,Op-05,Evening,1989.126909877927,177.48054411885266,89.48536574036632,9.314337321002611,2025-09-28,35.33183817144085,22.823609974731337
B-04837,M-06,Silk,Op-17,Evening,950.5169423774172,161.0902546709186,40.63513547519357,6.420981944032595,2025-12-16,78.32393364522613,21.68780992073753
B-04838,M-04,Wool,Op-05,Morning,1012.3368146989797,269.893605197095,15.969633416934458,14.884579093063595,2026-04-29,47.433370510587395,22.587127324247106
B-04839,M-05,Wool,Op-06,Morning,1638.111336423779,128.9843104676273,21.25394255638635,4.645901959484912,2025-12-09,40.21991718310399,27.113571280619652
B-04840,M-05,Wool,Op-14,Morning,1785.113723610887,272.0292623601987,71.35157500534272,6.781060578757657,2026-08-11,60.604378451173766,32.839031418086094
B-04841,M-10,Denim,Op-02,Night,1281.0351313160768,202.0672090883372,29.73899861743561,9.838252882594952,2026-06-08,65.15241978349388,26.933807540585036
B-04842,M-02,Cotton,Op-09,Night,904.5776061438637,209.76931106254972,39.32141621472778,6.0421796537808135,2025-12-18,57.01566338538159,28.119695316538433
B-04843,M-06,Wool,Op-09,Night,609.6953596181911,214.44211872093493,25.610408708794303,9.058732508220768,2026-03-25,49.18586552693499,28.420417891262865
B-04844,M-08,Cotton,Op-12,Morning,921.0105653905023,274.28075828523254,31.79135163968416,13.548806257885706,2026-04-19,62.5309652201098,35.457154274161965
B-04845,M-08,Polyester,Op-05,Morning,1287.8886706198873,293.33555085004593,44.5416610143886,4.957169499184499,2025-12-31,37.707547332155606,25.749707262850308
B-04846,M-08,Silk,Op-20,Evening,777.7751571517156,281.7628086452628,17.520734235094288,6.754341609315498,2026-01-20,72.49814391459218,24.984730890576333
B-04847,M-01,Polyester,Op-04,Evening,588.8350957587448,151.55353843711478,20.956496899053324,7.86439346548622,2026-04-30,77.30684588616211,27.778059477829963
B-04848,M-04,Wool,Op-18,Morning,1141.565176203182,109.35837015358825,45.80128264831198,8.049456762553838,2026-05-09,33.29568233519604,37.67399849195072
B-04849,M-07,Wool,Op-06,Morning,1067.9772068785492,228.04373323825794,45.78399696840412,2.5683941743866496,2025-07-27,65.12774934813254,36.45464817982939
B-04850,M-06,Silk,Op-20,Night,0.0,152.74923905536534,0.0,8.2995676306375,2026-06-12,78.38860809649242,38.41045955212171
B-04851,M-04,Polyester,Op-15,Night,0.0,284.2635528182915,0.0,4.652970520046471,2026-02-05,71.51478248014699,25.35791253818353
B-04852,M-05,Cotton,Op-04,Morning,798.2310362761312,201.4159598145427,16.02132489440463,12.806352519657377,2026-02-26,56.40260687177562,22.468800193861952
B-04853,M-10,Silk,Op-06,Night,1344.2928009220084,216.63749111411204,62.34443924347566,9.076682649628177,2026-07-21,33.8501746253108,35.07391785269508
B-04854,M-02,Denim,Op-07,Night,1265.77842159485,243.76585735437257,49.18330980413653,13.796216888511717,2026-01-10,62.13113774740079,33.486514488621026
B-04855,M-03,Cotton,Op-12,Morning,890.7536771810977,216.53557494336548,31.01183689223161,12.790451603622387,2026-08-08,44.80813651303753,37.9434099919372
B-04856,M-05,Polyester,Op-01,Morning,1134.7622771495844,224.6365922800586,52.2541397439942,6.626038679647069,2026-06-17,71.90178009240873,29.64637160135194
B-04857,M-03,Denim,Op-14,Night,1264.7121212717398,232.07367792747743,19.672456810849113,14.968421894095908,2026-05-23,37.348292050427055,34.734582974668115
B-04858,M-07,Denim,Op-14,Night,1758.2995486465943,219.29067623240232,27.2397553689448,14.134233848490428,2026-05-04,73.29783009724342,21.49744074937647
B-04859,M-10,Wool,Op-16,Morning,1401.7563929102378,203.66292798841496,16.760607634103195,3.359911828588224,2026-04-08,36.467961413582486,31.279815668832263
B-04860,M-04,Cotton,Op-13,Night,1810.6029544301587,261.4165839605241,57.927643032973236,11.99517960395525,2026-04-18,30.799857352037055,20.95281886825476
B-04861,M-09,Cotton,Op-14,Evening,1991.6385333412666,168.46324019427033,71.43423382997298,5.821247429674815,2026-03-27,36.71389834309917,33.486716074790024
B-04862,M-01,Silk,Op-18,Evening,651.9836245687386,193.48245741367023,27.807633539509286,10.33904872350764,2025-09-25,54.675806816096355,33.48727163729511
B-04863,M-09,Wool,Op-16,Morning,1528.7231496826514,223.22284716610477,25.881276058563497,12.950263597222905,2025-09-28,75.02942839348941,27.777728743516086
B-04864,M-03,Silk,Op-11,Evening,1726.7906060120758,142.75062145989665,57.96373233470445,14.0053093764872,2025-09-07,31.143897261095173,38.42542365238607
B-04865,M-10,Wool,Op-13,Morning,1662.113174769322,179.6985174128809,20.040593461504006,14.88402808672432,2026-07-02,41.37757137831452,25.286873252763495
B-04866,M-01,Silk,Op-15,Night,1910.7100445921574,191.20586071973523,69.92627465844366,10.447933806070889,2025-10-14,64.37203637314204,37.49004184565355
B-04867,M-04,Polyester,Op-19,Evening,6870.267472612683,242.0637048382087,149.8000239837745,11.51359118604377,2026-04-26,39.2963973124241,22.19334077953506
B-04868,M-06,Silk,Op-07,Night,1423.4748474347912,291.606903937922,26.766447774322213,5.631029482898088,2026-03-09,68.04370260386372,30.6271523918977
B-04869,M-08,Polyester,Op-04,Morning,1422.9581436931385,293.4352356579407,32.5126753729933,2.740316189517814,2026-02-25,55.36398822746145,21.032167083010563
B-04870,M-02,Cotton,Op-03,Evening,1430.9040163909867,268.2113872061509,31.63526536402849,11.224597904164995,2026-03-01,53.14283891077369,38.18445514208293
B-04871,M-10,Polyester,Op-04,Evening,1630.9751153377495,194.8018043495325,30.287067558944006,13.58090056541886,2026-07-14,69.871641082688,38.029393226141906
B-04872,M-08,Cotton,Op-08,Evening,1502.225648174312,247.692681616328,30.7313776317607,11.393799713956312,2025-09-11,55.200022523366876,20.22501044695905
B-04873,M-01,Silk,Op-09,Night,984.9513125065716,270.4073234563523,17.03798276322717,12.772401439459085,2025-07-29,35.23400520188916,38.99671763542515
B-04874,M-05,Polyester,Op-07,Morning,1121.5391769513817,143.03139322215108,41.80553549007387,13.044654563611005,2026-01-19,67.47010159296559,27.070576137756078
B-04875,M-09,Denim,Op-18,Evening,776.5503262573136,176.45941847520032,28.851818357161196,6.279506236733515,2026-06-10,41.89683408606989,37.52624099165765
B-04876,M-03,Cotton,Op-19,Evening,919.908965845699,148.42415212580747,234.64002218014042,1.2513485939893467,2025-08-09,47.32911268961773,30.535425666306363
B-04877,M-03,Wool,Op-11,Night,1117.6242935168993,163.26356740213356,28.266541832710836,14.146807223064638,2026-02-06,43.140043864406955,27.965152401933125
B-04878,M-04,Cotton,Op-03,Morning,861.7975185068724,143.49534796208334,32.09332284136947,5.23332026338765,2026-03-17,73.21180849655904,35.34165774458581
B-04879,M-03,Cotton,Op-17,Morning,5286.565232596662,201.5507969265207,108.82333020571065,4.739943836908445,2026-02-07,33.71579569179588,26.620811134409646
B-04880,M-04,Silk,Op-04,Night,894.5378493268508,173.4160747185523,18.30751329899895,6.506435355661873,2026-03-14,35.894303314400254,24.516427090695778
B-04881,M-01,Denim,Op-08,Night,601.4523143018693,165.21994011793947,13.87556237483025,2.011102018577101,2025-12-07,65.17289215548351,27.720955331146207
B-04882,M-05,Polyester,Op-01,Morning,689.7832572554104,145.30073108897915,7.318939501997723,4.257872925147731,2026-01-02,79.26021074366514,36.70698759016987
B-04883,M-08,Silk,Op-04,Night,1425.2548861527196,151.18201928438475,39.5502974299261,2.46127700347418,2026-03-30,65.27998815598774,22.632110989366986
B-04884,M-02,Denim,Op-08,Morning,1448.2477472598864,210.89895123099774,35.08208660915267,14.6868073762384,2025-08-05,69.28713065612612,35.483867522549794
B-04885,M-01,Silk,Op-15,Night,512.5932381262126,246.88218593413765,8.031477130660312,14.996249180139413,2026-02-28,50.29395538718078,39.71036997914235
B-04886,M-06,Cotton,Op-15,Night,944.7685274550761,134.14538634849413,218.92607321540964,7.652463620975421,2026-02-13,69.84907007536103,26.813233830759078
B-04887,M-06,Polyester,Op-14,Morning,1198.136620612816,257.4071684390552,25.439438058440206,2.420208958584984,2026-08-03,68.68762356053374,24.859040003456535
B-04888,M-05,Denim,Op-09,Morning,91.36168364020713,280.38688500924104,44.1817820387402,9.097697296792107,2025-09-29,62.44746743972435,35.53189179210548
B-04889,M-10,Denim,Op-17,Evening,763.4835402367437,700.3105271247929,241.25954004120888,4.445835564055154,2025-12-07,41.43568025678229,25.651263974383323
B-04890,M-09,Polyester,Op-01,Night,1472.6628394751428,168.74494476563208,30.95260264476583,11.776267636036621,2025-12-21,36.480437047708236,31.422734189227203
B-04891,M-10,Polyester,Op-16,Morning,1291.414851046417,164.72743504804782,21.984205085479644,12.067164711278133,2025-11-11,74.56359194190472,34.85162446743263
B-04892,M-09,Denim,Op-20,Morning,912.3003475825435,283.87161310368316,263.527852179356,7.121081787214818,2026-07-09,77.05902046746334,27.849033777245335
B-04893,M-07,Cotton,Op-04,Night,1490.7903349799244,101.76540969230057,26.082140200856703,6.6046855476631166,2026-08-11,75.56175648477979,37.702205782162295
B-04894,M-03,Silk,Op-20,Morning,1098.773743953654,267.10198557589433,50.872433533526774,9.09028994550076,2026-03-10,72.36496167231003,36.53134768897126
B-04895,M-07,Denim,Op-11,Night,675.8308822918725,129.04302829070315,8.497229346503435,2.159326405566735,2026-07-17,76.76344205477159,29.503247687557863
B-04896,M-05,Wool,Op-08,Morning,982.2948537710619,170.28252822599336,10.68200674553719,12.333837528674602,2026-04-27,66.77384460854614,33.78774099125138
B-04897,M-06,Silk,Op-20,Morning,1866.0436946395682,143.11105338314832,19.375303068608098,9.80685966569749,2025-12-19,33.090952150570956,21.63052183744109
B-04898,M-07,Silk,Op-04,Evening,1348.891466817996,225.87593392338096,18.95507432916781,1.7064722452652026,2026-05-10,44.524244238201945,37.029088283560334
B-04899,M-07,Polyester,Op-18,Morning,824.8207468299968,184.8782416944854,19.96930002962396,12.791837436863624,2025-08-15,42.74245272376021,39.942740307266845
B-04900,M-07,Cotton,Op-16,Evening,1079.6729877254347,124.42124084615887,20.4342247316067,10.522770611991431,2025-10-28,42.17325913922408,32.577351905900926
B-04901,M-07,Silk,Op-10,Night,1081.8084008397018,271.3344183908835,38.020833531999884,11.34468276063698,2026-04-20,37.729544997186174,32.154163347482026
B-04902,M-09,Polyester,Op-04,Morning,635.8527102527916,193.16113086718715,10.383717903680138,4.649357539346511,2026-03-12,53.35650713817415,35.5414198264575
B-04903,M-06,Cotton,Op-07,Morning,684.9563083820657,153.8632990211546,17.836394945850472,14.331856304852165,2026-03-06,67.39121055924832,20.38911725629093
B-04904,M-06,Denim,Op-20,Night,886.0969686205779,227.62891367443478,29.696881214238527,7.430094349478704,2026-01-20,78.22492624319705,24.379569019684766
B-04905,M-04,Silk,Op-03,Morning,1550.3150224853339,265.11289786907633,42.50815534172297,6.697594425992099,2026-03-07,64.34609538287407,26.064029427685654
B-04906,M-05,Cotton,Op-01,Evening,1843.440696805099,289.98152186619086,20.34178421445991,11.063442856981705,2026-02-20,48.71759453880925,36.40115579949328
B-04907,M-08,Denim,Op-13,Evening,654.1188658091316,232.27474727507223,17.77541383134372,5.077480053780804,2026-01-24,77.5693109200239,28.721212241846096
B-04908,M-04,Wool,Op-08,Morning,1517.119265286397,253.51371246123793,34.61163628365751,7.657822333751911,2026-02-16,40.70004508558621,35.466172854512436
B-04909,M-09,Silk,Op-07,Night,762.6661539407864,226.32803798500265,37.70302734456161,2.2663513378649056,2025-12-30,78.56763375430275,32.64794528824274
B-04910,M-01,Polyester,Op-09,Morning,1008.3401352179541,294.2410322380796,28.833299446133342,3.03787146820073,2025-10-13,32.03473861735142,20.65968120909205
B-04911,M-08,Polyester,Op-05,Morning,624.5062962178922,202.43357683352036,165.483555357315,5.585007049124607,2026-05-11,46.78144962370578,32.712179930903396
B-04912,M-09,Silk,Op-16,Night,1373.0463796679521,282.9889257695022,67.19150507287935,6.107769152745328,2025-12-10,79.13574960335627,31.516552934280462
B-04913,M-09,Denim,Op-20,Night,540.590981070673,245.5952644824776,22.746820660850155,12.432701340098308,2026-02-26,32.658664333824376,31.579393280324915
B-04914,M-10,Silk,Op-14,Morning,1341.558087834609,112.76271808109333,15.72489514508421,10.70826137257636,2025-09-30,33.02984573366543,36.34937790032877
B-04915,M-10,Silk,Op-04,Morning,706.0960715155562,155.0215181046537,11.091573699439135,9.8671070916512,2025-11-25,78.8179549815653,22.35645705239869
B-04916,M-08,Wool,Op-13,Evening,1053.3055950514704,267.24382755106404,21.509477610927004,7.5412333385113985,2025-12-04,46.08053001279109,31.224076644177224
B-04917,M-01,Polyester,Op-06,Evening,1101.7398608712815,166.52102984640837,30.367633727358367,12.257974313805043,2026-03-11,76.21278632190004,35.19144384313824
B-04918,M-05,Polyester,Op-02,Night,1256.5024662449957,125.01473878588713,22.647760528786314,11.45610595588353,2026-01-13,59.823783969752206,38.04879992274873
B-04919,M-10,Silk,Op-20,Evening,1639.5891828989181,236.93433234383795,76.63020025155288,4.721837473336531,2025-12-27,63.36893197704126,38.48746761153299
B-04920,M-01,Wool,Op-09,Night,1579.439861774212,109.61462250681203,27.624426034126955,13.211700722482261,2025-09-13,62.888930350227,26.208685063654688
B-04921,M-07,Wool,Op-15,Evening,674.3057944959756,110.0473798515522,17.45833404576963,11.55744547131059,2026-07-23,41.792149947163765,20.4850587208651
B-04922,M-04,Silk,Op-10,Night,1223.9106208885082,133.84604618002538,16.265462612432206,1.6166767062756968,2026-03-16,39.45627415490344,33.58205523673149
B-04923,M-04,Wool,Op-07,Night,1332.5555458354906,129.28239758163335,22.55768698597773,3.7396484301258712,2026-03-25,49.65389416333493,22.016506721074627
B-04924,M-02,Polyester,Op-02,Morning,1023.4286171770312,165.93380109967336,43.64850064358179,11.489800799460246,2025-12-04,33.73911525632122,37.209014713326866
B-04925,M-05,Cotton,Op-15,Morning,1648.9874595379076,161.8744724926265,19.455171801417826,12.520344997571025,2026-05-09,39.14010401446404,22.488184117100566
B-04926,M-04,Silk,Op-05,Evening,1908.9655445083638,161.60217954105474,88.11243210761414,13.846650322490683,2026-07-26,43.630678075966486,38.151319186726994
B-04927,M-07,Polyester,Op-03,Evening,1885.5140675160694,199.23068785683876,50.44688405263632,13.123248015184487,2025-12-30,77.538294808366,26.492338837943592
B-04928,M-10,Polyester,Op-04,Morning,1578.8602810036161,160.0719643446602,23.513238884075893,11.553330324777225,2026-07-05,33.6946072606767,30.469967685770847
B-04929,M-02,Denim,Op-11,Morning,939.9852146550147,151.7250784972944,39.25229159358326,12.745049029877325,2025-08-18,39.67586277030988,36.16895840318238
B-04930,M-05,Wool,Op-13,Morning,1248.3245833358449,146.76865111922592,39.015174207575264,4.176548759387118,2025-10-13,53.24623235579239,20.176180147870326
B-04931,M-08,Cotton,Op-09,Evening,1929.169288650583,130.9413763725193,84.91278105458544,9.026838700658448,2025-12-23,78.08893443222284,37.210442789832
B-04932,M-07,Polyester,Op-07,Evening,1732.7748955942836,161.8047212112371,41.903421331773416,13.468635637735371,2025-12-09,77.06701756165856,29.915848465980787
B-04933,M-02,Wool,Op-19,Night,1121.3435234087842,166.8412883662531,31.962106171507205,3.973858188343561,2026-05-20,60.92242351264447,31.25193772490646
B-04934,M-01,Denim,Op-01,Morning,643.7680800272476,259.37859294119994,16.70306140218038,3.4490698785110485,2026-06-23,35.728102169802405,32.46142790965895
B-04935,M-03,Denim,Op-17,Evening,589.7127130284942,171.11367099221164,14.454708324864125,11.80492493198948,2026-05-19,,32.304984104341955
B-04936,M-07,Silk,Op-14,Evening,787.7071874518822,226.35912416095465,24.30952094993974,13.425774213248975,2025-11-12,62.31363590079569,36.25807709300449
B-04937,M-05,Wool,Op-17,Evening,81.07836172408538,279.24535475567046,46.539770404427294,11.824505695621172,2025-09-05,75.49269766990729,28.622792042321198
B-04938,M-07,Wool,Op-13,Night,559.0647956567531,231.57047638270723,20.389919025602588,12.871651104290581,2025-12-29,,23.484040672863994
B-04939,M-09,Silk,Op-10,Evening,1737.4320713249472,157.58987392652742,20.097877045988593,6.673448590689489,2025-12-23,58.47588592496097,30.38335377769124
B-04940,M-07,Silk,Op-07,Morning,648.0081471281202,120.09331586087227,21.325802605695387,4.6717506769884505,2025-12-12,42.293205640122466,34.84444767573599
B-04941,M-03,Polyester,Op-14,Evening,1645.9641269678616,113.97921148217402,63.05946373889973,7.792999324602409,2026-03-24,46.18877896326347,36.998786215114926
B-04942,M-06,Silk,Op-15,Morning,1803.8877062401943,109.285424481212,54.63330726482598,11.091528853932406,2026-07-08,57.0004176079789,36.500000580311315
B-04943,M-05,Denim,Op-15,Evening,1310.3136168528636,110.35347618841303,16.585276916397344,10.359320110503534,2026-08-26,43.656993780252506,20.39387844357641
B-04944,M-01,Cotton,Op-05,Evening,1935.9284134490385,169.2154579159694,87.63756198749839,13.153058800696225,2026-03-19,77.9838617034628,38.86534377674646
B-04945,M-10,Polyester,Op-20,Night,1842.2658686919513,157.8016088681903,25.69936706681707,3.120578463645016,2026-02-09,61.96312810439618,29.762111837376477
B-04946,M-10,Polyester,Op-08,Night,1516.3119740336163,212.57200149695467,41.89580436694477,13.082943611346147,2026-05-19,60.459189784419934,31.478923594435074
B-04947,M-07,Wool,Op-19,Night,1194.1806048333056,290.8762453958232,32.625522634349196,2.9382441316033505,2026-06-12,52.31094092910936,33.116544678536854
B-04948,M-02,Denim,Op-12,Morning,924.8234405611366,157.47147415257098,27.937974681037986,4.27118464760802,2025-08-12,47.19516002915448,37.43349551167134
B-04949,M-10,Polyester,Op-16,Night,860.3580921167277,176.9053434053065,42.34308117363604,2.4816257690999524,2025-12-19,75.2017869869369,28.16395664182864
B-04950,M-09,Silk,Op-20,Evening,1021.3081598937789,267.27120944542423,34.97647201502943,4.589394386080345,2026-08-12,33.80764466888011,20.634667233476016
B-04951,M-06,Cotton,Op-18,Evening,967.3605075103841,188.70397609516567,42.38339871491362,12.461058498411134,2026-01-02,42.40540428474011,26.173049534698265
B-04952,M-01,Denim,Op-13,Evening,1239.143410015256,265.5330334104975,57.810791131232854,6.242664048528429,2026-01-06,49.918499041355425,23.342767235565127
B-04953,M-04,Wool,Op-16,Morning,1845.1755410189141,296.84340291295473,51.98219595544887,6.634259780375961,2025-11-28,70.9307470879321,28.299074633442373
B-04954,M-09,Wool,Op-19,Morning,1744.999090392237,135.47335417727993,72.46485869507572,4.084353082464532,2026-05-08,,26.294564807916302
B-04955,M-03,Denim,Op-04,Morning,1058.977324052124,171.63364165615232,36.9885393706779,14.983428833573385,2025-08-29,49.19030715497397,24.95541072631174
B-04956,M-02,Wool,Op-18,Evening,1702.8199279325013,113.92156674463186,34.53261352241835,9.66449123593865,2025-07-24,31.786772794011238,30.526647019590357
B-04957,M-05,Cotton,Op-13,Morning,959.9625465097786,193.41919279647652,34.94152331144838,13.979504450438219,2026-02-22,65.53336532939383,38.736911925689924
B-04958,M-03,Denim,Op-17,Evening,510.6616206317895,153.1170394695355,25.158198954945664,13.680816088085235,2026-08-10,,32.8689104193549
B-04959,M-06,Wool,Op-01,Morning,733.9460288274435,159.3495666213039,20.35865632830671,6.073147233238508,2025-11-04,46.32789090836553,25.03983060299761
B-04960,M-03,Silk,Op-11,Night,1463.4471850540567,162.2513845773392,47.20977042573629,2.1157989263995796,2026-08-19,65.42662634465816,29.18033111562537
B-04961,M-04,Silk,Op-20,Evening,1183.1009857458725,278.071500690982,25.677463584020757,8.82242996032932,2026-02-17,76.16384199258749,30.211506831120005
B-04962,M-10,Wool,Op-13,Morning,1033.1638807642948,204.42585871695712,37.55934630133734,8.41985212927012,2025-08-26,64.36688507744745,24.489897443732616
B-04963,M-03,Polyester,Op-14,Evening,1667.8820125711284,235.31839789339801,23.790042876375246,7.745593537446272,2026-02-15,79.5840325558417,28.096263182584323
B-04964,M-03,Denim,Op-01,Morning,1732.2563231110144,142.44024377608363,28.3950489046242,10.98599802063419,2026-01-04,38.948814135756294,20.337547817158786
B-04965,M-10,Denim,Op-14,Night,1065.4830448637329,121.32364942595966,45.49562426654521,3.7675071792995487,2025-11-12,68.23131388421965,35.397672159542616
B-04966,M-09,Denim,Op-20,Night,1761.7328548213889,184.0871789227511,68.25209087519823,13.145695249709398,2026-08-22,56.29684375070215,29.411942338720163
B-04967,M-08,Silk,Op-01,Morning,820.7276170398608,257.89947536549437,13.621016926842806,7.012521571926845,2026-08-15,36.36477070018802,22.38623827033935
B-04968,M-06,Wool,Op-08,Night,1835.8591013656735,298.1875644518095,78.8550301121565,5.997633188817969,2025-09-23,44.60719261026488,24.375419451886746
B-04969,M-04,Polyester,Op-05,Morning,813.8112236283141,284.81802598605395,30.621433187410062,10.342905305597958,2026-03-25,74.85638958345973,31.080197087882926
B-04970,M-10,Wool,Op-12,Night,1429.1871509865614,266.2390912647594,66.99320032504191,12.702051356602334,2026-07-15,59.48964999225626,32.650152986595444
B-04971,M-06,Denim,Op-19,Evening,1894.7997259474541,232.84995677903632,25.36864863880556,1.1085598944242896,2025-10-31,35.22056073769705,37.15885063548832
B-04972,M-02,Cotton,Op-14,Morning,820.2787712825996,146.10933604433035,15.01475554693739,9.403286776918668,2026-01-29,58.831639894188214,25.788350468408005
B-04973,M-09,Cotton,Op-03,Evening,1646.7980447862137,287.0912311211952,69.45808483816162,1.7392795188301418,2026-05-22,36.65902313524314,32.84327977411415
B-04974,M-05,Silk,Op-05,Night,1686.7830031645994,243.93663061653785,58.387181980726226,13.423991362973288,2026-01-14,40.86744397854064,22.145818929838942
B-04975,M-09,Wool,Op-08,Morning,1733.4138372851485,216.40871569611465,21.51217124462665,14.481964824424686,2025-07-24,69.77822306958947,34.01583601818522
B-04976,M-07,Cotton,Op-18,Morning,661.6133580975231,256.96752651823886,30.190882969206932,3.7753309580784107,2025-08-12,31.44175880394953,38.215213714939296
B-04977,M-09,Wool,Op-14,Evening,827.7257408472378,256.0412516145909,33.54537340824241,1.6717152569631712,2026-04-15,44.25290019116315,32.473338165132496
B-04978,M-04,Wool,Op-14,Evening,515.5987831822844,165.2417226547488,13.522536130886257,4.000837840891436,2026-03-23,79.93902028743618,33.4196446477047
B-04979,M-06,Silk,Op-17,Evening,613.4789029710275,219.73405150139274,132.46227939280513,9.983820593104898,2026-03-24,70.82029637515676,25.77153705838727
B-04980,M-01,Silk,Op-13,Morning,943.9156319892404,169.68986680029155,31.228869099920203,8.274204741539734,2025-11-01,76.83507822535637,34.70317595838801
B-04981,M-03,Polyester,Op-11,Morning,744.2155819697928,129.87066217817434,14.1673160065706,8.030756793389896,2026-01-26,66.43543523008246,35.020243455102204
B-04982,M-01,Silk,Op-20,Morning,650.1492692708799,176.8921978507579,14.918004435877252,13.85441560541704,2025-12-09,57.26836263346911,26.401995336635487
B-04983,M-04,Denim,Op-19,Night,698.1305678332774,194.6447472212316,11.650819444230764,12.079077499207738,2026-04-22,78.42793457636706,30.031899999159506
B-04984,M-10,Cotton,Op-07,Evening,1524.4255997042967,251.35826854905906,44.05840318458228,2.003796491923431,2026-06-10,72.50695648156145,36.58644779991715
B-04985,M-01,Wool,Op-04,Morning,1340.6337779238024,242.68161274218383,22.12531342130771,10.47447375088003,2026-06-18,30.826798909660454,22.448706076969714
B-04986,M-03,Silk,Op-08,Morning,1633.5138336081482,188.01671257847602,65.26804018324815,8.637036769415552,2026-07-17,68.63437184477421,26.819645381281816
B-04987,M-03,Polyester,Op-16,Evening,1163.4489119443394,175.43603755484133,12.574366932189598,5.662521696766362,2026-05-21,78.24724077461914,35.43946821417958
B-04988,M-10,Wool,Op-08,Morning,1936.1232297773026,255.08792594533466,67.70092664036635,3.0884460023595777,2026-04-15,33.81690627056586,26.16388187318907
B-04989,M-07,Polyester,Op-07,Night,1424.820033724201,155.1700250298441,43.71179549058527,7.239449701203849,2026-05-27,40.59450778568677,21.01157370333475
B-04990,M-09,Denim,Op-14,Night,1020.4867013780571,208.576486459586,13.342994784985157,14.251102514586323,2026-08-10,37.168515584766055,20.039240366219108
B-04991,M-09,Wool,Op-12,Night,1194.0624441524435,241.3864059604647,26.745765116845753,9.130690446440646,2025-08-07,54.74473036868735,27.079262621848248
B-04992,M-06,Silk,Op-08,Night,1064.4292626574702,222.32699080181425,22.104209608994204,3.3485553821175067,2025-11-22,68.56810415273128,31.505064801862204
B-04993,M-08,Denim,Op-20,Night,1251.7294442169255,292.5557375370333,44.483446366548165,1.2868814080327164,2026-04-09,39.97613204506146,28.967604798065558
B-04994,M-02,Silk,Op-04,Evening,818.3423994282277,286.28078967523925,35.31815005892055,9.99600817394499,2026-04-11,73.87159744782153,26.58635860500637
B-04995,M-01,Cotton,Op-14,Evening,1067.3288253491694,150.55035449224098,30.248748096827857,13.763174748293103,2026-01-27,34.610923783942724,38.85777592112808
B-04996,M-06,Silk,Op-08,Night,1988.9382102287925,207.91893074700576,78.55935762097369,11.604834409152243,2025-09-11,30.3535508169002,29.933336399203302
B-04997,M-06,Wool,Op-20,Morning,1674.2405299376735,131.6097165203196,46.41299512273141,6.865593305358901,2026-06-02,50.95359790596694,22.072816169981117
B-04998,M-02,Denim,Op-06,Morning,1710.639438044008,160.0361475237974,57.581612965372464,7.056043306514364,2026-02-13,78.04793425310713,20.634161517831245
B-04999,M-02,Silk,Op-13,Morning,1615.1541376664438,252.1764868062357,50.660060195752976,11.02313234837662,2025-11-20,66.32257217342182,21.180253313460998
B-05000,M-04,Polyester,Op-03,Night,1674.453607485884,118.81300980746592,44.353356948107596,1.16869891341615,2026-02-24,70.7280915799829,34.24588775132978
